"Date","P","Temp","E","Q"
"1/1/1984",4.1,0.5,0.2,2.64
"1/2/1984",15.9,0.2,0.2,3.44
"1/3/1984",0.8,0.9,0.3,12.2
"1/4/1984",0,0.5,0.3,7.6
"1/5/1984",0,-1.6,0.1,6.25
"1/6/1984",0,0.9,0.3,5.65
"1/7/1984",0,3.5,0.4,5.3
"1/8/1984",0,4.4,0.4,4.7
"1/9/1984",2.9,7,0.5,3.94
"1/10/1984",0,6.4,0.5,5.3
"1/11/1984",2.9,5.8,0.5,5
"1/12/1984",5.8,5.8,0.5,6.25
"1/13/1984",7.4,5.4,0.5,6.6
"1/14/1984",0,3.2,0.4,6.95
"1/15/1984",1.2,4.8,0.5,4.19
"1/16/1984",0,6.3,0.5,4.44
"1/17/1984",0,5.2,0.5,6.95
"1/18/1984",0.1,2.6,0.4,6.95
"1/19/1984",0,2.4,0.4,5.65
"1/20/1984",11.7,4.3,0.5,5.3
"1/21/1984",0,-0.2,0.2,6.6
"1/22/1984",0,-2.4,0.1,3.94
"1/23/1984",0,-3.4,0.1,3.94
"1/24/1984",3,-2.2,0.2,4.7
"1/25/1984",1.1,-1.2,0.2,4.7
"1/26/1984",13.9,-0.2,0.3,5
"1/27/1984",4.3,1.9,0.4,13.1
"1/28/1984",2,0.8,0.3,15.3
"1/29/1984",1.1,-2.1,0.2,8.3
"1/30/1984",0.6,-5.4,0,8.3
"1/31/1984",0,-5.1,0,7.6
"2/1/1984",5.6,2.6,0.4,8.3
"2/2/1984",1.8,5.3,0.6,11.8
"2/3/1984",6.1,7.4,0.7,11.4
"2/4/1984",1.8,4.4,0.5,13.1
"2/5/1984",0,5.2,0.6,9.45
"2/6/1984",0,10.5,0.9,10.6
"2/7/1984",3.5,12.5,1.1,10.6
"2/8/1984",10,4.7,0.6,12.2
"2/9/1984",0,3.1,0.5,15.7
"2/10/1984",2,2.9,0.5,10.2
"2/11/1984",9.1,5.2,0.7,11.4
"2/12/1984",3.7,3.6,0.6,10.6
"2/13/1984",23.5,3,0.5,9.05
"2/14/1984",1.6,2.3,0.5,14.8
"2/15/1984",0,1.6,0.5,15.7
"2/16/1984",2.9,5.4,0.7,12.6
"2/17/1984",3.9,5.8,0.8,14
"2/18/1984",1.3,4.1,0.7,16.6
"2/19/1984",0.6,3.3,0.6,14.4
"2/20/1984",0.1,1.9,0.5,11.4
"2/21/1984",1.6,4,0.7,11.8
"2/22/1984",1.8,4.1,0.7,11.4
"2/23/1984",0.6,3.4,0.7,11
"2/24/1984",0,6,0.9,10.2
"2/25/1984",0.7,4.3,0.7,8.3
"2/26/1984",3.1,3.9,0.7,5.95
"2/27/1984",0.3,3.6,0.7,4.44
"2/28/1984",0,1.9,0.6,7.95
"2/29/1984",0,2.6,0.7,7.6
"3/1/1984",0,2.6,0.6,6.25
"3/2/1984",1.2,1.8,0.6,5.95
"3/3/1984",4,5.1,0.9,4.7
"3/4/1984",2.9,3.4,0.7,4.44
"3/5/1984",5.3,2.3,0.6,4.44
"3/6/1984",4.1,3.1,0.7,7.6
"3/7/1984",1.7,4.3,0.8,6.95
"3/8/1984",1.1,4,0.8,6.25
"3/9/1984",0,4,0.8,5.65
"3/10/1984",3.6,3.9,0.8,5
"3/11/1984",3.5,1.7,0.6,3.94
"3/12/1984",0.2,2.7,0.7,3.69
"3/13/1984",0,5.7,1.1,5.65
"3/14/1984",0,8.2,1.3,3.94
"3/15/1984",0,8.5,1.4,3.94
"3/16/1984",0,10.3,1.5,4.19
"3/17/1984",0,9.2,1.4,4.19
"3/18/1984",0,9.2,1.5,3.04
"3/19/1984",0,10.1,1.6,1.96
"3/20/1984",0,9.4,1.5,2.28
"3/21/1984",2.1,7.8,1.4,2.64
"3/22/1984",0,7.5,1.3,2.64
"3/23/1984",0,7.7,1.4,2.64
"3/24/1984",0,8.3,1.5,2.28
"3/25/1984",0.2,10.5,1.7,1.64
"3/26/1984",8.6,6.8,1.3,1.64
"3/27/1984",2.2,5.9,1.2,3.69
"3/28/1984",4.1,6.7,1.3,3.24
"3/29/1984",0,4.5,1.1,3.04
"3/30/1984",2.5,8,1.5,2.64
"3/31/1984",0.1,8.3,1.6,3.04
"4/1/1984",5.3,8.2,1.6,1.64
"4/2/1984",0.2,10.9,1.9,1.96
"4/3/1984",0,12.5,2.2,2.28
"4/4/1984",1.9,12.5,2.2,2.28
"4/5/1984",2,7,1.5,3.24
"4/6/1984",3.8,8.8,1.7,3.24
"4/7/1984",6.6,11.7,2.1,6.25
"4/8/1984",0.1,7.7,1.6,3.44
"4/9/1984",0,6.2,1.4,3.24
"4/10/1984",2.2,6.1,1.4,4.19
"4/11/1984",16.8,5,1.3,6.25
"4/12/1984",6.6,3.1,1.1,9.45
"4/13/1984",0,5.1,1.3,9.05
"4/14/1984",4.1,5.4,1.4,7.6
"4/15/1984",3.4,4.6,1.3,7.25
"4/16/1984",3.1,2.5,1,5
"4/17/1984",3.2,3.2,1.1,9.45
"4/18/1984",0.3,4.6,1.3,11.4
"4/19/1984",4.3,2.6,1.1,10.2
"4/20/1984",0.1,3.1,1.1,9.45
"4/21/1984",2.9,6.1,1.6,8.7
"4/22/1984",2.1,5.2,1.4,7.6
"4/23/1984",1.7,6.2,1.6,5.3
"4/24/1984",0.1,7.2,1.8,6.95
"4/25/1984",0,2,1,7.6
"4/26/1984",0,3.4,1.2,6.6
"4/27/1984",0.9,3.5,1.2,5.3
"4/28/1984",0,3.6,1.3,5.95
"4/29/1984",0,8.2,2,5
"4/30/1984",0,11.6,2.5,3.44
"5/1/1984",0,12,2.6,3.04
"5/2/1984",0,13,2.8,4.7
"5/3/1984",1.8,10.9,2.4,4.19
"5/4/1984",6.8,10,2.3,4.7
"5/5/1984",0.4,8.5,2.1,5.3
"5/6/1984",0,9.5,2.2,4.44
"5/7/1984",0.3,10.2,2.4,3.24
"5/8/1984",0.5,13.2,2.9,3.44
"5/9/1984",3.2,10.9,2.5,3.24
"5/10/1984",0.3,9.6,2.3,3.44
"5/11/1984",7.7,9.3,2.3,3.04
"5/12/1984",1.4,7.3,2,3.69
"5/13/1984",24.5,5.4,1.7,3.94
"5/14/1984",3.5,5.3,1.7,9.45
"5/15/1984",7.4,5.9,1.8,11.4
"5/16/1984",6.6,5.1,1.7,10.2
"5/17/1984",2.1,6,1.8,14
"5/18/1984",0,7.2,2,12.6
"5/19/1984",0.3,8.9,2.3,12.2
"5/20/1984",4.1,8.7,2.3,11
"5/21/1984",0,11,2.6,7.25
"5/22/1984",1.5,14.2,3.2,6.95
"5/23/1984",4.1,10.3,2.5,7.95
"5/24/1984",0,13.3,3,7.6
"5/25/1984",0,16.2,3.6,7.25
"5/26/1984",0,16.2,3.6,5.3
"5/27/1984",0.9,10.8,2.7,4.7
"5/28/1984",0,11,2.7,3.44
"5/29/1984",0,14.6,3.3,4.44
"5/30/1984",0,11.9,2.9,4.19
"5/31/1984",0,10.8,2.7,4.19
"6/1/1984",2.7,10.6,2.7,3.94
"6/2/1984",1.1,11.4,2.8,3.94
"6/3/1984",0,15.4,3.5,3.69
"6/4/1984",0.2,18.2,4,2.64
"6/5/1984",17.3,15.8,3.6,3.04
"6/6/1984",0.1,9.9,2.6,3.69
"6/7/1984",5.9,9.5,2.5,3.94
"6/8/1984",0,9.3,2.5,3.94
"6/9/1984",2.7,10.4,2.7,3.24
"6/10/1984",0.2,10.7,2.7,2.64
"6/11/1984",2.3,9.6,2.6,2.44
"6/12/1984",0.2,10.8,2.7,2.44
"6/13/1984",0.1,12.6,3.1,2.28
"6/14/1984",8.4,12.8,3.1,2.44
"6/15/1984",9,12.9,3.1,2.84
"6/16/1984",1.3,12.7,3.1,4.19
"6/17/1984",0,11.7,2.9,3.44
"6/18/1984",0,16.4,3.7,2.44
"6/19/1984",0.2,15.2,3.5,2.28
"6/20/1984",0,14.6,3.4,1.96
"6/21/1984",0,15.4,3.6,2.12
"6/22/1984",0,15.5,3.6,1.8
"6/23/1984",0,12.3,3,1.64
"6/24/1984",0,11.8,2.9,1.52
"6/25/1984",0,17.1,3.9,1.64
"6/26/1984",0.5,19.9,4.4,1.52
"6/27/1984",8.2,15.4,3.6,1.52
"6/28/1984",0,14.1,3.3,1.52
"6/29/1984",19,12.7,3.1,1.52
"6/30/1984",0,11.1,2.8,3.69
"7/1/1984",6.6,12.8,3.1,2.28
"7/2/1984",0.7,11.5,2.9,1.96
"7/3/1984",0.4,15.2,3.5,1.96
"7/4/1984",3.4,17.2,3.8,1.8
"7/5/1984",10.2,16.5,3.7,1.96
"7/6/1984",0,16.5,3.7,3.44
"7/7/1984",0,18.3,4,1.8
"7/8/1984",0,21.6,4.6,1.52
"7/9/1984",19.9,20.6,4.4,1.41
"7/10/1984",0,11.6,2.8,2.84
"7/11/1984",0,11.9,2.9,2.64
"7/12/1984",0,13.4,3.1,1.8
"7/13/1984",0,14.7,3.3,1.52
"7/14/1984",0,15.4,3.5,1.41
"7/15/1984",0,16.6,3.6,1.3
"7/16/1984",0.4,18,3.9,1.19
"7/17/1984",2.2,20.5,4.3,1.19
"7/18/1984",2.8,20,4.2,1.19
"7/19/1984",17.7,18.2,3.9,1.41
"7/20/1984",7,16.9,3.7,4.19
"7/21/1984",9.7,17.3,3.7,3.24
"7/22/1984",0.2,19.2,4,2.64
"7/23/1984",1.5,19.9,4.1,1.96
"7/24/1984",7.6,19.2,4,2.28
"7/25/1984",0.2,18.3,3.8,2.44
"7/26/1984",0.1,17.5,3.7,2.12
"7/27/1984",0,13.4,3,2.28
"7/28/1984",0,12,2.8,1.96
"7/29/1984",0,12.3,2.8,1.52
"7/30/1984",0.2,14.7,3.2,1.52
"7/31/1984",0,16.1,3.4,1.41
"8/1/1984",2.3,14.8,3.2,1.3
"8/2/1984",5.6,12.6,2.8,1.41
"8/3/1984",3.9,12.5,2.8,1.8
"8/4/1984",0,15.2,3.2,1.96
"8/5/1984",0,17.6,3.5,1.64
"8/6/1984",0,20.5,4,1.41
"8/7/1984",0.1,20.6,4,1.08
"8/8/1984",17.9,21.1,4,1
"8/9/1984",1.3,19.7,3.8,2.44
"8/10/1984",2.4,20,3.8,1.8
"8/11/1984",0.4,19.1,3.6,1.3
"8/12/1984",0.3,21.2,3.9,1.08
"8/13/1984",10.1,17.4,3.4,1.08
"8/14/1984",1.8,15.9,3.1,1.8
"8/15/1984",17.8,14.5,2.9,1.52
"8/16/1984",6,13,2.6,4.44
"8/17/1984",5.3,13.5,2.7,2.64
"8/18/1984",0.7,12.9,2.6,3.94
"8/19/1984",1.6,9.9,2.1,2.28
"8/20/1984",0,9.6,2.1,1.96
"8/21/1984",0.1,12.6,2.5,2.12
"8/22/1984",0,12.9,2.5,2.44
"8/23/1984",0,11.1,2.3,2.28
"8/24/1984",0,12.7,2.4,1.96
"8/25/1984",0,14.5,2.7,1.64
"8/26/1984",6.8,16.7,3,1.96
"8/27/1984",2.2,16.8,3,1.64
"8/28/1984",6.8,15.2,2.7,2.12
"8/29/1984",5.9,13.8,2.5,2.28
"8/30/1984",2.3,13.8,2.5,2.84
"8/31/1984",0.5,13.8,2.5,2.28
"9/1/1984",0.4,13.6,2.4,2.28
"9/2/1984",0,12,2.2,1.41
"9/3/1984",0,9.9,1.9,1.41
"9/4/1984",0,12.7,2.3,1.64
"9/5/1984",3.7,14.6,2.5,1.8
"9/6/1984",1.9,15.8,2.6,2.64
"9/7/1984",5.1,15.2,2.5,2.28
"9/8/1984",0.2,15,2.5,1.8
"9/9/1984",4.8,16.7,2.7,1.8
"9/10/1984",5.2,10.8,1.9,1.96
"9/11/1984",0,6.6,1.4,2.28
"9/12/1984",0,7.4,1.5,1.96
"9/13/1984",12.2,8.4,1.6,1.64
"9/14/1984",13.1,7.2,1.4,2.12
"9/15/1984",0,9,1.6,6.95
"9/16/1984",0.1,7.7,1.4,3.24
"9/17/1984",1.3,8.8,1.6,2.64
"9/18/1984",4.6,7.8,1.4,2.84
"9/19/1984",1,7.8,1.4,2.64
"9/20/1984",0,8.8,1.5,2.84
"9/21/1984",0,9.9,1.6,2.84
"9/22/1984",0,12.1,1.8,2.44
"9/23/1984",0,12.3,1.8,1.41
"9/24/1984",0,8.5,1.4,1.64
"9/25/1984",0,5.7,1.1,1.64
"9/26/1984",0,5,1,1.8
"9/27/1984",0,5.8,1.1,1.64
"9/28/1984",0,6,1.1,1.52
"9/29/1984",0,7.2,1.2,1.41
"9/30/1984",0,10,1.5,1.41
"10/1/1984",0,11.8,1.6,1.3
"10/2/1984",0,11.4,1.6,1.19
"10/3/1984",0,9.7,1.4,1.19
"10/4/1984",0,7.7,1.2,1.08
"10/5/1984",0,9.7,1.3,1.19
"10/6/1984",0,13,1.6,1.08
"10/7/1984",0,12.2,1.5,1
"10/8/1984",0,10.7,1.4,1.08
"10/9/1984",0,9.9,1.3,1.19
"10/10/1984",33.8,11.4,1.4,1.19
"10/11/1984",12.9,6.2,1,5
"10/12/1984",0.5,8.4,1.1,5.95
"10/13/1984",0.3,11.9,1.4,3.04
"10/14/1984",0,8.8,1.1,2.28
"10/15/1984",0,6.7,0.9,1.96
"10/16/1984",0,5.4,0.8,1.8
"10/17/1984",0,8.4,1.1,1.52
"10/18/1984",0,5.8,0.8,1.64
"10/19/1984",0,3.4,0.6,1.52
"10/20/1984",0,3.8,0.7,1.64
"10/21/1984",0,0.8,0.4,1.52
"10/22/1984",2.6,3.2,0.6,1.64
"10/23/1984",0,7.6,0.9,1.96
"10/24/1984",0,6.8,0.8,2.12
"10/25/1984",0,7.8,0.9,1.96
"10/26/1984",2.7,12.3,1.2,2.44
"10/27/1984",26.2,12.4,1.2,2.44
"10/28/1984",2.2,6.5,0.8,3.69
"10/29/1984",0,4.2,0.6,2.64
"10/30/1984",0,5.9,0.7,2.84
"10/31/1984",0,10.1,1,2.84
"11/1/1984",0,10,1,1.96
"11/2/1984",0,9,0.9,2.64
"11/3/1984",0,10.2,1,2.64
"11/4/1984",0,10.2,0.9,1.96
"11/5/1984",0,7.9,0.8,1.96
"11/6/1984",0,6.8,0.7,1.96
"11/7/1984",0,6.5,0.7,1.8
"11/8/1984",0,7.1,0.7,1.64
"11/9/1984",0,7.8,0.7,1.52
"11/10/1984",10.3,9.8,0.8,1.8
"11/11/1984",3.3,4.6,0.5,2.12
"11/12/1984",4.3,4.9,0.5,2.28
"11/13/1984",5.8,10.6,0.9,2.84
"11/14/1984",7,11.5,0.9,3.44
"11/15/1984",0.1,1.5,0.3,3.94
"11/16/1984",3.5,6.7,0.6,4.7
"11/17/1984",13,12.8,0.9,3.24
"11/18/1984",0,0.7,0.3,3.44
"11/19/1984",10.6,3.4,0.4,3.94
"11/20/1984",2.3,8.3,0.7,10.2
"11/21/1984",12.9,7,0.6,10.6
"11/22/1984",9.5,10.4,0.7,16.2
"11/23/1984",1.3,4.4,0.5,17.9
"11/24/1984",3.5,1.3,0.3,15.7
"11/25/1984",1.1,0.4,0.3,14
"11/26/1984",0,-1.3,0.2,12.2
"11/27/1984",0,-3.2,0.1,10.6
"11/28/1984",0,0.7,0.3,9.05
"11/29/1984",1,4.4,0.4,8.7
"11/30/1984",4.8,6.2,0.5,9.05
"12/1/1984",0,4.5,0.4,8.7
"12/2/1984",0.5,6.8,0.5,8.3
"12/3/1984",10.1,6.1,0.5,8.3
"12/4/1984",2.2,4,0.4,10.2
"12/5/1984",0,6.2,0.5,8.7
"12/6/1984",0.3,6.5,0.5,8.3
"12/7/1984",5.7,7.4,0.5,7.95
"12/8/1984",27.9,2.9,0.3,11.4
"12/9/1984",0,-0.1,0.2,17.5
"12/10/1984",0,-0.3,0.2,12.6
"12/11/1984",0,0.9,0.2,12.2
"12/12/1984",0,2,0.3,14
"12/13/1984",0,2.1,0.3,11.8
"12/14/1984",0,0.6,0.2,10.6
"12/15/1984",0,4.7,0.4,10.2
"12/16/1984",0,4.4,0.4,9.05
"12/17/1984",0,0.5,0.2,7.95
"12/18/1984",0,-0.3,0.2,6.95
"12/19/1984",0,-5.3,0,6.25
"12/20/1984",0,-3.6,0,6.95
"12/21/1984",0,-3.4,0.1,5.3
"12/22/1984",0,-2.9,0.1,4.44
"12/23/1984",0,-2.2,0.1,4.7
"12/24/1984",0,-0.7,0.2,4.44
"12/25/1984",0,1.7,0.3,6.6
"12/26/1984",0,8.4,0.6,6.6
"12/27/1984",4,9.4,0.6,6.6
"12/28/1984",5.9,4.9,0.4,6.6
"12/29/1984",0.1,2.6,0.3,6.6
"12/30/1984",0.3,-1,0.2,6.6
"12/31/1984",0,-2.1,0.1,6.6
"1/1/1985",0,-3.4,0.1,2.47
"1/2/1985",0,-3,0.1,2.47
"1/3/1985",0,-3.6,0.1,2.47
"1/4/1985",0,-2.1,0.1,2.47
"1/5/1985",0,-2.4,0.1,2.47
"1/6/1985",0,-2.3,0.1,2.47
"1/7/1985",0,-3.2,0.1,2.47
"1/8/1985",0,-3.8,0,2.47
"1/9/1985",0,-4.3,0,2.47
"1/10/1985",0,-4.9,0,2.47
"1/11/1985",0,-3.8,0.1,2.47
"1/12/1985",0,-3.2,0.1,2.47
"1/13/1985",5.8,2.6,0.3,2.47
"1/14/1985",5.4,5.2,0.5,2.82
"1/15/1985",2.4,5.2,0.5,4.05
"1/16/1985",0.3,1.9,0.3,3.63
"1/17/1985",11.5,2.9,0.4,3.42
"1/18/1985",1.8,1.5,0.3,4.83
"1/19/1985",0.1,-0.6,0.2,4.05
"1/20/1985",4,2.7,0.4,4.05
"1/21/1985",1.3,3.6,0.4,3.63
"1/22/1985",0,-0.7,0.2,4.31
"1/23/1985",2.3,-0.6,0.2,4.57
"1/24/1985",0,1.2,0.3,4.31
"1/25/1985",0,-1.7,0.2,4.31
"1/26/1985",5.6,-0.9,0.2,4.05
"1/27/1985",40.1,3.4,0.5,11.9
"1/28/1985",0,1.6,0.3,29
"1/29/1985",1,1.4,0.3,22.5
"1/30/1985",5.8,3.9,0.5,20.1
"1/31/1985",3.9,2.2,0.4,20.1
"2/1/1985",0.1,-0.1,0.3,17.3
"2/2/1985",0,-1.2,0.2,15.9
"2/3/1985",0,-1.8,0.2,10.3
"2/4/1985",0,-0.3,0.3,8.7
"2/5/1985",0,0.6,0.3,9.1
"2/6/1985",0,-0.6,0.3,8.7
"2/7/1985",0,1.6,0.4,6.6
"2/8/1985",0,1.9,0.4,6.3
"2/9/1985",8,5.2,0.7,6.3
"2/10/1985",6.4,0.9,0.4,8
"2/11/1985",1.1,0.4,0.3,5.65
"2/12/1985",10.1,2.7,0.5,6.6
"2/13/1985",0.2,2,0.5,10.3
"2/14/1985",0,1,0.4,8.35
"2/15/1985",2.6,0.6,0.4,8
"2/16/1985",0.8,-2.7,0.2,8
"2/17/1985",0,-1.9,0.2,5.65
"2/18/1985",8.6,-2,0.2,4.57
"2/19/1985",5.2,-0.4,0.3,7.6
"2/20/1985",0.2,0.3,0.4,6.6
"2/21/1985",7.2,1.9,0.5,5.95
"2/22/1985",3,3.6,0.7,11.9
"2/23/1985",12.3,2.3,0.6,14.1
"2/24/1985",13.5,-0.1,0.4,17.3
"2/25/1985",3.9,-1.5,0.3,15.9
"2/26/1985",0.1,-1.9,0.3,16.8
"2/27/1985",0,-2.3,0.2,15
"2/28/1985",0,-3.6,0.1,10.7
"3/1/1985",0,-1.2,0.3,9.5
"3/2/1985",2.1,0.3,0.4,9.1
"3/3/1985",0,0.6,0.5,6.9
"3/4/1985",0,3.7,0.8,7.25
"3/5/1985",0,5.9,1,7.6
"3/6/1985",0.9,4.7,0.9,7.6
"3/7/1985",0.1,1.3,0.6,8.35
"3/8/1985",0,1.8,0.6,7.6
"3/9/1985",0,2.1,0.7,7.25
"3/10/1985",0,-0.5,0.4,6.3
"3/11/1985",0,-2.1,0.3,4.05
"3/12/1985",0.6,-1.8,0.3,6.6
"3/13/1985",3.5,-1.8,0.3,6.3
"3/14/1985",0.1,-0.2,0.5,5.65
"3/15/1985",0,-0.8,0.4,5.35
"3/16/1985",0,0.1,0.5,4.31
"3/17/1985",0,-0.7,0.5,4.05
"3/18/1985",0,1.9,0.7,3
"3/19/1985",0,3.2,0.9,4.31
"3/20/1985",0,1.7,0.7,4.31
"3/21/1985",0,5.1,1.1,4.05
"3/22/1985",0,7.7,1.4,3.63
"3/23/1985",0,8.6,1.5,3.63
"3/24/1985",2.7,10.1,1.7,3.63
"3/25/1985",6.2,4.8,1.1,3.42
"3/26/1985",0.2,4.5,1.1,5.65
"3/27/1985",0,6,1.3,5.35
"3/28/1985",3.4,8.7,1.6,4.83
"3/29/1985",0.7,6.1,1.3,5.95
"3/30/1985",0.6,3.5,1,6.3
"3/31/1985",0,6.1,1.3,4.57
"4/1/1985",0,6.5,1.4,4.05
"4/2/1985",5.6,6.1,1.3,5.35
"4/3/1985",0.1,2.1,0.9,6.6
"4/4/1985",0,1.1,0.8,5.1
"4/5/1985",0,5.8,1.3,5.1
"4/6/1985",0,8.9,1.7,3.84
"4/7/1985",0,5,1.3,3.5
"4/8/1985",0,2.6,1,3.2
"4/9/1985",7.1,1.4,0.8,3.1
"4/10/1985",0.1,0.2,0.7,3.4
"4/11/1985",7.6,1.4,0.8,3.6
"4/12/1985",2.5,2.6,1,3.7
"4/13/1985",0.1,2.4,1,3.5
"4/14/1985",0,2.1,1,3
"4/15/1985",1.3,4.4,1.3,2.47
"4/16/1985",0,6.2,1.5,3.21
"4/17/1985",0,6,1.5,4.57
"4/18/1985",0.5,6.1,1.6,4.83
"4/19/1985",3.8,3.5,1.2,4.3
"4/20/1985",3.6,1.2,0.9,4.2
"4/21/1985",1.1,3,1.1,4.7
"4/22/1985",7.2,3.1,1.2,4.1
"4/23/1985",2.9,5,1.4,4.8
"4/24/1985",10.4,5.4,1.5,6.5
"4/25/1985",0,5.4,1.5,7.7
"4/26/1985",0,7.6,1.8,7
"4/27/1985",0.4,10.7,2.3,6
"4/28/1985",4.2,9.9,2.2,5.8
"4/29/1985",3.5,11.4,2.4,6.6
"4/30/1985",0,14,2.9,6.9
"5/1/1985",0.5,15.5,3.1,5.95
"5/2/1985",13.8,15.2,3.1,5.65
"5/3/1985",0.7,16.7,3.3,11.1
"5/4/1985",0,16.7,3.3,9.5
"5/5/1985",1.6,13.9,2.9,6.9
"5/6/1985",2.4,10.4,2.4,5.95
"5/7/1985",7,8.3,2.1,5.65
"5/8/1985",3,6.6,1.8,6.3
"5/9/1985",0,7.5,2,6.3
"5/10/1985",1.5,9.9,2.4,5.35
"5/11/1985",0,8.8,2.2,5.1
"5/12/1985",0,7.8,2.1,3
"5/13/1985",0,11,2.6,2.3
"5/14/1985",0,15.7,3.3,3.63
"5/15/1985",0.3,15.1,3.3,3.42
"5/16/1985",0.2,14.5,3.2,3.42
"5/17/1985",0,13.5,3,3.42
"5/18/1985",0.2,14.1,3.2,3.42
"5/19/1985",5.8,11.7,2.7,2.82
"5/20/1985",12,13.9,3.1,2.13
"5/21/1985",6,12.3,2.8,4.83
"5/22/1985",3.2,13.6,3.1,4.57
"5/23/1985",1.5,13,3,3.21
"5/24/1985",0,12.3,2.9,2.47
"5/25/1985",0,13.2,3,2
"5/26/1985",0,16.1,3.5,2
"5/27/1985",5,18.3,3.9,1.61
"5/28/1985",8.3,13.8,3.1,3.21
"5/29/1985",0,12.3,2.9,3.21
"5/30/1985",0.3,15,3.4,2.65
"5/31/1985",15.4,18.1,3.9,2
"6/1/1985",2.3,14.3,3.3,3.84
"6/2/1985",0,12.3,3,2.3
"6/3/1985",0,13.5,3.2,1.87
"6/4/1985",0.1,14.3,3.3,1.87
"6/5/1985",3.6,14,3.3,1.87
"6/6/1985",9.4,15.4,3.5,2
"6/7/1985",0.1,16,3.6,3
"6/8/1985",0,12.1,3,2
"6/9/1985",0,13.5,3.2,1.87
"6/10/1985",0,15.4,3.5,1.61
"6/11/1985",0,16.9,3.8,1.48
"6/12/1985",10.2,17.2,3.8,1.37
"6/13/1985",14.6,15.8,3.6,2.13
"6/14/1985",0,14.3,3.4,3.63
"6/15/1985",0,14.7,3.4,1.87
"6/16/1985",0,19.7,4.3,1.61
"6/17/1985",0,19.3,4.2,1.48
"6/18/1985",0,16.9,3.8,1.48
"6/19/1985",2.1,18.5,4.1,1.48
"6/20/1985",9.1,12.5,3.1,1.37
"6/21/1985",6.1,10.7,2.8,1.74
"6/22/1985",11.4,10.7,2.7,1.87
"6/23/1985",4.4,12.8,3.1,4.83
"6/24/1985",0,15.2,3.6,2.13
"6/25/1985",0,16.7,3.8,2.13
"6/26/1985",0,20.1,4.4,1.87
"6/27/1985",0,20.8,4.5,1.87
"6/28/1985",0,20.7,4.5,1.48
"6/29/1985",0,17.3,3.9,1.48
"6/30/1985",0,18.1,4,1.26
"7/1/1985",0,21.3,4.5,1.15
"7/2/1985",0,21.2,4.5,1.04
"7/3/1985",0,21.6,4.6,0.93
"7/4/1985",0.1,23.5,5,0.93
"7/5/1985",10,18.9,4.1,0.93
"7/6/1985",3.7,17.1,3.8,2.3
"7/7/1985",0.1,17.1,3.8,1.74
"7/8/1985",9.8,16.8,3.7,1.74
"7/9/1985",0,18.3,4,2.47
"7/10/1985",0.1,19,4.1,1.48
"7/11/1985",0,19.6,4.2,1.26
"7/12/1985",0,17.7,3.9,1.15
"7/13/1985",4.9,18.4,4,1.04
"7/14/1985",9.5,16.8,3.7,1.26
"7/15/1985",1.6,15.9,3.6,1.61
"7/16/1985",9.6,13.2,3.1,1.87
"7/17/1985",2.2,14.7,3.3,2
"7/18/1985",0.1,15.6,3.5,1.48
"7/19/1985",0,15.5,3.4,1.37
"7/20/1985",2.3,18.2,3.9,1.15
"7/21/1985",4.8,16,3.5,1.15
"7/22/1985",2.7,14.7,3.3,1.26
"7/23/1985",10.7,13.7,3.1,1.37
"7/24/1985",45,12.9,2.9,2.13
"7/25/1985",15.8,13.7,3.1,23.5
"7/26/1985",0,13.4,3,25.5
"7/27/1985",0,13.7,3,19.7
"7/28/1985",0,12,2.7,14.1
"7/29/1985",5.6,13,2.9,8
"7/30/1985",0.9,15.6,3.3,14.1
"7/31/1985",0.8,17.7,3.7,8.7
"8/1/1985",13.9,17.1,3.5,6.6
"8/2/1985",1.8,16.8,3.4,9.5
"8/3/1985",9.3,16.8,3.4,7.25
"8/4/1985",4.8,16,3.3,6.6
"8/5/1985",0,18.4,3.7,5.95
"8/6/1985",0.3,23.1,4.4,4.31
"8/7/1985",1.6,17.2,3.4,4.05
"8/8/1985",0,15.4,3.1,3.63
"8/9/1985",0,17.1,3.4,3.42
"8/10/1985",0,22.8,4.2,2.82
"8/11/1985",0.3,22.9,4.2,2.13
"8/12/1985",0,21.7,4,2
"8/13/1985",0.1,22.6,4.1,1.87
"8/14/1985",0.7,22.1,4,2
"8/15/1985",2.7,21.1,3.9,1.87
"8/16/1985",0.6,20.2,3.7,2.3
"8/17/1985",0,21.1,3.8,2
"8/18/1985",0,21.8,3.9,1.37
"8/19/1985",0,22.8,4,1.37
"8/20/1985",0,23,4,1.37
"8/21/1985",0,22.2,3.9,1.26
"8/22/1985",0,20.7,3.6,1.15
"8/23/1985",3.3,19.2,3.4,1.15
"8/24/1985",3.3,17.4,3.1,1.26
"8/25/1985",0.9,17,3,1.26
"8/26/1985",0.1,16.5,3,1.04
"8/27/1985",7.7,16.8,3,1.26
"8/28/1985",1.7,14.9,2.7,1.48
"8/29/1985",0,13.9,2.5,1.48
"8/30/1985",5.8,14.1,2.5,1.48
"8/31/1985",0,11.1,2.1,1.61
"9/1/1985",0,12.7,2.3,1.37
"9/2/1985",0,16.8,2.8,1.15
"9/3/1985",0,20.5,3.3,1.15
"9/4/1985",0,21.5,3.4,0.845
"9/5/1985",0,20.9,3.3,0.845
"9/6/1985",0,20.4,3.2,0.76
"9/7/1985",0,19.9,3.1,0.76
"9/8/1985",0,20,3.1,0.68
"9/9/1985",1.3,18,2.8,0.595
"9/10/1985",0,15.5,2.5,0.595
"9/11/1985",0,14.9,2.4,0.595
"9/12/1985",0,15.8,2.5,0.595
"9/13/1985",1.6,17.7,2.7,0.68
"9/14/1985",0,19.4,2.8,0.595
"9/15/1985",5.2,21,3,0.51
"9/16/1985",0.8,18.2,2.6,0.425
"9/17/1985",22.3,14.9,2.2,0.425
"9/18/1985",0,10.6,1.7,1.15
"9/19/1985",0.6,13.7,2.1,1.04
"9/20/1985",32.3,18.3,2.5,0.845
"9/21/1985",2.8,13.1,2,3.84
"9/22/1985",3.1,10.5,1.7,2.13
"9/23/1985",0.6,8.4,1.4,1.74
"9/24/1985",0,7.4,1.3,1.15
"9/25/1985",0,8.1,1.4,0.93
"9/26/1985",0,8.5,1.4,0.845
"9/27/1985",0.2,9.9,1.5,0.845
"9/28/1985",0.6,12.5,1.8,0.76
"9/29/1985",10.3,9.6,1.4,0.68
"9/30/1985",1.6,6.9,1.2,0.93
"10/1/1985",0.9,7.3,1.2,0.76
"10/2/1985",6.6,7.4,1.2,0.845
"10/3/1985",0.9,10.5,1.5,0.845
"10/4/1985",0,10.4,1.4,0.76
"10/5/1985",6.3,13.9,1.7,0.76
"10/6/1985",1.4,12.8,1.6,0.845
"10/7/1985",1,8.9,1.2,0.76
"10/8/1985",0.7,9.3,1.3,0.68
"10/9/1985",0,9.6,1.3,0.68
"10/10/1985",0,9.3,1.2,0.68
"10/11/1985",0,8.6,1.2,0.68
"10/12/1985",0.1,7.3,1,0.68
"10/13/1985",9.2,9.6,1.2,2
"10/14/1985",15.1,12.5,1.4,3
"10/15/1985",6.8,12,1.4,3.84
"10/16/1985",5.2,12.1,1.3,3
"10/17/1985",5.7,8.8,1.1,2.82
"10/18/1985",0,4.4,0.7,2.82
"10/19/1985",0,2.2,0.5,2.82
"10/20/1985",0,5.6,0.8,2.82
"10/21/1985",2.8,7.5,0.9,2.82
"10/22/1985",0,3,0.6,2.82
"10/23/1985",1.3,4.4,0.7,2.82
"10/24/1985",0,4.4,0.7,2.82
"10/25/1985",0,1.2,0.4,2.82
"10/26/1985",0,2.1,0.5,2.82
"10/27/1985",0,5.5,0.7,3
"10/28/1985",0,6.2,0.7,3.42
"10/29/1985",0,3.7,0.6,3.63
"10/30/1985",0,2.9,0.5,3.42
"10/31/1985",0,5,0.6,3.21
"11/1/1985",0,8.5,0.9,3.42
"11/2/1985",0,9,0.9,3.21
"11/3/1985",0,10.9,1,3.21
"11/4/1985",1.2,14.1,1.2,3.21
"11/5/1985",28.1,11.8,1,3.84
"11/6/1985",1.5,3.5,0.5,10.7
"11/7/1985",0,0.4,0.3,5.35
"11/8/1985",0,2.1,0.4,4.05
"11/9/1985",0,5.2,0.6,4.57
"11/10/1985",0.1,5.1,0.6,4.31
"11/11/1985",1.3,3.3,0.5,4.05
"11/12/1985",0.1,-0.3,0.3,4.83
"11/13/1985",6.4,5.2,0.6,4.31
"11/14/1985",5.8,9.4,0.8,5.35
"11/15/1985",1.2,9.2,0.7,6.9
"11/16/1985",1.5,8.8,0.7,5.95
"11/17/1985",0,4.9,0.5,5.65
"11/18/1985",0,1.6,0.4,4.31
"11/19/1985",0,5.6,0.5,5.1
"11/20/1985",0,1.2,0.3,5.35
"11/21/1985",0,0.9,0.3,5.1
"11/22/1985",0,3.7,0.4,5.1
"11/23/1985",0,3.8,0.4,4.83
"11/24/1985",0,4.3,0.5,4.31
"11/25/1985",3.7,3.6,0.4,4.31
"11/26/1985",0.5,0.4,0.3,5.35
"11/27/1985",2.5,-3.9,0.1,5.1
"11/28/1985",19.1,-3.2,0.1,4.57
"11/29/1985",4.7,1.2,0.3,11.1
"11/30/1985",2.2,-1.5,0.2,9.1
"12/1/1985",0,-3.4,0.1,7.25
"12/2/1985",0,-8.9,0,6.3
"12/3/1985",1.6,-8.8,0,6.9
"12/4/1985",7.1,-1.3,0.2,8
"12/5/1985",3.8,2.9,0.3,9.9
"12/6/1985",6.7,4.6,0.4,11.9
"12/7/1985",7.5,6.4,0.5,12.8
"12/8/1985",10.9,6.2,0.5,14.5
"12/9/1985",0,-1.4,0.2,21.1
"12/10/1985",0,-5.1,0,19.7
"12/11/1985",0,-2.1,0.1,18.2
"12/12/1985",1.2,-1.4,0.2,15.9
"12/13/1985",10.2,2.8,0.3,15.4
"12/14/1985",13,5.3,0.4,20.1
"12/15/1985",0.1,-2.2,0.1,26
"12/16/1985",1.5,-0.7,0.2,24.5
"12/17/1985",3.2,2.4,0.3,20.1
"12/18/1985",0,1.2,0.3,22.1
"12/19/1985",0.2,5.5,0.4,18.2
"12/20/1985",0.1,10.4,0.6,16.3
"12/21/1985",3.5,6.4,0.5,15.9
"12/22/1985",3.2,6.3,0.5,12.8
"12/23/1985",57,5.9,0.4,13.6
"12/24/1985",0.4,5,0.4,78
"12/25/1985",0.4,3.2,0.3,51.5
"12/26/1985",0.8,0.9,0.2,38.1
"12/27/1985",0,-0.8,0.2,32.5
"12/28/1985",0,-1.3,0.1,30
"12/29/1985",0,-1.7,0.1,22.5
"12/30/1985",0,-1.2,0.2,19.7
"12/31/1985",0,-3.1,0.1,18.7
"1/1/1986",0.4,-2.5,0.1,13.9
"1/2/1986",0,-1.4,0.2,14.9
"1/3/1986",0.4,2.6,0.3,12.9
"1/4/1986",0.1,5.8,0.5,11.4
"1/5/1986",2.6,8.7,0.6,11.4
"1/6/1986",0,5.1,0.5,9.3
"1/7/1986",0.5,7.1,0.5,9.3
"1/8/1986",7.1,5.6,0.5,10.1
"1/9/1986",10.3,6.1,0.5,13.4
"1/10/1986",2.1,4.1,0.4,11.9
"1/11/1986",0.8,9.3,0.6,12.9
"1/12/1986",0,9.6,0.7,9.3
"1/13/1986",0.3,8.5,0.6,9.3
"1/14/1986",0.1,7.8,0.6,9.75
"1/15/1986",0.3,9.4,0.7,9.3
"1/16/1986",0.4,9.9,0.7,9.3
"1/17/1986",0,3.4,0.4,8.5
"1/18/1986",2.3,3.7,0.4,8.5
"1/19/1986",0.7,4.3,0.5,7.4
"1/20/1986",0,2.7,0.4,6.35
"1/21/1986",0.1,1.6,0.3,5.35
"1/22/1986",0,2.2,0.4,4.79
"1/23/1986",0.1,2.1,0.4,4.79
"1/24/1986",2,2.7,0.4,4.23
"1/25/1986",0,1.3,0.3,4.51
"1/26/1986",4.6,5,0.5,3.05
"1/27/1986",0.8,3.1,0.4,3.27
"1/28/1986",7.5,6.1,0.6,3.72
"1/29/1986",3.6,3.2,0.5,5.7
"1/30/1986",2.4,4.4,0.5,8.5
"1/31/1986",2,6.5,0.6,6.65
"2/1/1986",7.5,6.4,0.6,6
"2/2/1986",7.3,3.4,0.5,10.5
"2/3/1986",5.5,2.4,0.4,10.5
"2/4/1986",6,1.1,0.4,11.9
"2/5/1986",20.4,6,0.7,13.9
"2/6/1986",8.2,4.6,0.6,20.6
"2/7/1986",1.8,1.2,0.4,26.4
"2/8/1986",0.2,2.1,0.4,23.8
"2/9/1986",0,8.4,0.8,21.7
"2/10/1986",0,8.4,0.9,20.1
"2/11/1986",0.9,9,0.9,16.5
"2/12/1986",0.9,5.8,0.7,14.9
"2/13/1986",3.7,2.6,0.5,12.9
"2/14/1986",0,0.2,0.4,12.4
"2/15/1986",6.4,2.8,0.5,12.9
"2/16/1986",4.3,3.6,0.6,10.1
"2/17/1986",0,3.5,0.6,9.3
"2/18/1986",0.8,1.8,0.5,8.5
"2/19/1986",4.5,0.3,0.4,8.5
"2/20/1986",0.1,1.3,0.5,8.5
"2/21/1986",0,1,0.4,7.75
"2/22/1986",8.6,1.2,0.5,7.75
"2/23/1986",0.4,2,0.5,9.3
"2/24/1986",0,1.8,0.5,8.15
"2/25/1986",0,-0.2,0.4,8.15
"2/26/1986",0,-1.2,0.3,8.5
"2/27/1986",3.8,-1.2,0.3,8.5
"2/28/1986",0.5,-2.4,0.2,8.15
"3/1/1986",3.3,-0.4,0.4,7.75
"3/2/1986",0,1.1,0.5,6.35
"3/3/1986",4.4,-0.7,0.4,4.79
"3/4/1986",3.1,-1,0.4,5.35
"3/5/1986",0,-1.1,0.3,5.7
"3/6/1986",0,-0.9,0.4,5.7
"3/7/1986",0,0.4,0.5,5.7
"3/8/1986",0,-0.5,0.4,5.35
"3/9/1986",0,4.5,0.9,5.05
"3/10/1986",0,7.1,1.1,3.72
"3/11/1986",0.7,5.8,1,4.51
"3/12/1986",1.4,6.1,1.1,4.79
"3/13/1986",2.4,5.8,1.1,4.79
"3/14/1986",1.4,3.2,0.8,4.51
"3/15/1986",14.4,3.4,0.8,4.79
"3/16/1986",24.5,8.3,1.4,10.6
"3/17/1986",0.6,11,1.6,24.3
"3/18/1986",1.4,11.3,1.7,22.2
"3/19/1986",0.6,5.6,1.1,21.7
"3/20/1986",3.4,10,1.6,20.6
"3/21/1986",0,9.2,1.5,19.6
"3/22/1986",0,9.8,1.6,18
"3/23/1986",0,8.8,1.5,13.4
"3/24/1986",0,9,1.5,8.5
"3/25/1986",4.2,9.7,1.6,8.15
"3/26/1986",3.7,8.4,1.5,10.1
"3/27/1986",3.3,9.5,1.7,10.1
"3/28/1986",4.1,9.1,1.6,11.4
"3/29/1986",0,8.5,1.6,11.4
"3/30/1986",0.4,7.4,1.4,7.75
"3/31/1986",0,7.4,1.5,5.35
"4/1/1986",0,10,1.8,8.15
"4/2/1986",1.6,10.7,1.9,7
"4/3/1986",5.7,11.1,2,7
"4/4/1986",0,9.4,1.8,7
"4/5/1986",0.2,8.4,1.7,7.4
"4/6/1986",1,7.9,1.6,5.7
"4/7/1986",0,8.3,1.7,4.79
"4/8/1986",0,10.1,1.9,4.79
"4/9/1986",0,10.7,2,4.51
"4/10/1986",0,11,2.1,4.51
"4/11/1986",4.3,9.1,1.9,4.23
"4/12/1986",24.1,9,1.9,4.79
"4/13/1986",1.2,9.3,1.9,18.6
"4/14/1986",0,9.3,1.9,8.5
"4/15/1986",0,6.3,1.5,7
"4/16/1986",0.1,4.8,1.3,7.75
"4/17/1986",0,3.8,1.2,7.75
"4/18/1986",0,3.4,1.2,7.4
"4/19/1986",0,4.3,1.3,6.65
"4/20/1986",0,7.1,1.7,5.05
"4/21/1986",0,7.2,1.7,3.95
"4/22/1986",0,5.6,1.5,4.23
"4/23/1986",0,7.8,1.8,4.51
"4/24/1986",0.9,4.5,1.4,4.51
"4/25/1986",2.1,2.6,1.1,4.51
"4/26/1986",4.5,4.2,1.3,4.23
"4/27/1986",1.5,4.7,1.4,3.95
"4/28/1986",10.5,5.7,1.6,2.64
"4/29/1986",41.9,4,1.3,8.1
"4/30/1986",0.3,5.6,1.6,27.9
"5/1/1986",0.8,5.7,1.6,22.2
"5/2/1986",5,6.8,1.8,17
"5/3/1986",26.4,6,1.7,22.2
"5/4/1986",3.7,7.7,2,32.7
"5/5/1986",4,7.8,2,29.5
"5/6/1986",1.4,5.4,1.6,27.4
"5/7/1986",0.7,3,1.3,24.3
"5/8/1986",0.1,4,1.4,21.7
"5/9/1986",0,9.3,2.2,19.1
"5/10/1986",10.7,10,2.4,17.5
"5/11/1986",0.6,9.3,2.3,16
"5/12/1986",0.4,12.5,2.8,12.4
"5/13/1986",1.7,14.8,3.2,10.1
"5/14/1986",0,11.8,2.7,8.9
"5/15/1986",0,11.9,2.7,7
"5/16/1986",18,13.7,3.1,7.75
"5/17/1986",2,11.6,2.7,11.4
"5/18/1986",0,15.4,3.3,11.4
"5/19/1986",0,16.3,3.5,11
"5/20/1986",0,16.5,3.5,8.15
"5/21/1986",0,15.1,3.3,7
"5/22/1986",0.1,12.1,2.8,7
"5/23/1986",6.7,8.4,2.3,4.79
"5/24/1986",4.1,6.3,1.9,7
"5/25/1986",0,9.4,2.4,5.05
"5/26/1986",0,12.4,2.9,3.5
"5/27/1986",2.4,12.5,3,3.5
"5/28/1986",0,11.9,2.8,3.5
"5/29/1986",0,12.2,2.9,3.05
"5/30/1986",30.2,14.3,3.3,11.5
"5/31/1986",4.1,14.3,3.3,10.1
"6/1/1986",0,12,2.9,11.8
"6/2/1986",0,13.4,3.1,6.65
"6/3/1986",0,16.9,3.8,3.15
"6/4/1986",0.5,18,4,4.75
"6/5/1986",2.1,17.2,3.8,4.75
"6/6/1986",0,12.1,3,4.75
"6/7/1986",0,10.8,2.7,4.75
"6/8/1986",1.7,13,3.1,4.27
"6/9/1986",5.4,10.3,2.6,3.55
"6/10/1986",9.1,7.6,2.2,3.79
"6/11/1986",0,9.6,2.5,4.27
"6/12/1986",0,11.3,2.8,3.79
"6/13/1986",0,11.4,2.8,3.79
"6/14/1986",0.6,13,3.1,3.15
"6/15/1986",0,15.8,3.6,2.75
"6/16/1986",0.2,17.5,3.9,2.39
"6/17/1986",3.1,15.3,3.5,2.23
"6/18/1986",0,12.8,3.1,2.39
"6/19/1986",0,13.3,3.2,2.39
"6/20/1986",0,15.6,3.6,2.23
"6/21/1986",0,17.4,3.9,2.23
"6/22/1986",23,19.5,4.3,2.07
"6/23/1986",15.4,14.4,3.4,8.3
"6/24/1986",0,16.2,3.7,8.9
"6/25/1986",0.2,16.6,3.8,4.75
"6/26/1986",12.8,16.7,3.8,3.79
"6/27/1986",5.3,14.6,3.4,4.75
"6/28/1986",12.4,14.7,3.4,6.3
"6/29/1986",14.2,14.9,3.5,15.2
"6/30/1986",0,16.1,3.7,12.3
"7/1/1986",2,17.2,3.8,10.1
"7/2/1986",4.7,18.1,4,9.3
"7/3/1986",0.1,15.8,3.6,7
"7/4/1986",0,13.5,3.2,6
"7/5/1986",0,17.3,3.8,4.75
"7/6/1986",0,16.9,3.8,4.27
"7/7/1986",0,15.4,3.5,3.79
"7/8/1986",0,17,3.8,3.35
"7/9/1986",0,19.3,4.2,2.75
"7/10/1986",0,17.2,3.8,2.75
"7/11/1986",0,20.3,4.3,2.55
"7/12/1986",0.5,23.2,4.8,2.55
"7/13/1986",26.4,17.8,3.8,2.75
"7/14/1986",0.1,14.5,3.3,4.51
"7/15/1986",0.6,16.1,3.6,3.79
"7/16/1986",2.5,15.3,3.4,2.55
"7/17/1986",7.4,14.2,3.2,2.55
"7/18/1986",3.5,11.7,2.8,2.95
"7/19/1986",0.3,11.2,2.7,2.75
"7/20/1986",3.1,11.5,2.7,2.75
"7/21/1986",0.1,15.3,3.4,2.75
"7/22/1986",0,15.4,3.4,2.55
"7/23/1986",0,18.1,3.8,2.55
"7/24/1986",1.1,16.6,3.6,2.07
"7/25/1986",0,14.6,3.2,2.07
"7/26/1986",0,15.6,3.4,1.91
"7/27/1986",0,19.2,3.9,1.91
"7/28/1986",0,19,3.9,1.75
"7/29/1986",0,21.3,4.3,1.49
"7/30/1986",4.1,18.8,3.8,1.36
"7/31/1986",0.6,18.9,3.8,1.49
"8/1/1986",0,19.3,3.9,1.49
"8/2/1986",0,20.3,4,1.36
"8/3/1986",0.8,23.5,4.5,1.36
"8/4/1986",4,17.7,3.6,1.36
"8/5/1986",0,14.8,3.1,1.23
"8/6/1986",0,15.4,3.2,1.23
"8/7/1986",0.3,19.6,3.8,1.23
"8/8/1986",3.4,16.6,3.3,1.1
"8/9/1986",2.7,15.2,3.1,1.1
"8/10/1986",0.8,15.6,3.1,1.23
"8/11/1986",0,14,2.9,1.23
"8/12/1986",0,16.7,3.3,1.1
"8/13/1986",0.1,22.8,4.1,1.1
"8/14/1986",0,24,4.3,1.1
"8/15/1986",0,24.3,4.3,1.1
"8/16/1986",0,26.3,4.6,1
"8/17/1986",0.7,20,3.7,0.9
"8/18/1986",1.6,16.9,3.2,0.9
"8/19/1986",0,15.8,3,0.9
"8/20/1986",0.4,16.8,3.1,0.9
"8/21/1986",24.9,17.5,3.2,0.9
"8/22/1986",2.5,15.4,2.9,1.36
"8/23/1986",0,15.9,2.9,1.36
"8/24/1986",0,16.1,2.9,1.36
"8/25/1986",0,16.4,2.9,1.23
"8/26/1986",3.7,17,3,1.1
"8/27/1986",0,13.2,2.5,1.1
"8/28/1986",0,11.6,2.3,1.1
"8/29/1986",6.1,15.7,2.8,1.1
"8/30/1986",58.9,13.7,2.5,1.36
"8/31/1986",0,12.7,2.3,8.9
"9/1/1986",1.3,14,2.5,2.75
"9/2/1986",17.5,15.2,2.6,2.07
"9/3/1986",2,12.7,2.3,3.15
"9/4/1986",0,13.2,2.3,2.75
"9/5/1986",11.7,18.4,3,2.39
"9/6/1986",3.3,11.8,2.1,2.23
"9/7/1986",0,13.4,2.3,3.15
"9/8/1986",0,17.3,2.7,2.55
"9/9/1986",6.3,16.5,2.6,2.07
"9/10/1986",0,12,2.1,2.39
"9/11/1986",0,16.4,2.6,2.23
"9/12/1986",0,19.5,2.9,2.07
"9/13/1986",0,17.5,2.7,1.49
"9/14/1986",0.1,17.5,2.6,1.49
"9/15/1986",10.2,17.1,2.5,1.75
"9/16/1986",9.8,14,2.2,3.35
"9/17/1986",6,14.6,2.2,4.37
"9/18/1986",17.3,13,2,3.55
"9/19/1986",3.2,12.7,2,6
"9/20/1986",0,10.2,1.7,6
"9/21/1986",3.2,9.3,1.6,4.75
"9/22/1986",0.8,9.1,1.5,3.55
"9/23/1986",11,9.8,1.6,3.79
"9/24/1986",9.3,7.9,1.3,4.27
"9/25/1986",8.5,8.6,1.4,6
"9/26/1986",1.8,8,1.3,7.4
"9/27/1986",9.2,11.7,1.7,6
"9/28/1986",1.5,8.2,1.3,6.65
"9/29/1986",10.5,6.4,1.1,6
"9/30/1986",3.7,4.8,1,8.9
"10/1/1986",0.3,4.8,1,8.1
"10/2/1986",16.4,4.5,0.9,6.65
"10/3/1986",17.8,4.7,0.9,19.2
"10/4/1986",0,4.8,0.9,25.2
"10/5/1986",1.1,4.9,0.9,21.7
"10/6/1986",1,7.5,1.1,17.2
"10/7/1986",13,6.4,1,18.7
"10/8/1986",8.6,6.5,1,20.2
"10/9/1986",0.9,5.9,1,18.7
"10/10/1986",8.2,6.1,0.9,17.2
"10/11/1986",5.2,4.7,0.8,17.2
"10/12/1986",1.6,3.8,0.8,16.2
"10/13/1986",0,3.8,0.7,14.2
"10/14/1986",2.2,3.5,0.7,11.8
"10/15/1986",1.2,1.7,0.5,11.8
"10/16/1986",5.2,3.9,0.7,10.5
"10/17/1986",1.2,7.3,0.9,10.5
"10/18/1986",11.2,7.7,1,8.9
"10/19/1986",27.7,9.1,1.1,14.7
"10/20/1986",19.2,6.4,0.9,31.7
"10/21/1986",3.9,2.1,0.6,40.9
"10/22/1986",1.5,1.6,0.5,35.7
"10/23/1986",9.5,3,0.6,31.2
"10/24/1986",2.2,5.4,0.7,32.2
"10/25/1986",3.9,6,0.8,27.2
"10/26/1986",2.6,5.6,0.7,26.2
"10/27/1986",5.1,7,0.8,24.7
"10/28/1986",7.7,3.6,0.6,25.7
"10/29/1986",8,1.4,0.4,25.7
"10/30/1986",16.3,1,0.4,24.7
"10/31/1986",3.6,0.2,0.3,27.7
"11/1/1986",0,1.7,0.4,26.2
"11/2/1986",0.7,4.5,0.6,25.2
"11/3/1986",12.3,3.7,0.6,23.7
"11/4/1986",4.4,2.5,0.5,28.7
"11/5/1986",1.1,1.9,0.4,26.7
"11/6/1986",0,0.7,0.3,24.2
"11/7/1986",0,0.5,0.3,24.2
"11/8/1986",0.1,1.2,0.4,23.7
"11/9/1986",1.4,5.8,0.6,22
"11/10/1986",4,4.7,0.5,21
"11/11/1986",0.2,4.7,0.5,19.4
"11/12/1986",0.3,7,0.7,17.6
"11/13/1986",0,7.3,0.7,15.8
"11/14/1986",0,11.3,0.9,14
"11/15/1986",8.6,12.7,0.9,12.2
"11/16/1986",0.1,9.2,0.8,10.9
"11/17/1986",1.7,7.8,0.7,10
"11/18/1986",13.9,7.4,0.6,9.5
"11/19/1986",0,4.3,0.5,9.7
"11/20/1986",1.6,6.6,0.6,10.6
"11/21/1986",1.2,6,0.5,10.9
"11/22/1986",0.5,9.6,0.7,9.7
"11/23/1986",8.3,7.9,0.6,8.1
"11/24/1986",0.8,4,0.4,8.1
"11/25/1986",3.9,5.8,0.5,8.1
"11/26/1986",30.4,7.1,0.6,7.4
"11/27/1986",10.2,10,0.7,22.2
"11/28/1986",5.2,5,0.5,37.7
"11/29/1986",2.8,2.9,0.4,36.2
"11/30/1986",9.3,4.9,0.5,32.2
"12/1/1986",1.4,7.5,0.6,34.2
"12/2/1986",0.1,7.4,0.6,28.2
"12/3/1986",0,5.2,0.4,25.2
"12/4/1986",2.6,3,0.3,22.2
"12/5/1986",0.5,3.9,0.4,21.2
"12/6/1986",2.5,3.9,0.4,19.2
"12/7/1986",6,4.5,0.4,17.2
"12/8/1986",3.2,6.1,0.5,16.2
"12/9/1986",2.5,5.5,0.5,14.7
"12/10/1986",0.8,3.2,0.3,14.2
"12/11/1986",3.6,0.8,0.3,14.2
"12/12/1986",14.9,-0.4,0.2,13.7
"12/13/1986",1.1,2.5,0.3,20.2
"12/14/1986",0.2,0.2,0.2,20.7
"12/15/1986",5.1,3,0.3,20.7
"12/16/1986",3.2,3.9,0.4,21.2
"12/17/1986",1.7,7.9,0.5,20.2
"12/18/1986",1.1,3.6,0.4,18.2
"12/19/1986",1.3,3.7,0.4,16.7
"12/20/1986",0,3.2,0.3,14.2
"12/21/1986",0,2.4,0.3,11.4
"12/22/1986",0,4.1,0.4,8.1
"12/23/1986",0,5.7,0.4,10.5
"12/24/1986",3.1,8.4,0.6,9.7
"12/25/1986",0,6.7,0.5,6.65
"12/26/1986",0,10.7,0.7,9.7
"12/27/1986",7.3,7.8,0.5,8.1
"12/28/1986",2.7,9.8,0.6,8.1
"12/29/1986",2.7,8.9,0.6,7.4
"12/30/1986",0,1.4,0.3,7.4
"12/31/1986",0,-2.8,0.1,6.65
"1/1/1987",0,-2.2,0.1,5.15
"1/2/1987",0,-3.6,0.1,5.15
"1/3/1987",0,-2.5,0.1,6.05
"1/4/1987",0,-1.6,0.1,6.05
"1/5/1987",0,-2.6,0.1,4.25
"1/6/1987",0,-0.9,0.2,4.25
"1/7/1987",8.1,1.8,0.3,6.05
"1/8/1987",5.9,6.5,0.5,8.4
"1/9/1987",0,4.2,0.4,12.1
"1/10/1987",0,3.3,0.4,8.4
"1/11/1987",0,5.5,0.5,7
"1/12/1987",0,5.3,0.5,6.05
"1/13/1987",0,6.8,0.5,8.4
"1/14/1987",0,9.7,0.7,6.05
"1/15/1987",0,10.1,0.7,5.6
"1/16/1987",12.8,8.6,0.6,5.15
"1/17/1987",6.9,5.5,0.5,7.45
"1/18/1987",13.8,6.1,0.5,10.9
"1/19/1987",0.5,1.1,0.3,10.9
"1/20/1987",2,1.6,0.3,9.4
"1/21/1987",0,2.9,0.4,11.5
"1/22/1987",4,3,0.4,11.5
"1/23/1987",4.6,6,0.6,10.4
"1/24/1987",1.1,6.1,0.6,10.9
"1/25/1987",3.8,6.3,0.6,8.4
"1/26/1987",0.1,5.4,0.6,8.9
"1/27/1987",6.4,6.1,0.6,9.4
"1/28/1987",14.7,3.6,0.5,11.5
"1/29/1987",10,7.6,0.7,23.5
"1/30/1987",0.2,7.5,0.7,27.7
"1/31/1987",1.1,6,0.6,26.5
"2/1/1987",0,1.4,0.4,22.3
"2/2/1987",0,-0.6,0.3,17.5
"2/3/1987",0,1.6,0.4,16.3
"2/4/1987",7.4,-1.9,0.2,15.1
"2/5/1987",0.3,-1.8,0.2,13.9
"2/6/1987",0,2.1,0.4,13.3
"2/7/1987",0,6,0.7,12.1
"2/8/1987",0,3.9,0.6,9.95
"2/9/1987",0,5.4,0.7,6.05
"2/10/1987",0,6.7,0.8,6.05
"2/11/1987",11.6,8.3,0.9,6.5
"2/12/1987",9.5,4.5,0.6,12.1
"2/13/1987",2.1,4,0.6,13.9
"2/14/1987",0,2.8,0.5,10.9
"2/15/1987",0,0.4,0.4,7.45
"2/16/1987",0,-0.7,0.3,6.05
"2/17/1987",0,-0.7,0.3,6.5
"2/18/1987",0,3.4,0.6,6.05
"2/19/1987",1,4,0.7,7
"2/20/1987",0,1,0.4,6.5
"2/21/1987",0,0.7,0.4,5.6
"2/22/1987",0,3.1,0.6,4.25
"2/23/1987",0,1.8,0.5,2.97
"2/24/1987",0,-0.2,0.4,3.29
"2/25/1987",0,0,0.4,3.29
"2/26/1987",0,1.5,0.5,2.97
"2/27/1987",0,3.4,0.7,3.29
"2/28/1987",0,6.7,1,2.97
"3/1/1987",0,8.5,1.1,2.21
"3/2/1987",5.4,7.3,1.1,2.21
"3/3/1987",10.3,5.5,0.9,2.97
"3/4/1987",0.4,6,1,5.15
"3/5/1987",0.7,6,1,3.61
"3/6/1987",1.7,5.8,1,3.29
"3/7/1987",4.3,6.9,1.1,3.29
"3/8/1987",6.9,5,0.9,2.97
"3/9/1987",1.3,3.8,0.8,2.97
"3/10/1987",0.9,1.4,0.6,3.61
"3/11/1987",0,0.9,0.5,3.29
"3/12/1987",0.6,2.9,0.8,3.29
"3/13/1987",8.1,4,0.9,2.97
"3/14/1987",3.6,3.3,0.8,4.25
"3/15/1987",3.5,3.1,0.8,5.15
"3/16/1987",2.1,2.3,0.7,4.7
"3/17/1987",2.2,-0.2,0.5,4.25
"3/18/1987",8.8,-2.9,0.2,4.7
"3/19/1987",6.9,-2.7,0.2,7.45
"3/20/1987",4.3,-0.7,0.4,7.95
"3/21/1987",0.4,-0.7,0.5,6.5
"3/22/1987",12.8,1.1,0.7,7.95
"3/23/1987",7.1,1.2,0.7,16.3
"3/24/1987",2.8,2.1,0.8,21.1
"3/25/1987",0,3.2,0.9,19.9
"3/26/1987",0,3.6,1,21.1
"3/27/1987",4.9,5.3,1.2,20.5
"3/28/1987",0,1.7,0.8,24.7
"3/29/1987",0,-0.5,0.5,25.3
"3/30/1987",0,-0.2,0.6,19.3
"3/31/1987",0,1.3,0.8,13.3
"4/1/1987",0.9,0.2,0.6,14.5
"4/2/1987",6.3,1.1,0.7,13.3
"4/3/1987",7,1.7,0.8,15.7
"4/4/1987",0,0.7,0.7,12.1
"4/5/1987",0.6,0.6,0.7,9.4
"4/6/1987",0.7,1.3,0.8,7.95
"4/7/1987",1.4,1.7,0.9,7.95
"4/8/1987",4.9,4.1,1.2,8.4
"4/9/1987",9.2,-0.3,0.6,13.3
"4/10/1987",3,-1.4,0.5,12.7
"4/11/1987",3.6,1.7,0.9,10.4
"4/12/1987",0,5.9,1.4,15.1
"4/13/1987",0,8.5,1.8,12.7
"4/14/1987",11.1,11.4,2.2,15.1
"4/15/1987",3.4,10.9,2.2,20.5
"4/16/1987",0.2,7.2,1.7,26.5
"4/17/1987",0,9.8,2,27.7
"4/18/1987",0.1,13.2,2.5,25.3
"4/19/1987",0,12.8,2.5,23.5
"4/20/1987",2,9.6,2,22.3
"4/21/1987",0,9.8,2.1,20.5
"4/22/1987",0.1,13,2.6,16.3
"4/23/1987",0,12.5,2.5,13.3
"4/24/1987",0,13.1,2.6,10.9
"4/25/1987",0,11.8,2.4,9.95
"4/26/1987",0,10.6,2.3,5.6
"4/27/1987",0,10.8,2.3,4.7
"4/28/1987",0,13.5,2.8,5.15
"4/29/1987",1.3,15.1,3,4.7
"4/30/1987",0.3,8.4,2,4.7
"5/1/1987",0,8,2,3.93
"5/2/1987",0,9.9,2.3,3.29
"5/3/1987",4.6,6.6,1.8,2.97
"5/4/1987",2.9,4.5,1.5,2.43
"5/5/1987",1.8,3.8,1.4,2.43
"5/6/1987",11.6,5.3,1.6,3.29
"5/7/1987",1,8.9,2.2,6.5
"5/8/1987",3.7,8.1,2.1,3.61
"5/9/1987",0.9,10.4,2.4,3.29
"5/10/1987",7.2,9.6,2.3,3.29
"5/11/1987",8.3,9,2.2,2.97
"5/12/1987",0,8.5,2.1,7
"5/13/1987",0.5,9,2.3,6.5
"5/14/1987",0,10.1,2.4,6.05
"5/15/1987",0,11.6,2.7,4.7
"5/16/1987",5.1,13.4,3,3.93
"5/17/1987",4.2,14.4,3.2,3.61
"5/18/1987",0.1,14.7,3.2,3.29
"5/19/1987",0,16.8,3.6,1.77
"5/20/1987",1.1,19.4,4,1.55
"5/21/1987",8.6,17,3.6,1.55
"5/22/1987",0.5,13.5,3.1,1.77
"5/23/1987",0,9.8,2.5,2.21
"5/24/1987",0.8,6.2,1.9,1.55
"5/25/1987",8.8,5.4,1.7,1.43
"5/26/1987",4.6,6.7,2,1.99
"5/27/1987",4.5,8.9,2.3,2.65
"5/28/1987",3.3,12.8,3,2.65
"5/29/1987",14.7,11.8,2.8,2.65
"5/30/1987",4.7,11.7,2.8,4.7
"5/31/1987",17.7,8.6,2.3,3.93
"6/1/1987",0.1,6.9,2,7.45
"6/2/1987",3.5,7.4,2.1,3.61
"6/3/1987",0.9,8.5,2.3,3.29
"6/4/1987",0,9.1,2.4,5.6
"6/5/1987",0,11.4,2.8,5.15
"6/6/1987",0,14.8,3.4,3.61
"6/7/1987",0,14.8,3.4,2.97
"6/8/1987",0,14.3,3.3,1.99
"6/9/1987",0,15.9,3.6,2.97
"6/10/1987",0,16.7,3.7,2.65
"6/11/1987",16.8,14.7,3.4,2.21
"6/12/1987",4.4,15.5,3.5,3.93
"6/13/1987",0.1,18.6,4.1,3.61
"6/14/1987",4.2,19.3,4.2,2.43
"6/15/1987",20.5,15.8,3.6,3.29
"6/16/1987",1.7,12,3,7
"6/17/1987",2.4,11.7,2.9,5.15
"6/18/1987",0,11.6,2.9,3.29
"6/19/1987",0,13.2,3.2,2.65
"6/20/1987",0,13.5,3.2,2.97
"6/21/1987",13.6,13,3.1,2.65
"6/22/1987",1.1,14,3.3,3.29
"6/23/1987",0.5,15.7,3.6,2.97
"6/24/1987",0.2,15.3,3.5,2.21
"6/25/1987",0,16.2,3.7,1.77
"6/26/1987",0,20,4.3,1.55
"6/27/1987",20.2,15.8,3.6,1.55
"6/28/1987",0,17.3,3.9,1.99
"6/29/1987",0.8,12.3,3,1.99
"6/30/1987",0,10.6,2.7,1.99
"7/1/1987",0,11.6,2.9,1.99
"7/2/1987",0,13.7,3.2,2.43
"7/3/1987",12.9,16.3,3.7,3.61
"7/4/1987",16,15,3.5,5.15
"7/5/1987",3.7,12.5,3,9.95
"7/6/1987",0,14.3,3.3,8.9
"7/7/1987",0,20,4.3,8.4
"7/8/1987",2.7,20.8,4.4,7.95
"7/9/1987",6.2,18.3,4,7
"7/10/1987",0.9,18.8,4.1,6.05
"7/11/1987",5.2,16.9,3.7,5.6
"7/12/1987",0,17.4,3.8,5.15
"7/13/1987",0,19.9,4.2,4.25
"7/14/1987",0,22.1,4.6,3.93
"7/15/1987",0,18.6,4,3.61
"7/16/1987",0,17,3.7,3.29
"7/17/1987",1.5,18.7,4,2.97
"7/18/1987",2.5,16.4,3.6,2.43
"7/19/1987",0,15.8,3.5,1.99
"7/20/1987",0.3,17.5,3.8,1.77
"7/21/1987",0.8,18.1,3.8,1.55
"7/22/1987",0,17.6,3.7,1.31
"7/23/1987",0,19.6,4.1,1.07
"7/24/1987",0.1,16.5,3.5,1.07
"7/25/1987",0,13.3,3,1.07
"7/26/1987",0,14.3,3.2,0.96
"7/27/1987",0,16.4,3.5,0.885
"7/28/1987",0,18.6,3.8,0.885
"7/29/1987",0.2,19.9,4,0.885
"7/30/1987",0,21.7,4.3,0.885
"7/31/1987",0,22.6,4.4,0.81
"8/1/1987",0.8,21.6,4.3,0.81
"8/2/1987",0,23.9,4.6,0.81
"8/3/1987",0,24,4.6,0.59
"8/4/1987",0,25.3,4.8,0.5
"8/5/1987",2.4,22.4,4.3,0.5
"8/6/1987",0,22.8,4.3,0.5
"8/7/1987",0,24,4.5,0.5
"8/8/1987",2.1,23.6,4.4,0.5
"8/9/1987",21.6,17.9,3.5,0.5
"8/10/1987",3.6,17.1,3.3,0.885
"8/11/1987",4.6,14.8,3,0.96
"8/12/1987",0,15.7,3.1,1.19
"8/13/1987",0,17.8,3.4,0.96
"8/14/1987",3.6,20.4,3.8,0.96
"8/15/1987",14.3,16.5,3.2,1.43
"8/16/1987",1.2,17.3,3.3,1.55
"8/17/1987",0.8,18,3.3,1.07
"8/18/1987",2.1,16.6,3.1,0.885
"8/19/1987",0.1,16.2,3.1,0.885
"8/20/1987",0,19.6,3.5,0.81
"8/21/1987",29.1,19.1,3.4,0.81
"8/22/1987",8.5,12.3,2.4,3.61
"8/23/1987",1,11.2,2.3,3.61
"8/24/1987",0,12.3,2.4,1.19
"8/25/1987",0.1,12.3,2.4,1.07
"8/26/1987",0,13.2,2.5,0.96
"8/27/1987",0,14.5,2.6,0.96
"8/28/1987",0,16.8,2.9,0.885
"8/29/1987",1.5,18,3.1,0.81
"8/30/1987",0.2,17.8,3,0.74
"8/31/1987",0,14.5,2.6,0.81
"9/1/1987",1.5,13.7,2.4,0.885
"9/2/1987",4.5,14.5,2.5,0.885
"9/3/1987",3.3,15,2.6,1.07
"9/4/1987",0,15.8,2.7,1.31
"9/5/1987",0,15.9,2.7,1.07
"9/6/1987",6.5,14.6,2.5,0.885
"9/7/1987",0.6,13.2,2.3,0.665
"9/8/1987",0,13.4,2.3,0.665
"9/9/1987",0,15.3,2.5,0.665
"9/10/1987",1.8,15.9,2.5,0.665
"9/11/1987",19,12.8,2.1,0.81
"9/12/1987",16.6,11.2,1.9,3.29
"9/13/1987",8,12.6,2.1,1.99
"9/14/1987",10.1,11.3,1.9,2.43
"9/15/1987",27,9.6,1.7,3.29
"9/16/1987",1,14.5,2.2,13.3
"9/17/1987",17.1,18.1,2.6,5.15
"9/18/1987",5.7,10.9,1.8,10.4
"9/19/1987",0,10.7,1.7,9.95
"9/20/1987",0,11.8,1.9,7
"9/21/1987",0,13.1,1.9,4.25
"9/22/1987",0,12.5,1.9,3.61
"9/23/1987",0,15.4,2.2,3.29
"9/24/1987",0,15.4,2.1,3.93
"9/25/1987",10.3,16.7,2.2,2.97
"9/26/1987",3.9,15.2,2.1,3.93
"9/27/1987",0,19.5,2.5,3.93
"9/28/1987",0,17.7,2.3,2.65
"9/29/1987",0,19.3,2.4,1.77
"9/30/1987",21,12.6,1.7,2.21
"10/1/1987",0.3,12.4,1.7,2.43
"10/2/1987",0,13.9,1.8,1.99
"10/3/1987",0,13,1.7,1.99
"10/4/1987",0,7.9,1.2,2.21
"10/5/1987",0,7,1.1,1.55
"10/6/1987",0,8.7,1.2,1.43
"10/7/1987",0,8.8,1.2,1.31
"10/8/1987",0,8.3,1.2,1.31
"10/9/1987",0,6.7,1,1.31
"10/10/1987",0.9,5.3,0.9,1.07
"10/11/1987",0.5,2.2,0.6,1.07
"10/12/1987",2.3,2.2,0.6,1.07
"10/13/1987",0.6,2.5,0.6,1.19
"10/14/1987",1.3,6,0.9,1.19
"10/15/1987",1.4,9.8,1.2,1.19
"10/16/1987",7,6.5,0.9,1.19
"10/17/1987",8.7,5.7,0.9,1.55
"10/18/1987",16,5.7,0.8,6.05
"10/19/1987",1,6.4,0.9,7
"10/20/1987",0,6.4,0.9,6.5
"10/21/1987",0,6.1,0.8,4.25
"10/22/1987",0,5.3,0.7,2.43
"10/23/1987",0,8.2,1,2.97
"10/24/1987",0,10.2,1.1,3.29
"10/25/1987",0,8.6,0.9,2.97
"10/26/1987",0,7.7,0.9,1.77
"10/27/1987",0,7.4,0.9,2.21
"10/28/1987",0,7.8,0.9,2.43
"10/29/1987",0,9.3,0.9,2.21
"10/30/1987",0,9.8,1,1.99
"10/31/1987",7.7,11.3,1.1,1.77
"11/1/1987",2.4,7.4,0.8,2.21
"11/2/1987",0.1,5.1,0.6,1.99
"11/3/1987",0,3.9,0.6,2.21
"11/4/1987",0,4.6,0.6,1.99
"11/5/1987",0,4.2,0.5,1.99
"11/6/1987",2.4,3.8,0.5,1.43
"11/7/1987",18.6,3.3,0.5,1.55
"11/8/1987",0.1,2,0.4,4.25
"11/9/1987",0.4,1.3,0.4,2.97
"11/10/1987",0,3.5,0.5,1.77
"11/11/1987",0,2.2,0.4,2.21
"11/12/1987",5.2,3.9,0.5,2.65
"11/13/1987",7.8,9.4,0.8,2.97
"11/14/1987",6.1,8.8,0.7,4.25
"11/15/1987",10.6,9.3,0.8,8.4
"11/16/1987",31.5,8.5,0.7,12.5
"11/17/1987",17.4,2.7,0.4,44.1
"11/18/1987",22,3.4,0.4,65.5
"11/19/1987",10.8,3.2,0.4,79.5
"11/20/1987",9,7.1,0.6,69
"11/21/1987",0,1,0.3,67.5
"11/22/1987",0,0.3,0.3,53
"11/23/1987",0,-0.2,0.2,41
"11/24/1987",0,-0.4,0.2,33.1
"11/25/1987",0,2.3,0.4,28.3
"11/26/1987",8.5,2.8,0.4,26.5
"11/27/1987",1.9,2.6,0.4,26.5
"11/28/1987",2.3,9,0.7,22.9
"11/29/1987",14,8.1,0.6,18.7
"11/30/1987",2.3,2.7,0.4,24.1
"12/1/1987",0.6,2,0.3,21.7
"12/2/1987",7.3,8.1,0.6,18.7
"12/3/1987",1.8,3.8,0.4,21.7
"12/4/1987",0,1.8,0.3,19.3
"12/5/1987",0,0,0.2,17.5
"12/6/1987",0.3,-1.3,0.1,12.7
"12/7/1987",0,1.3,0.3,8.9
"12/8/1987",0,-0.2,0.2,12.1
"12/9/1987",0,0,0.2,11.5
"12/10/1987",0,-0.8,0.2,10.9
"12/11/1987",0,0.3,0.2,9.95
"12/12/1987",7.3,2.4,0.3,9.95
"12/13/1987",0.4,0.6,0.2,9.95
"12/14/1987",0,-1.5,0.2,6.05
"12/15/1987",0.6,-1.5,0.1,6.5
"12/16/1987",13.3,-0.1,0.2,7.95
"12/17/1987",12.8,-1.2,0.2,19.9
"12/18/1987",0,-3.2,0.1,16.9
"12/19/1987",0,-6.3,0,13.9
"12/20/1987",0,-9.3,0,10.9
"12/21/1987",0,-8.9,0,10.9
"12/22/1987",0,-3.2,0.1,9.4
"12/23/1987",0,-4.1,0,9.95
"12/24/1987",0,-6.1,0,7.95
"12/25/1987",5.6,-2.1,0.1,7
"12/26/1987",0.2,0,0.2,8.9
"12/27/1987",0,0.2,0.2,8.9
"12/28/1987",0,0.6,0.2,7.45
"12/29/1987",0,0.2,0.2,8.9
"12/30/1987",0,1.8,0.3,8.4
"12/31/1987",0,1,0.3,8.4
"1/1/1988",0,1.7,0.3,7
"1/2/1988",0,5.4,0.4,7.95
"1/3/1988",0.1,5.7,0.5,7.45
"1/4/1988",0,-1,0.2,5.6
"1/5/1988",0,0,0.2,6.5
"1/6/1988",0,2.6,0.3,6.05
"1/7/1988",0,2.2,0.3,5.6
"1/8/1988",0,1.6,0.3,5.15
"1/9/1988",0,2.8,0.3,4.7
"1/10/1988",2.7,0.9,0.3,3.93
"1/11/1988",3.9,5.4,0.5,3.93
"1/12/1988",0.9,3.8,0.4,9.4
"1/13/1988",0.1,3,0.4,8.9
"1/14/1988",0.1,2.8,0.4,6.05
"1/15/1988",0,0.6,0.3,6.05
"1/16/1988",0,0,0.2,5.15
"1/17/1988",0,0.7,0.3,3.93
"1/18/1988",0,-1.1,0.2,3.29
"1/19/1988",0.2,-0.9,0.2,4.25
"1/20/1988",3.9,2.1,0.4,5.15
"1/21/1988",1.4,3.7,0.4,5.6
"1/22/1988",1.9,4.1,0.5,5.15
"1/23/1988",13.9,5.2,0.5,6.05
"1/24/1988",4.2,-0.8,0.2,8.4
"1/25/1988",1,-3.4,0.1,5.6
"1/26/1988",3.2,-3.3,0.1,5.6
"1/27/1988",2,-3.8,0.1,7
"1/28/1988",0,-4.3,0,7
"1/29/1988",0.1,-7.2,0,6.5
"1/30/1988",12.7,-2.9,0.1,7
"1/31/1988",0.3,-0.1,0.3,9.4
"2/1/1988",0,-1.4,0.2,7.95
"2/2/1988",0,-2.4,0.2,8.9
"2/3/1988",0.1,1.8,0.4,7.95
"2/4/1988",5.1,3.8,0.5,9.4
"2/5/1988",0,5.3,0.6,13.3
"2/6/1988",0,2.8,0.5,13.3
"2/7/1988",0,1.4,0.4,12.1
"2/8/1988",8.1,3.2,0.5,8.9
"2/9/1988",0,1.8,0.4,15.7
"2/10/1988",7,2.2,0.5,12.1
"2/11/1988",6.9,2.5,0.5,18.1
"2/12/1988",20.8,0.8,0.4,19.3
"2/13/1988",20.7,4.2,0.6,34.9
"2/14/1988",4.3,-1.3,0.3,49.7
"2/15/1988",0,-2.6,0.2,41
"2/16/1988",0,-2.9,0.1,33.7
"2/17/1988",0.1,0.9,0.4,30.1
"2/18/1988",0,4.9,0.7,28.9
"2/19/1988",1.1,5.4,0.8,26.5
"2/20/1988",0,6.9,0.9,22.3
"2/21/1988",0,7.5,0.9,18.7
"2/22/1988",5,6,0.9,14.5
"2/23/1988",0,5.6,0.8,17.5
"2/24/1988",0,5,0.8,16.9
"2/25/1988",0,6.1,0.9,12.1
"2/26/1988",0,6.3,0.9,11.5
"2/27/1988",0,4.5,0.8,10.9
"2/28/1988",0,7.7,1.1,8.4
"2/29/1988",0,5.9,0.9,7
"3/1/1988",0,6.4,1,7.45
"3/2/1988",0,6.3,1,7.45
"3/3/1988",0,5.3,0.9,7
"3/4/1988",0,4.8,0.9,5.6
"3/5/1988",0,1.8,0.6,5.6
"3/6/1988",0,-1.8,0.3,4.25
"3/7/1988",0.6,-2.7,0.2,3.29
"3/8/1988",0.1,-1.6,0.3,3.93
"3/9/1988",0,-3.6,0.1,3.61
"3/10/1988",0,-3.6,0.2,3.93
"3/11/1988",1.2,1.3,0.6,3.29
"3/12/1988",2,5.7,1,3.61
"3/13/1988",0,4.6,0.9,3.61
"3/14/1988",0.5,2.2,0.7,2.65
"3/15/1988",0.8,4.3,0.9,2.65
"3/16/1988",1.7,3.5,0.9,2.65
"3/17/1988",0.4,5.4,1.1,2.97
"3/18/1988",0,7.8,1.3,2.65
"3/19/1988",0,7.8,1.3,2.21
"3/20/1988",0,5.4,1.1,1.77
"3/21/1988",0,1.7,0.7,1.77
"3/22/1988",1.3,5.1,1.1,1.99
"3/23/1988",1.3,2.6,0.8,1.55
"3/24/1988",0.6,1,0.7,1.55
"3/25/1988",0.1,4.5,1.1,1.55
"3/26/1988",0.4,7.2,1.4,1.55
"3/27/1988",0,5.7,1.2,1.43
"3/28/1988",0,5,1.2,1.43
"3/29/1988",0,8.7,1.6,1.31
"3/30/1988",0,7.1,1.4,1.31
"3/31/1988",0,8.5,1.6,1.19
"4/1/1988",0,12.5,2.1,1.19
"4/2/1988",0,12,2.1,1.19
"4/3/1988",1.5,11.1,2,1.07
"4/4/1988",4.8,11.1,2,1.07
"4/5/1988",0.7,10.5,1.9,1.31
"4/6/1988",0.7,9.6,1.8,1.43
"4/7/1988",2.9,7.4,1.6,1.31
"4/8/1988",0,4.1,1.2,1.31
"4/9/1988",0,3.2,1.1,1.31
"4/10/1988",0,3.7,1.1,1.31
"4/11/1988",0,3.7,1.1,1.07
"4/12/1988",0,5.8,1.4,1.07
"4/13/1988",0,6.5,1.5,1.07
"4/14/1988",10.9,5,1.3,1.07
"4/15/1988",3.4,3.9,1.2,2.43
"4/16/1988",1.3,8.3,1.8,2.21
"4/17/1988",0.4,9.5,2,1.31
"4/18/1988",0.4,11.7,2.3,1.31
"4/19/1988",2,10.9,2.2,1.19
"4/20/1988",0.1,11.6,2.3,1.19
"4/21/1988",0.1,11.1,2.3,1.07
"4/22/1988",0,10.2,2.2,1.07
"4/23/1988",7,4,1.3,0.96
"4/24/1988",20.7,-1,0.6,1.19
"4/25/1988",7.1,0.4,0.8,1.55
"4/26/1988",0.2,3.6,1.3,3.29
"4/27/1988",0,6.4,1.7,6.05
"4/28/1988",0,5.2,1.5,13.3
"4/29/1988",0,3.1,1.2,10.4
"4/30/1988",0,4.2,1.4,7.95
"5/1/1988",0,6.8,1.8,7
"5/2/1988",0,9.4,2.2,5.6
"5/3/1988",0.1,11.9,2.6,5.15
"5/4/1988",0,13.1,2.8,2.21
"5/5/1988",0,15.2,3.1,2.43
"5/6/1988",0,17.7,3.5,2.21
"5/7/1988",0,17.9,3.6,1.99
"5/8/1988",0.5,17.2,3.5,1.99
"5/9/1988",21.2,15.9,3.3,1.77
"5/10/1988",15.8,15,3.2,10.4
"5/11/1988",0.3,10.8,2.5,13.9
"5/12/1988",5.8,10.1,2.4,12.7
"5/13/1988",0.1,8.5,2.2,10.9
"5/14/1988",0,10,2.4,8.4
"5/15/1988",0,12.9,2.9,4.25
"5/16/1988",0,11.5,2.7,2.65
"5/17/1988",0,15.8,3.4,3.93
"5/18/1988",1.6,16,3.5,3.61
"5/19/1988",11.4,9.4,2.4,3.61
"5/20/1988",1.6,10,2.5,3.93
"5/21/1988",0,9.2,2.4,3.93
"5/22/1988",0,9.9,2.5,2.97
"5/23/1988",0,12,2.8,2.21
"5/24/1988",0.8,15,3.3,1.99
"5/25/1988",12.3,13,3,1.99
"5/26/1988",0,11.6,2.8,3.93
"5/27/1988",0,11.4,2.7,2.97
"5/28/1988",0,13.9,3.2,2.21
"5/29/1988",12.1,14.9,3.4,2.21
"5/30/1988",0,15.3,3.5,2.21
"5/31/1988",0,15.1,3.4,1.99
"6/1/1988",1.2,17,3.8,1.31
"6/2/1988",0,11.3,2.8,1.31
"6/3/1988",0,9.3,2.5,1.31
"6/4/1988",0,7.7,2.2,1.55
"6/5/1988",0,9.5,2.5,1.43
"6/6/1988",0,12.8,3.1,1.31
"6/7/1988",0,15.4,3.5,0.96
"6/8/1988",0,20.4,4.4,1.19
"6/9/1988",0,20.3,4.4,0.96
"6/10/1988",0,16.1,3.7,0.885
"6/11/1988",0,17.7,4,0.885
"6/12/1988",0,19.7,4.3,0.81
"6/13/1988",0,21.1,4.5,0.74
"6/14/1988",0,20.7,4.4,0.74
"6/15/1988",0,20.7,4.5,0.665
"6/16/1988",0,19,4.2,0.59
"6/17/1988",0,17.2,3.9,0.545
"6/18/1988",0,18,4,0.5
"6/19/1988",0,19.2,4.2,0.5
"6/20/1988",0,19.6,4.3,0.458
"6/21/1988",0.9,20.7,4.5,0.414
"6/22/1988",3.7,19.7,4.3,0.414
"6/23/1988",0,21.1,4.5,0.414
"6/24/1988",0,22.8,4.8,0.37
"6/25/1988",0,23,4.9,0.37
"6/26/1988",0,22.5,4.8,0.314
"6/27/1988",0,22.9,4.8,0.314
"6/28/1988",0,23.1,4.9,0.314
"6/29/1988",0.2,23.5,4.9,0.258
"6/30/1988",0,24.7,5.1,0.23
"7/1/1988",0.8,23.2,4.9,0.258
"7/2/1988",3.2,20.1,4.4,0.258
"7/3/1988",0.2,21.8,4.6,0.286
"7/4/1988",0.3,23.5,4.9,0.286
"7/5/1988",1.3,22.3,4.7,0.286
"7/6/1988",5.1,20.7,4.4,0.314
"7/7/1988",3.8,20.2,4.3,0.314
"7/8/1988",0,17.9,3.9,0.314
"7/9/1988",0.8,18.3,4,0.342
"7/10/1988",0,19.3,4.1,0.342
"7/11/1988",0.5,20.9,4.4,0.314
"7/12/1988",3.3,18.6,4,0.314
"7/13/1988",0,18.8,4,0.314
"7/14/1988",0,19,4.1,0.342
"7/15/1988",0,23.4,4.8,0.314
"7/16/1988",1.1,23.5,4.8,0.286
"7/17/1988",9.8,18.3,3.9,0.286
"7/18/1988",2,17.3,3.8,0.286
"7/19/1988",0.3,17.4,3.8,0.286
"7/20/1988",2.5,19.3,4.1,0.314
"7/21/1988",3.8,15.6,3.4,0.314
"7/22/1988",0.2,11.6,2.7,0.37
"7/23/1988",0,13.8,3.1,0.414
"7/24/1988",0,15.3,3.3,0.414
"7/25/1988",0,14.9,3.3,0.414
"7/26/1988",0.1,14.6,3.2,0.414
"7/27/1988",0,16.1,3.4,0.414
"7/28/1988",0,17.8,3.7,0.37
"7/29/1988",0,17.5,3.6,0.286
"7/30/1988",0,19.1,3.9,0.258
"7/31/1988",2.8,17.5,3.6,0.258
"8/1/1988",0,12.5,2.8,0.314
"8/2/1988",0,13.8,3,0.286
"8/3/1988",0,17.8,3.6,0.314
"8/4/1988",0,17.9,3.6,0.286
"8/5/1988",0,17.3,3.5,0.258
"8/6/1988",0,18.5,3.7,0.258
"8/7/1988",0,20.2,3.9,0.258
"8/8/1988",4.3,19,3.7,0.23
"8/9/1988",5.3,16.6,3.3,0.23
"8/10/1988",0.3,15.8,3.2,0.258
"8/11/1988",0,17.9,3.5,0.258
"8/12/1988",0,17.9,3.5,0.23
"8/13/1988",0,18.4,3.5,0.258
"8/14/1988",7.7,19.3,3.6,0.258
"8/15/1988",12.1,14.8,2.9,0.258
"8/16/1988",7.2,14.5,2.9,0.342
"8/17/1988",0,16.8,3.2,0.5
"8/18/1988",0,16.6,3.2,0.37
"8/19/1988",0,15.9,3,0.342
"8/20/1988",0,16.4,3.1,0.314
"8/21/1988",0,17.4,3.2,0.286
"8/22/1988",0,18.4,3.3,0.258
"8/23/1988",16.2,17.8,3.2,0.286
"8/24/1988",0.4,17.9,3.2,0.5
"8/25/1988",0.3,18.4,3.3,0.37
"8/26/1988",0,18.4,3.2,0.37
"8/27/1988",0.1,16.9,3,0.286
"8/28/1988",12.1,14.8,2.7,0.286
"8/29/1988",5.5,15.6,2.8,0.37
"8/30/1988",9.6,14.5,2.6,0.74
"8/31/1988",9.2,12.5,2.3,0.81
"9/1/1988",0.9,13.3,2.4,0.96
"9/2/1988",20.1,12.5,2.3,0.74
"9/3/1988",7.2,9.3,1.8,1.31
"9/4/1988",0,10.4,2,1.31
"9/5/1988",0,10.6,2,1.07
"9/6/1988",0,11,2,0.885
"9/7/1988",0,14.2,2.4,0.665
"9/8/1988",0,16.6,2.7,0.545
"9/9/1988",23.9,14.8,2.4,0.5
"9/10/1988",0.2,7.9,1.5,1.31
"9/11/1988",2.9,11.8,2,1.07
"9/12/1988",41.7,12.4,2.1,1.07
"9/13/1988",0.3,11.6,1.9,10.9
"9/14/1988",12.9,10.8,1.8,4.25
"9/15/1988",5.8,8.8,1.6,5.15
"9/16/1988",12.9,8,1.5,9.95
"9/17/1988",0,10.2,1.7,12.1
"9/18/1988",0,10.1,1.7,6.05
"9/19/1988",0,10.5,1.7,2.97
"9/20/1988",0,10.2,1.7,2.43
"9/21/1988",0,11.6,1.8,1.99
"9/22/1988",0,13.7,2,1.99
"9/23/1988",0,15.2,2.1,1.43
"9/24/1988",0,16.4,2.2,1.99
"9/25/1988",1.8,17.9,2.4,1.19
"9/26/1988",1.1,18.3,2.4,1.19
"9/27/1988",3.1,18.7,2.4,1.19
"9/28/1988",14.3,14.6,2,1.43
"9/29/1988",0.3,13.6,1.9,2.43
"9/30/1988",10.3,14,1.8,1.43
"10/1/1988",8.4,12.2,1.7,2.21
"10/2/1988",0.2,12.1,1.6,3.29
"10/3/1988",1.1,12.4,1.6,2.21
"10/4/1988",8.7,10.4,1.4,2.97
"10/5/1988",0,8.3,1.2,2.97
"10/6/1988",0,13.7,1.7,2.21
"10/7/1988",0,15.5,1.8,1.99
"10/8/1988",0,16.5,1.9,1.55
"10/9/1988",0,16,1.8,1.43
"10/10/1988",0,15.3,1.7,1.19
"10/11/1988",13.5,15.2,1.7,1.19
"10/12/1988",5.8,7.4,1,1.55
"10/13/1988",7.3,8.3,1.1,1.99
"10/14/1988",1.2,8.9,1.1,3.61
"10/15/1988",1.7,6.4,0.9,2.97
"10/16/1988",2.2,5.2,0.8,2.65
"10/17/1988",0.7,5,0.8,2.43
"10/18/1988",4.8,9.1,1.1,2.21
"10/19/1988",2.7,9.2,1.1,2.43
"10/20/1988",0.9,7.4,0.9,2.97
"10/21/1988",0,4.8,0.7,2.97
"10/22/1988",0,8,0.9,1.99
"10/23/1988",15.5,11.9,1.2,1.99
"10/24/1988",3.1,9,1,3.93
"10/25/1988",5.3,9.9,1.1,4.25
"10/26/1988",8.3,7.5,0.9,5.15
"10/27/1988",2.4,7.4,0.9,7.95
"10/28/1988",6.1,6.7,0.8,8.9
"10/29/1988",22.1,6.1,0.7,9.4
"10/30/1988",5.1,6.6,0.7,23.5
"10/31/1988",3.4,5.6,0.7,20.5
"11/1/1988",1.9,6.1,0.7,20.5
"11/2/1988",8.7,8.4,0.8,18.7
"11/3/1988",29.5,4.9,0.6,38.5
"11/4/1988",0.1,2.3,0.4,37
"11/5/1988",0,4.4,0.6,34
"11/6/1988",15.1,7.7,0.8,28
"11/7/1988",0,6.2,0.6,25
"11/8/1988",0.2,7,0.7,22
"11/9/1988",9.6,9.1,0.8,30
"11/10/1988",25.9,6.8,0.7,45
"11/11/1988",2.7,4.7,0.5,42
"11/12/1988",12.4,5.8,0.6,35
"11/13/1988",5.2,3.9,0.5,32
"11/14/1988",1.8,3.3,0.4,28
"11/15/1988",0.1,3.3,0.4,26
"11/16/1988",0,2.8,0.4,23
"11/17/1988",0,2.4,0.4,20
"11/18/1988",0.2,0.5,0.3,17
"11/19/1988",0,1,0.3,14.5
"11/20/1988",0,0.4,0.3,13
"11/21/1988",0.2,-2.3,0.1,11
"11/22/1988",0.5,-1.8,0.2,9.5
"11/23/1988",0.9,-0.2,0.2,8.5
"11/24/1988",0.6,-2,0.1,7
"11/25/1988",0.3,1.6,0.3,6
"11/26/1988",0.2,2.2,0.3,5.5
"11/27/1988",0.5,2.3,0.3,6
"11/28/1988",0.4,4.9,0.5,5.2
"11/29/1988",2.5,7.6,0.6,4.7
"11/30/1988",6.1,10.2,0.7,4.5
"12/1/1988",27.7,6.3,0.5,10.9
"12/2/1988",10.9,3.2,0.4,23
"12/3/1988",3,2.3,0.3,20
"12/4/1988",1.8,1.2,0.3,18
"12/5/1988",0.3,1,0.3,16
"12/6/1988",14.7,4.8,0.4,12
"12/7/1988",3.7,5.6,0.5,22
"12/8/1988",3.7,6.3,0.5,21
"12/9/1988",15.4,7.6,0.5,35
"12/10/1988",2.3,2.5,0.3,34
"12/11/1988",2.2,-1.2,0.2,32.5
"12/12/1988",0,-2.7,0.1,28
"12/13/1988",0,-2.5,0.1,22.5
"12/14/1988",0,-3.9,0,17
"12/15/1988",0,-4.4,0,14.5
"12/16/1988",0,-2,0.1,12.5
"12/17/1988",0.2,3.1,0.3,11.5
"12/18/1988",5.1,6.1,0.5,9.8
"12/19/1988",0,5.8,0.4,9.7
"12/20/1988",0,5.1,0.4,9.4
"12/21/1988",0,4.7,0.4,8
"12/22/1988",0,2.7,0.3,7
"12/23/1988",0,-0.5,0.2,6.4
"12/24/1988",0,-1.5,0.1,6
"12/25/1988",0,-3.4,0.1,6
"12/26/1988",0,-3.8,0,5
"12/27/1988",0,-3.8,0.1,4.6
"12/28/1988",0.5,-4,0,4.3
"12/29/1988",0,-3.9,0,3.9
"12/30/1988",0,-2.3,0.1,3.7
"12/31/1988",8,7.8,0.5,3.5
"1/1/1989",12.1,5.6,0.5,NA
"1/2/1989",0.7,3,0.4,NA
"1/3/1989",0.3,-0.1,0.2,NA
"1/4/1989",0.1,-0.9,0.2,NA
"1/5/1989",0.8,-1.7,0.1,NA
"1/6/1989",0,-0.1,0.2,NA
"1/7/1989",0,-2.3,0.1,NA
"1/8/1989",0,-1.6,0.2,NA
"1/9/1989",0,-1.3,0.2,NA
"1/10/1989",0.2,2.2,0.3,NA
"1/11/1989",1.6,0.4,0.3,NA
"1/12/1989",0.2,-2.2,0.1,NA
"1/13/1989",0.1,1.2,0.3,NA
"1/14/1989",1.9,3.7,0.4,NA
"1/15/1989",1.4,1.2,0.3,NA
"1/16/1989",1.2,-0.3,0.2,NA
"1/17/1989",0.1,-2,0.2,NA
"1/18/1989",8,0.5,0.3,NA
"1/19/1989",0.2,3.2,0.4,NA
"1/20/1989",0,3.7,0.4,NA
"1/21/1989",3.8,6.9,0.6,NA
"1/22/1989",13,7.1,0.6,NA
"1/23/1989",0.8,5.6,0.5,NA
"1/24/1989",1.8,6.6,0.6,NA
"1/25/1989",13.4,8.8,0.7,NA
"1/26/1989",2.3,8.2,0.7,NA
"1/27/1989",1.1,5.5,0.6,NA
"1/28/1989",11.5,3.7,0.5,NA
"1/29/1989",5.9,2.6,0.4,NA
"1/30/1989",3,2.2,0.4,NA
"1/31/1989",0,0.3,0.3,NA
"2/1/1989",0,-1.7,0.2,NA
"2/2/1989",0,-2.1,0.2,NA
"2/3/1989",7.4,3.3,0.5,NA
"2/4/1989",10.7,8.9,0.8,NA
"2/5/1989",9.1,10.4,0.9,NA
"2/6/1989",5.6,8.1,0.8,NA
"2/7/1989",0,8.1,0.8,NA
"2/8/1989",17.5,8.5,0.8,NA
"2/9/1989",11.7,10.2,1,NA
"2/10/1989",4.3,8.2,0.8,NA
"2/11/1989",2.1,6.1,0.7,NA
"2/12/1989",0.9,4.7,0.6,NA
"2/13/1989",1.9,3.3,0.6,NA
"2/14/1989",6.9,4.4,0.6,NA
"2/15/1989",6.1,3,0.5,NA
"2/16/1989",25.5,2.6,0.5,NA
"2/17/1989",2.8,7.3,0.9,NA
"2/18/1989",0.1,8,0.9,NA
"2/19/1989",0.2,9.9,1.1,NA
"2/20/1989",29,9.7,1.1,NA
"2/21/1989",1.6,5.4,0.8,NA
"2/22/1989",1.3,3.6,0.6,NA
"2/23/1989",0.2,6.4,0.9,NA
"2/24/1989",1.9,7.1,0.9,NA
"2/25/1989",0.4,4.4,0.7,NA
"2/26/1989",0,2.5,0.6,NA
"2/27/1989",0.4,0.7,0.5,NA
"2/28/1989",0,1.6,0.6,NA
"3/1/1989",9.7,3.7,0.7,NA
"3/2/1989",0,9.5,1.2,NA
"3/3/1989",0,9.8,1.3,NA
"3/4/1989",0,10.1,1.3,NA
"3/5/1989",0,8.3,1.2,NA
"3/6/1989",0,8.5,1.2,NA
"3/7/1989",0.1,11.4,1.5,NA
"3/8/1989",0,11,1.5,NA
"3/9/1989",0,11.5,1.5,NA
"3/10/1989",0.9,10.1,1.4,NA
"3/11/1989",6.6,6.6,1.1,NA
"3/12/1989",1.9,4.4,0.9,NA
"3/13/1989",3.5,6.5,1.1,NA
"3/14/1989",0.3,6.7,1.2,NA
"3/15/1989",0,7.4,1.2,NA
"3/16/1989",0,12.8,1.8,NA
"3/17/1989",7.9,9.4,1.5,NA
"3/18/1989",2.5,6.4,1.2,NA
"3/19/1989",6.1,5.6,1.1,NA
"3/20/1989",0.2,4.5,1,NA
"3/21/1989",12,4,1,NA
"3/22/1989",19.3,5.7,1.2,NA
"3/23/1989",5.2,6.7,1.3,NA
"3/24/1989",0,5.2,1.1,NA
"3/25/1989",0,6.8,1.3,NA
"3/26/1989",2.7,11.8,1.9,NA
"3/27/1989",8.9,9.3,1.6,NA
"3/28/1989",10.5,2.5,0.9,NA
"3/29/1989",1.4,-1.8,0.4,NA
"3/30/1989",0,-2,0.3,NA
"3/31/1989",1.9,0.7,0.7,NA
"4/1/1989",2.9,8,1.6,NA
"4/2/1989",6.6,9.1,1.7,NA
"4/3/1989",0.2,6.2,1.4,NA
"4/4/1989",5.2,4.3,1.2,NA
"4/5/1989",0,3.9,1.1,NA
"4/6/1989",0.1,6.3,1.4,NA
"4/7/1989",14.1,4,1.1,NA
"4/8/1989",1.6,-0.1,0.6,NA
"4/9/1989",0.3,-1.7,0.4,NA
"4/10/1989",1,-2.1,0.4,NA
"4/11/1989",7.7,-0.1,0.6,NA
"4/12/1989",8,2.8,1,NA
"4/13/1989",2,7.8,1.7,NA
"4/14/1989",0.3,5.5,1.4,NA
"4/15/1989",0,2.9,1.1,NA
"4/16/1989",0,3.5,1.1,NA
"4/17/1989",3.5,7.1,1.7,NA
"4/18/1989",2.6,8,1.8,NA
"4/19/1989",1.2,6.1,1.5,NA
"4/20/1989",0,5.9,1.5,NA
"4/21/1989",0,8.6,1.9,NA
"4/22/1989",0,13.2,2.6,NA
"4/23/1989",0.4,13.3,2.6,NA
"4/24/1989",1.3,10.1,2.2,NA
"4/25/1989",0,11.1,2.3,NA
"4/26/1989",0.1,14.4,2.9,NA
"4/27/1989",1.3,9.4,2.1,NA
"4/28/1989",5.6,8.9,2.1,NA
"4/29/1989",0.8,4.9,1.5,NA
"4/30/1989",0.4,6.7,1.7,NA
"5/1/1989",0.7,7.1,1.8,NA
"5/2/1989",0.4,8,2,NA
"5/3/1989",36.3,4.9,1.5,NA
"5/4/1989",14.7,3.3,1.3,NA
"5/5/1989",0.1,5.9,1.7,NA
"5/6/1989",1.7,7.1,1.9,NA
"5/7/1989",0.3,8.3,2.1,NA
"5/8/1989",5.3,6.8,1.9,NA
"5/9/1989",2.6,7.8,2,NA
"5/10/1989",3.5,9.5,2.3,NA
"5/11/1989",0,13.6,3,NA
"5/12/1989",6.3,12.3,2.8,NA
"5/13/1989",1.7,8.6,2.2,NA
"5/14/1989",0.7,8.2,2.2,NA
"5/15/1989",7.1,9.8,2.4,NA
"5/16/1989",0.2,10.2,2.5,NA
"5/17/1989",7.1,10.9,2.6,NA
"5/18/1989",3.8,11.4,2.7,NA
"5/19/1989",7.6,11.9,2.8,NA
"5/20/1989",3.4,12.9,3,NA
"5/21/1989",2.7,11.9,2.8,NA
"5/22/1989",7.3,12.4,2.9,NA
"5/23/1989",5.5,13.3,3.1,NA
"5/24/1989",2.6,14.8,3.3,NA
"5/25/1989",18.6,14,3.2,NA
"5/26/1989",47,10.9,2.7,NA
"5/27/1989",7.3,11.5,2.8,NA
"5/28/1989",0,13.3,3.1,NA
"5/29/1989",0,13.4,3.1,NA
"5/30/1989",0.1,14.1,3.2,NA
"5/31/1989",0,13.4,3.1,NA
"6/1/1989",0,12.4,3,NA
"6/2/1989",0,13,3.1,NA
"6/3/1989",0,12.4,3,NA
"6/4/1989",0,11.6,2.9,NA
"6/5/1989",2.4,13.7,3.2,NA
"6/6/1989",0.1,13.1,3.1,NA
"6/7/1989",7.2,14.5,3.4,NA
"6/8/1989",21.3,13,3.1,NA
"6/9/1989",0.5,16.9,3.8,NA
"6/10/1989",5.7,12.6,3.1,NA
"6/11/1989",0,13.7,3.2,NA
"6/12/1989",0,17.8,4,NA
"6/13/1989",5.3,14.8,3.4,NA
"6/14/1989",0.7,10.1,2.6,NA
"6/15/1989",1.4,11.3,2.8,NA
"6/16/1989",0,14.2,3.3,NA
"6/17/1989",0.4,16.7,3.8,NA
"6/18/1989",1.2,15.6,3.6,NA
"6/19/1989",1.4,15.6,3.6,NA
"6/20/1989",15.7,13.4,3.2,NA
"6/21/1989",7.2,11.8,3,NA
"6/22/1989",35.6,10,2.6,NA
"6/23/1989",8.9,11.6,2.9,NA
"6/24/1989",0,13.4,3.2,NA
"6/25/1989",6.4,14.7,3.4,NA
"6/26/1989",1,12.9,3.1,NA
"6/27/1989",0,13,3.1,NA
"6/28/1989",9.8,15.8,3.6,NA
"6/29/1989",12.6,11.9,2.9,NA
"6/30/1989",0,12.6,3.1,NA
"7/1/1989",0,14.1,3.3,NA
"7/2/1989",0,18.3,4,NA
"7/3/1989",9.5,19.7,4.3,NA
"7/4/1989",2.4,17.3,3.9,NA
"7/5/1989",0,18.6,4.1,NA
"7/6/1989",0.1,20.4,4.4,NA
"7/7/1989",2.1,21.2,4.5,NA
"7/8/1989",7.7,17,3.8,NA
"7/9/1989",1.4,16,3.6,NA
"7/10/1989",0,18.2,4,NA
"7/11/1989",1.1,20.1,4.3,NA
"7/12/1989",7.5,17.9,3.9,NA
"7/13/1989",11.6,17.2,3.8,NA
"7/14/1989",5.4,16.2,3.6,NA
"7/15/1989",0,13.3,3.1,NA
"7/16/1989",0,12.4,2.9,NA
"7/17/1989",0,13.9,3.2,NA
"7/18/1989",0,16.2,3.6,NA
"7/19/1989",0,17.1,3.7,NA
"7/20/1989",0.2,15.3,3.4,NA
"7/21/1989",0,12.6,2.9,NA
"7/22/1989",0,14,3.1,NA
"7/23/1989",0,17.1,3.7,NA
"7/24/1989",0.3,20,4.1,NA
"7/25/1989",12.9,15.3,3.3,NA
"7/26/1989",5.6,12.3,2.8,NA
"7/27/1989",2.6,12.8,2.9,NA
"7/28/1989",14.1,13.5,3,NA
"7/29/1989",21.3,12.4,2.8,NA
"7/30/1989",59.9,11.7,2.7,NA
"7/31/1989",8.3,13.6,3,NA
"8/1/1989",0,12.1,2.7,NA
"8/2/1989",0,12.8,2.8,NA
"8/3/1989",0,16.3,3.4,NA
"8/4/1989",0,18.3,3.6,NA
"8/5/1989",0,18.7,3.7,NA
"8/6/1989",0,19.2,3.8,NA
"8/7/1989",10.4,15.1,3.1,NA
"8/8/1989",0,15.6,3.2,NA
"8/9/1989",0.3,14.6,3,NA
"8/10/1989",0,14.5,3,NA
"8/11/1989",0,14.1,2.9,NA
"8/12/1989",0,14.2,2.9,NA
"8/13/1989",0,14.7,3,NA
"8/14/1989",0,16.6,3.2,NA
"8/15/1989",0,17.9,3.4,NA
"8/16/1989",23.1,19.1,3.6,NA
"8/17/1989",40.9,14,2.8,NA
"8/18/1989",7.8,14.3,2.8,NA
"8/19/1989",5.7,13.3,2.7,NA
"8/20/1989",2.1,14,2.7,NA
"8/21/1989",4.7,12.4,2.5,NA
"8/22/1989",4.8,12.1,2.4,NA
"8/23/1989",1.7,12,2.4,NA
"8/24/1989",0,14.1,2.7,NA
"8/25/1989",23.1,17,3,NA
"8/26/1989",10.5,14.2,2.6,NA
"8/27/1989",1.2,13.5,2.5,NA
"8/28/1989",1.4,12.8,2.4,NA
"8/29/1989",22.6,11.8,2.3,NA
"8/30/1989",0.5,13.4,2.5,NA
"8/31/1989",0,16.1,2.8,NA
"9/1/1989",0,15.1,2.6,NA
"9/2/1989",0,14.4,2.5,NA
"9/3/1989",0,15.6,2.7,NA
"9/4/1989",0,15.8,2.7,NA
"9/5/1989",0,14.2,2.5,NA
"9/6/1989",0,14.1,2.4,NA
"9/7/1989",0,15.8,2.6,NA
"9/8/1989",1.2,17.1,2.7,NA
"9/9/1989",0,12.6,2.2,NA
"9/10/1989",0,11.7,2,NA
"9/11/1989",0,15.2,2.4,NA
"9/12/1989",0,18,2.7,NA
"9/13/1989",0,15,2.4,NA
"9/14/1989",0,10.9,1.9,NA
"9/15/1989",0,12.6,2,NA
"9/16/1989",0,11.7,1.9,NA
"9/17/1989",0,7.1,1.4,NA
"9/18/1989",0,6,1.2,NA
"9/19/1989",0,4.8,1.1,NA
"9/20/1989",0,4.8,1.1,NA
"9/21/1989",0,5.5,1.1,NA
"9/22/1989",0,6.9,1.3,NA
"9/23/1989",0,8.2,1.4,NA
"9/24/1989",2.1,9.3,1.5,NA
"9/25/1989",1.1,12.7,1.8,NA
"9/26/1989",0,12.5,1.8,NA
"9/27/1989",0,11.8,1.7,NA
"9/28/1989",0.5,13.7,1.9,NA
"9/29/1989",1.4,12.9,1.8,NA
"9/30/1989",0,13.6,1.8,NA
"10/1/1989",4.5,12.6,1.7,NA
"10/2/1989",13.2,8.8,1.3,NA
"10/3/1989",0,8.6,1.3,NA
"10/4/1989",0,10.9,1.5,NA
"10/5/1989",0.1,14.9,1.8,NA
"10/6/1989",37.3,17.7,2.1,NA
"10/7/1989",12.1,9.1,1.3,NA
"10/8/1989",0,11.8,1.5,NA
"10/9/1989",5.9,11.2,1.4,NA
"10/10/1989",0,8.3,1.1,NA
"10/11/1989",0,6.3,1,NA
"10/12/1989",0,8.2,1.1,NA
"10/13/1989",0,8.7,1.1,NA
"10/14/1989",0,11,1.3,NA
"10/15/1989",0,10.7,1.3,NA
"10/16/1989",0,10.6,1.2,NA
"10/17/1989",0,11.1,1.3,NA
"10/18/1989",0,13.8,1.5,NA
"10/19/1989",0.4,15.7,1.6,NA
"10/20/1989",0.1,16.8,1.6,NA
"10/21/1989",5.6,18.2,1.7,NA
"10/22/1989",2.5,14.7,1.5,NA
"10/23/1989",0.8,12.5,1.3,NA
"10/24/1989",22.1,15,1.4,NA
"10/25/1989",6,11.8,1.2,NA
"10/26/1989",1.4,9.5,1,NA
"10/27/1989",0.4,10.8,1.1,NA
"10/28/1989",0,8.6,0.9,NA
"10/29/1989",0,8.1,0.9,NA
"10/30/1989",0,9.3,0.9,NA
"10/31/1989",7,11,1,NA
"11/1/1989",0.2,6.8,0.8,NA
"11/2/1989",1.2,9.7,0.9,NA
"11/3/1989",2.7,14.6,1.2,NA
"11/4/1989",2.7,11.7,1,NA
"11/5/1989",0,9.7,0.9,NA
"11/6/1989",0,9.6,0.9,NA
"11/7/1989",0,8.7,0.8,NA
"11/8/1989",0,8.4,0.8,NA
"11/9/1989",0,9.5,0.8,NA
"11/10/1989",0,9.2,0.8,NA
"11/11/1989",0,9.5,0.8,NA
"11/12/1989",4.2,11.8,0.9,NA
"11/13/1989",18.5,4.8,0.5,NA
"11/14/1989",12.2,6.9,0.6,NA
"11/15/1989",10.4,6.2,0.6,NA
"11/16/1989",6.2,3.6,0.4,NA
"11/17/1989",2.5,2.9,0.4,NA
"11/18/1989",0.1,1.1,0.3,NA
"11/19/1989",0,-0.4,0.2,NA
"11/20/1989",1.4,2.2,0.4,NA
"11/21/1989",2.2,4.6,0.5,NA
"11/22/1989",3.1,1,0.3,NA
"11/23/1989",0.2,1,0.3,NA
"11/24/1989",10.2,4.9,0.5,NA
"11/25/1989",2.5,0.2,0.3,NA
"11/26/1989",1.2,-0.2,0.2,NA
"11/27/1989",0.8,-2.5,0.1,NA
"11/28/1989",0,-3.1,0.1,NA
"11/29/1989",0.5,-3.8,0.1,NA
"11/30/1989",0,-4,0,NA
"12/1/1989",0,-4.7,0,NA
"12/2/1989",0,-4.2,0,NA
"12/3/1989",0,-5.1,0,NA
"12/4/1989",0,0.8,0.2,NA
"12/5/1989",7.3,5.2,0.4,NA
"12/6/1989",4.7,6,0.5,NA
"12/7/1989",12.7,9.6,0.6,NA
"12/8/1989",4.8,7.4,0.5,NA
"12/9/1989",0,4.6,0.4,NA
"12/10/1989",0,4.5,0.4,NA
"12/11/1989",0.2,9.4,0.6,NA
"12/12/1989",6.2,7.4,0.5,NA
"12/13/1989",0,4.6,0.4,NA
"12/14/1989",0,1.4,0.3,NA
"12/15/1989",0,-0.5,0.2,NA
"12/16/1989",0,-0.5,0.2,NA
"12/17/1989",0,2.3,0.3,NA
"12/18/1989",0,2.2,0.3,NA
"12/19/1989",0,0.4,0.2,NA
"12/20/1989",0,1.7,0.3,NA
"12/21/1989",3.6,6.3,0.5,NA
"12/22/1989",0.8,7,0.5,NA
"12/23/1989",3.9,9.4,0.6,NA
"12/24/1989",6.4,11.2,0.7,NA
"12/25/1989",0,5.8,0.4,NA
"12/26/1989",2,3.6,0.3,NA
"12/27/1989",7.7,5.2,0.4,NA
"12/28/1989",6.1,0.6,0.2,NA
"12/29/1989",0.3,-1.3,0.2,NA
"12/30/1989",3.6,1.3,0.3,NA
"12/31/1989",2.7,2.3,0.3,NA
"1/1/1990",0,2.4,0.3,8.3
"1/2/1990",9.3,4.7,0.4,7.5
"1/3/1990",3.2,3.1,0.4,11.9
"1/4/1990",7.3,2.7,0.3,10
"1/5/1990",0,-3.3,0.1,13.8
"1/6/1990",0,-3.4,0.1,12.8
"1/7/1990",0,-1.8,0.1,10.9
"1/8/1990",0,-0.5,0.2,9.1
"1/9/1990",0.1,-1.2,0.2,9.1
"1/10/1990",0.2,1.2,0.3,9.1
"1/11/1990",2.9,2.6,0.3,7.15
"1/12/1990",0.2,-0.3,0.2,7.5
"1/13/1990",0,0.2,0.2,6.75
"1/14/1990",0,-0.6,0.2,5.95
"1/15/1990",0,-0.8,0.2,5.15
"1/16/1990",3.3,0.6,0.3,5.15
"1/17/1990",4.6,1.5,0.3,5.15
"1/18/1990",0.8,-0.9,0.2,5.15
"1/19/1990",1.8,-1,0.2,5.15
"1/20/1990",1.1,0.3,0.3,4.61
"1/21/1990",0,-0.7,0.2,4.09
"1/22/1990",5,-1.6,0.2,3.62
"1/23/1990",13.1,1,0.3,4.09
"1/24/1990",14.6,7.2,0.6,11.9
"1/25/1990",4,3.1,0.4,20.8
"1/26/1990",0.8,2.5,0.4,19.6
"1/27/1990",0.1,2.3,0.4,16.9
"1/28/1990",3.3,4.1,0.5,15.9
"1/29/1990",7.7,1.5,0.4,12.8
"1/30/1990",10.3,0.1,0.3,11.9
"1/31/1990",3.7,0.1,0.3,10.9
"2/1/1990",15.3,3.1,0.5,15.9
"2/2/1990",3.2,3.2,0.5,27.3
"2/3/1990",2.7,0,0.3,24.2
"2/4/1990",2.2,-0.2,0.3,20.8
"2/5/1990",8,1.7,0.4,19.6
"2/6/1990",14.3,1.1,0.4,23.1
"2/7/1990",6.3,0.4,0.3,22.5
"2/8/1990",0,-1.1,0.2,20.8
"2/9/1990",5.9,-2.9,0.1,18.5
"2/10/1990",9.2,-3.7,0.1,16.4
"2/11/1990",6.1,-5.6,0,14.8
"2/12/1990",0.1,-4.4,0.1,11.9
"2/13/1990",0,-4.6,0.1,10
"2/14/1990",2.8,-4.4,0,8.7
"2/15/1990",10.6,-2.6,0.2,8.3
"2/16/1990",8.8,7.8,0.9,21.3
"2/17/1990",7.2,7.7,0.9,44.7
"2/18/1990",4.9,2.6,0.5,53.5
"2/19/1990",1.8,6.7,0.9,49
"2/20/1990",0,5.8,0.8,41.1
"2/21/1990",1.2,5.6,0.8,33.6
"2/22/1990",0,6.5,0.9,29.1
"2/23/1990",0.3,10.4,1.2,24.8
"2/24/1990",0,12.4,1.4,21.9
"2/25/1990",5.1,9.5,1.2,20.8
"2/26/1990",0.8,7.9,1,19.6
"2/27/1990",1.4,7,1,18
"2/28/1990",0,7.8,1,15.9
"3/1/1990",1.5,6.7,1,15.3
"3/2/1990",0,6.6,1,10
"3/3/1990",2.3,7.3,1.1,8.7
"3/4/1990",3.4,6.5,1,8.3
"3/5/1990",0,2.5,0.7,7.9
"3/6/1990",0,1.6,0.6,6.35
"3/7/1990",0,1,0.6,5.95
"3/8/1990",0,3,0.7,5.95
"3/9/1990",0,4.6,0.9,5.15
"3/10/1990",0,5.9,1,4.09
"3/11/1990",0,7.7,1.2,3.62
"3/12/1990",3.2,6,1.1,2.77
"3/13/1990",0,3.9,0.9,3.18
"3/14/1990",1.7,3.8,0.9,3.18
"3/15/1990",0.2,6.4,1.1,3.18
"3/16/1990",6.7,5.2,1,3.62
"3/17/1990",6.3,1.6,0.7,3.18
"3/18/1990",0.4,0.2,0.5,3.18
"3/19/1990",25.2,1.9,0.7,3.18
"3/20/1990",12.5,8.7,1.5,12.8
"3/21/1990",4.5,2.7,0.8,20.2
"3/22/1990",6.9,3.2,0.9,16.9
"3/23/1990",10.2,4.3,1,16.9
"3/24/1990",4.9,1.9,0.8,18
"3/25/1990",7.5,5.7,1.2,20.2
"3/26/1990",11.1,4.7,1.1,22.5
"3/27/1990",0,6.3,1.3,24.8
"3/28/1990",0,10.5,1.8,23.6
"3/29/1990",0.6,10.5,1.8,22.5
"3/30/1990",11,6.2,1.3,22.5
"3/31/1990",0,6.9,1.4,20.2
"4/1/1990",0.4,7.2,1.5,16.9
"4/2/1990",0,7.1,1.5,15.3
"4/3/1990",1,6.4,1.4,14.8
"4/4/1990",1.6,7.4,1.5,13.8
"4/5/1990",3.1,7.5,1.6,8.3
"4/6/1990",0,4.3,1.2,10
"4/7/1990",0,3.5,1.1,8.3
"4/8/1990",0,3.5,1.1,7.15
"4/9/1990",0,4.5,1.3,5.95
"4/10/1990",2.4,5,1.3,5.95
"4/11/1990",2.1,1.9,0.9,5.15
"4/12/1990",0.8,1.8,0.9,5.15
"4/13/1990",8.4,3,1,4.88
"4/14/1990",16.1,1.3,0.8,6.75
"4/15/1990",2.9,0.2,0.7,7.9
"4/16/1990",0,1.8,0.9,6.75
"4/17/1990",0.4,1.5,0.9,6.75
"4/18/1990",12.2,3.7,1.2,8.3
"4/19/1990",8.8,7.4,1.7,12.8
"4/20/1990",6.3,7.6,1.8,16.4
"4/21/1990",2.5,5.8,1.5,22.5
"4/22/1990",0,6,1.6,21.3
"4/23/1990",0,8.1,1.9,19.1
"4/24/1990",1.7,8.1,1.9,16.9
"4/25/1990",2.5,8.6,2,15.3
"4/26/1990",9.9,8.7,2,14.8
"4/27/1990",7.5,6.6,1.7,20.2
"4/28/1990",0.3,8.8,2.1,19.6
"4/29/1990",6.3,9.6,2.2,18
"4/30/1990",4.6,9.2,2.1,19.1
"5/1/1990",1.1,7.8,1.9,16.9
"5/2/1990",0,8,2,14.3
"5/3/1990",0,10.6,2.4,10.9
"5/4/1990",0,13.8,2.9,10.5
"5/5/1990",0.4,12.1,2.6,9.55
"5/6/1990",9.1,7.7,2,8.7
"5/7/1990",0,7,1.8,10
"5/8/1990",13.4,10,2.4,7.15
"5/9/1990",4,9.1,2.2,10.5
"5/10/1990",0,11.3,2.6,11.9
"5/11/1990",0,6.6,1.8,10
"5/12/1990",8.6,7.4,2,9.55
"5/13/1990",5.3,5.9,1.7,10.5
"5/14/1990",2.5,7.6,2,11.4
"5/15/1990",1.8,9.2,2.3,10.9
"5/16/1990",0,11.8,2.7,10.5
"5/17/1990",2.4,13.8,3.1,9.1
"5/18/1990",13.3,12.1,2.8,10
"5/19/1990",5.8,10.8,2.6,13.3
"5/20/1990",4.3,11.7,2.8,13.3
"5/21/1990",20,11.1,2.7,11.9
"5/22/1990",9.8,7.3,2,23.6
"5/23/1990",2.1,8,2.2,28.5
"5/24/1990",1.6,10.3,2.6,26
"5/25/1990",3.7,8,2.2,23.1
"5/26/1990",0.2,10.4,2.6,20.8
"5/27/1990",0,14,3.2,16.9
"5/28/1990",0,14.2,3.2,14.3
"5/29/1990",0.1,14.9,3.4,11.9
"5/30/1990",0.7,15.6,3.5,10.5
"5/31/1990",2.2,16.3,3.6,9.1
"6/1/1990",0,17.2,3.8,7.9
"6/2/1990",1.1,18.4,4,4.61
"6/3/1990",1.5,17.6,3.9,4.09
"6/4/1990",0,18,3.9,3.62
"6/5/1990",0,19.4,4.2,3.85
"6/6/1990",1.1,17.6,3.9,4.88
"6/7/1990",16.5,16.8,3.8,5.15
"6/8/1990",0,17.8,3.9,4.35
"6/9/1990",0.4,19,4.2,2.59
"6/10/1990",0,16.4,3.7,2.97
"6/11/1990",0,12.5,3,2.07
"6/12/1990",0,13,3.1,1.91
"6/13/1990",0,12.2,3,1.91
"6/14/1990",0.3,13.6,3.2,1.91
"6/15/1990",2.1,13.1,3.2,1.76
"6/16/1990",4.1,9.8,2.6,1.76
"6/17/1990",0,10,2.6,2.07
"6/18/1990",4.7,12.1,3,1.76
"6/19/1990",0.5,12.8,3.1,2.07
"6/20/1990",1.8,14.5,3.4,1.49
"6/21/1990",0,14.2,3.4,1.36
"6/22/1990",2.3,14.1,3.3,1.25
"6/23/1990",8.9,12.4,3,1.25
"6/24/1990",3.9,10.2,2.7,1.62
"6/25/1990",2.3,9.7,2.6,1.62
"6/26/1990",3.2,10.4,2.7,1.62
"6/27/1990",2,9.3,2.5,1.62
"6/28/1990",0,11,2.8,1.76
"6/29/1990",0,14.4,3.4,1.62
"6/30/1990",6.5,15.8,3.6,1.49
"7/1/1990",0,14,3.3,1.25
"7/2/1990",0.6,14.2,3.3,1.25
"7/3/1990",3.4,16.9,3.8,1.25
"7/4/1990",3,12.1,2.9,1.36
"7/5/1990",9.6,11.5,2.9,1.36
"7/6/1990",4.7,11.1,2.8,1.62
"7/7/1990",0.1,10.1,2.6,2.23
"7/8/1990",0,13.5,3.2,1.76
"7/9/1990",0.1,14.9,3.4,1.62
"7/10/1990",0,17.5,3.8,1.49
"7/11/1990",4.9,16.7,3.7,1.36
"7/12/1990",0,17.9,3.9,1.36
"7/13/1990",0,20.1,4.3,1.36
"7/14/1990",0,20.5,4.3,1.25
"7/15/1990",0,18.2,3.9,1.13
"7/16/1990",0,18.1,3.9,1.13
"7/17/1990",0,21.5,4.5,1.03
"7/18/1990",9,16.4,3.6,0.93
"7/19/1990",0,12.9,3,0.93
"7/20/1990",0,13.5,3.1,1.03
"7/21/1990",0,13.8,3.1,1.03
"7/22/1990",0,15,3.3,0.93
"7/23/1990",0,17.7,3.8,0.93
"7/24/1990",0,19.2,4,0.835
"7/25/1990",0,20.2,4.1,0.835
"7/26/1990",13.7,16.4,3.5,0.835
"7/27/1990",0,19.2,3.9,1.03
"7/28/1990",0,22.2,4.4,0.93
"7/29/1990",0,24.1,4.7,0.75
"7/30/1990",9.3,21.3,4.2,0.835
"7/31/1990",10.9,14,3,0.835
"8/1/1990",0,15.2,3.2,1.13
"8/2/1990",0.7,17.7,3.6,0.835
"8/3/1990",0.2,17.7,3.6,0.835
"8/4/1990",0,17.1,3.5,0.75
"8/5/1990",0,17.1,3.5,0.67
"8/6/1990",12.9,18.8,3.7,0.67
"8/7/1990",23.1,11.2,2.5,1.13
"8/8/1990",1.6,12.7,2.7,2.97
"8/9/1990",1.5,12.8,2.7,1.49
"8/10/1990",1,12.4,2.7,1.25
"8/11/1990",0,12.9,2.7,1.13
"8/12/1990",0,15.1,3,0.93
"8/13/1990",0,15.6,3.1,0.835
"8/14/1990",0,16.3,3.2,0.835
"8/15/1990",1.3,17.3,3.3,0.75
"8/16/1990",1.4,15.9,3.1,0.75
"8/17/1990",0,14.3,2.8,0.75
"8/18/1990",0,15.2,2.9,0.67
"8/19/1990",0,18.9,3.5,0.595
"8/20/1990",0,20.2,3.6,0.595
"8/21/1990",0,19.5,3.5,0.595
"8/22/1990",2.3,20.5,3.6,0.595
"8/23/1990",0.7,19.5,3.4,0.595
"8/24/1990",0,17.5,3.1,0.595
"8/25/1990",0,17.2,3.1,0.525
"8/26/1990",0,14.4,2.7,0.525
"8/27/1990",0,12.1,2.3,0.525
"8/28/1990",0,12.2,2.3,0.525
"8/29/1990",0,13.8,2.5,0.525
"8/30/1990",1.9,12.3,2.3,0.595
"8/31/1990",0,10.2,2,0.461
"9/1/1990",0,11,2.1,0.93
"9/2/1990",0,11.5,2.2,0.461
"9/3/1990",0,12.9,2.3,0.525
"9/4/1990",0.2,15.8,2.7,0.595
"9/5/1990",4.7,16,2.7,0.461
"9/6/1990",8,14.3,2.4,0.595
"9/7/1990",17.6,14.6,2.4,0.93
"9/8/1990",2.4,16.5,2.7,1.36
"9/9/1990",1.3,18,2.8,0.93
"9/10/1990",0,16.9,2.7,0.93
"9/11/1990",1.9,16.5,2.6,0.93
"9/12/1990",0,11.6,2,0.67
"9/13/1990",0,11.4,1.9,0.67
"9/14/1990",0,15.5,2.4,0.595
"9/15/1990",0,11.9,2,0.595
"9/16/1990",0,13.5,2.1,0.525
"9/17/1990",0,15.7,2.3,0.461
"9/18/1990",0,13.8,2.1,0.461
"9/19/1990",0,10.7,1.7,0.461
"9/20/1990",0,8.8,1.5,0.461
"9/21/1990",0,7.9,1.4,0.461
"9/22/1990",0,10.7,1.7,0.461
"9/23/1990",0,12.3,1.8,0.461
"9/24/1990",0,14.2,2,0.461
"9/25/1990",0,16.8,2.2,0.461
"9/26/1990",0,14.3,2,0.461
"9/27/1990",2.1,10.3,1.5,0.461
"9/28/1990",0,10.4,1.5,0.461
"9/29/1990",1.2,11.7,1.6,0.525
"9/30/1990",0.9,8.6,1.3,0.525
"10/1/1990",0.8,5.9,1.1,0.525
"10/2/1990",0,6.2,1.1,0.595
"10/3/1990",4.3,6.8,1.1,0.595
"10/4/1990",0,6.7,1.1,0.595
"10/5/1990",0,6.5,1.1,0.67
"10/6/1990",0,8.3,1.2,0.67
"10/7/1990",0,11.5,1.5,0.595
"10/8/1990",0,14.2,1.7,0.595
"10/9/1990",0,14.9,1.7,0.525
"10/10/1990",0,17.8,1.9,0.525
"10/11/1990",0,15.2,1.7,0.403
"10/12/1990",0,13.1,1.5,0.3
"10/13/1990",0,13.3,1.5,0.461
"10/14/1990",0,13.8,1.5,0.461
"10/15/1990",2.9,12.8,1.4,0.461
"10/16/1990",0.7,10.8,1.2,0.595
"10/17/1990",21.5,6.8,0.9,0.67
"10/18/1990",1.9,5.2,0.8,1.13
"10/19/1990",0,4.6,0.7,0.93
"10/20/1990",0.8,3,0.6,0.75
"10/21/1990",0.8,6,0.8,0.75
"10/22/1990",0.6,6.1,0.8,0.67
"10/23/1990",0,9,1,0.67
"10/24/1990",0,7.7,0.9,0.595
"10/25/1990",0.1,7.7,0.9,0.595
"10/26/1990",2.4,8.9,1,0.525
"10/27/1990",0,8.1,0.9,0.595
"10/28/1990",0,3.8,0.6,0.595
"10/29/1990",0,4.9,0.7,0.595
"10/30/1990",0,5.7,0.7,0.595
"10/31/1990",0,7.3,0.8,0.595
"11/1/1990",0,6.4,0.7,0.595
"11/2/1990",0,5.2,0.6,0.595
"11/3/1990",0,4.5,0.6,0.595
"11/4/1990",0,8.3,0.8,0.595
"11/5/1990",0,6.1,0.7,0.595
"11/6/1990",0,4.9,0.6,0.595
"11/7/1990",0,5.8,0.6,0.595
"11/8/1990",0,6.5,0.7,0.595
"11/9/1990",0,5.1,0.6,0.595
"11/10/1990",0,6.3,0.6,0.67
"11/11/1990",0,6.6,0.6,0.67
"11/12/1990",0,8.6,0.8,0.67
"11/13/1990",1.1,9,0.8,0.67
"11/14/1990",0,7.2,0.7,0.67
"11/15/1990",0,7.9,0.7,0.835
"11/16/1990",1.3,5.6,0.6,0.75
"11/17/1990",0,1.1,0.3,0.67
"11/18/1990",0,2.4,0.4,0.67
"11/19/1990",0,5.2,0.5,0.67
"11/20/1990",1.3,7,0.6,0.67
"11/21/1990",0.2,4.8,0.5,0.67
"11/22/1990",0,0.9,0.3,0.75
"11/23/1990",0.5,-0.1,0.2,0.75
"11/24/1990",0,1.6,0.3,0.75
"11/25/1990",4.1,2.9,0.4,0.525
"11/26/1990",1.1,-1.1,0.2,0.67
"11/27/1990",3.4,-2.7,0.1,0.75
"11/28/1990",1.6,-2.8,0.1,0.75
"11/29/1990",0,-3.1,0.1,0.67
"11/30/1990",0,-4.2,0,0.67
"12/1/1990",0,-5.3,0,0.67
"12/2/1990",0,-3.8,0.1,0.67
"12/3/1990",1.6,3.7,0.4,0.595
"12/4/1990",9,4.7,0.4,0.67
"12/5/1990",0.6,2.9,0.3,1.25
"12/6/1990",0,0.9,0.2,1.03
"12/7/1990",0.8,5.9,0.5,0.835
"12/8/1990",6.2,11.2,0.7,0.75
"12/9/1990",0,7,0.5,0.835
"12/10/1990",0,9.9,0.6,0.75
"12/11/1990",4.8,11.9,0.7,0.75
"12/12/1990",7.1,9.7,0.6,0.835
"12/13/1990",11.2,6.6,0.5,0.93
"12/14/1990",6.2,4.5,0.4,1.36
"12/15/1990",3.6,6.1,0.5,1.49
"12/16/1990",7.1,3.4,0.3,1.49
"12/17/1990",2.7,2.7,0.3,2.07
"12/18/1990",0.1,-1.9,0.1,1.91
"12/19/1990",0.4,-2.4,0.1,1.36
"12/20/1990",1,-0.6,0.2,1.25
"12/21/1990",2.7,2.3,0.3,1.13
"12/22/1990",0,-0.4,0.2,1.13
"12/23/1990",3,1.4,0.3,1.03
"12/24/1990",2.7,7.6,0.5,1.13
"12/25/1990",0.1,7,0.5,1.13
"12/26/1990",0,5.9,0.4,0.93
"12/27/1990",1.1,10.5,0.6,1.03
"12/28/1990",3.1,9.8,0.6,0.93
"12/29/1990",6.4,9.3,0.6,1.13
"12/30/1990",15.8,8,0.5,1.36
"12/31/1990",3.7,7.3,0.5,4.61
"1/1/1991",0.3,-7,0,4.49
"1/2/1991",2.1,-6.4,0,3.54
"1/3/1991",3.1,-5,0,3.32
"1/4/1991",3.1,-1.7,0.1,3.11
"1/5/1991",0,-0.2,0.2,3.32
"1/6/1991",0,-1.8,0.1,2.9
"1/7/1991",0.2,-3.3,0.1,2.7
"1/8/1991",7.1,1,0.3,2.7
"1/9/1991",3.4,2.3,0.3,3.11
"1/10/1991",9.8,0.5,0.3,3.54
"1/11/1991",4.4,0.7,0.3,5
"1/12/1991",6.4,-1.7,0.2,5.3
"1/13/1991",0,-4.8,0,3.54
"1/14/1991",0,-8.4,0,2.9
"1/15/1991",0,-7.7,0,2.3
"1/16/1991",0,-11.4,0,2.9
"1/17/1991",0,-8.6,0,3.1
"1/18/1991",0,-2,0.1,3.2
"1/19/1991",3.8,4,0.4,2.9
"1/20/1991",0.1,4.4,0.5,2.9
"1/21/1991",1,0.9,0.3,2.32
"1/22/1991",4.3,3.2,0.4,2.7
"1/23/1991",0.3,6.4,0.6,4.75
"1/24/1991",0.1,-0.4,0.2,6.1
"1/25/1991",0,-3.7,0.1,4.01
"1/26/1991",7.7,0.3,0.3,4.01
"1/27/1991",14.3,2.2,0.4,5.55
"1/28/1991",0.5,-0.7,0.2,8
"1/29/1991",2.4,1.4,0.4,7.35
"1/30/1991",2.7,2.2,0.4,7
"1/31/1991",0,-0.6,0.2,5.85
"2/1/1991",2.8,1.4,0.4,5.55
"2/2/1991",3.4,8.6,0.8,6.1
"2/3/1991",0.2,5.6,0.6,7.65
"2/4/1991",16.6,6.8,0.7,5.3
"2/5/1991",15.3,7.8,0.8,11.6
"2/6/1991",4.9,6.9,0.7,20.2
"2/7/1991",1.3,8.3,0.8,19.2
"2/8/1991",2.2,7.7,0.8,18.2
"2/9/1991",8.3,10.7,1,17.7
"2/10/1991",1.4,8.7,0.9,18.2
"2/11/1991",8.9,8,0.9,16.7
"2/12/1991",2.6,7.8,0.8,16.3
"2/13/1991",0.9,6,0.7,14.5
"2/14/1991",1,5.2,0.7,13.2
"2/15/1991",7.2,-3,0.1,11.2
"2/16/1991",1.9,-5.2,0,10.8
"2/17/1991",8.5,-4.1,0.1,9.35
"2/18/1991",3.7,-2.7,0.2,8
"2/19/1991",0.8,-2.5,0.2,7.35
"2/20/1991",0.3,-2,0.2,6.7
"2/21/1991",0,-0.9,0.3,7.65
"2/22/1991",2.4,-0.6,0.3,7.35
"2/23/1991",0.5,-0.2,0.4,8.3
"2/24/1991",0,-0.9,0.3,7.35
"2/25/1991",0,-2.4,0.2,6.7
"2/26/1991",0,-3,0.2,6.7
"2/27/1991",0,-2.8,0.2,5.85
"2/28/1991",1.8,0.7,0.5,5.85
"3/1/1991",0,0.6,0.5,5.55
"3/2/1991",1.2,1.2,0.5,5.55
"3/3/1991",0.2,5.5,0.9,6.1
"3/4/1991",2.8,7.2,1.1,7
"3/5/1991",0.4,6.1,1,8.65
"3/6/1991",1.6,7.5,1.1,7.35
"3/7/1991",0,5.4,1,7.35
"3/8/1991",0,2.9,0.7,7.65
"3/9/1991",5.9,5.3,0.9,7.35
"3/10/1991",14.4,6,1.1,7.35
"3/11/1991",9.6,9.5,1.4,11.6
"3/12/1991",0.5,10,1.4,20.2
"3/13/1991",0,7.1,1.2,20.7
"3/14/1991",6.8,7.1,1.2,19.2
"3/15/1991",0.5,6.5,1.2,19.2
"3/16/1991",2,2.3,0.7,16.3
"3/17/1991",0.2,5.7,1.1,14.1
"3/18/1991",0.8,4.7,1,11.6
"3/19/1991",3.8,4.1,1,10.4
"3/20/1991",3,4.4,1,9.7
"3/21/1991",1.4,5.3,1.1,9.35
"3/22/1991",4.1,6,1.2,8.65
"3/23/1991",1.9,6.6,1.3,7.65
"3/24/1991",1.2,9,1.6,7
"3/25/1991",4.8,10.6,1.7,6.4
"3/26/1991",3,7.6,1.4,7.65
"3/27/1991",7,5.9,1.2,7
"3/28/1991",2.2,3.4,1,7.35
"3/29/1991",5.8,1.9,0.8,7.65
"3/30/1991",4,2.2,0.8,7.65
"3/31/1991",1,1.9,0.8,7.65
"4/1/1991",1.5,3.9,1.1,8
"4/2/1991",5.9,6.3,1.4,8.3
"4/3/1991",2.7,3.9,1.1,9.7
"4/4/1991",8.7,3.2,1,10.1
"4/5/1991",3,1.6,0.8,11.6
"4/6/1991",1.3,0.5,0.7,12.4
"4/7/1991",0,1.9,0.9,12
"4/8/1991",0,6.5,1.5,10.4
"4/9/1991",0,10.2,2,10.1
"4/10/1991",1.9,10.8,2.1,9
"4/11/1991",1.8,7.5,1.6,9
"4/12/1991",0,8.9,1.8,8.65
"4/13/1991",0,10.3,2,7.65
"4/14/1991",0.2,10.2,2.1,6.1
"4/15/1991",0.1,11.1,2.2,6.4
"4/16/1991",0,10,2.1,5.85
"4/17/1991",0.6,4,1.2,5.85
"4/18/1991",1.3,3.6,1.2,5.55
"4/19/1991",0,3.6,1.2,5
"4/20/1991",0.7,5.7,1.5,4.49
"4/21/1991",1,5.6,1.5,3.77
"4/22/1991",5.9,8.4,1.9,3.77
"4/23/1991",15.7,9.8,2.1,4.75
"4/24/1991",5,7.3,1.8,7
"4/25/1991",5.6,4.9,1.4,5.3
"4/26/1991",5.8,3.3,1.2,6.1
"4/27/1991",2.9,3.5,1.2,6.1
"4/28/1991",2.8,4.1,1.3,6.1
"4/29/1991",0,5,1.5,6.7
"4/30/1991",7.5,7.3,1.8,6.1
"5/1/1991",7.9,7.6,1.9,7
"5/2/1991",6.6,4.6,1.5,9.35
"5/3/1991",3.8,3.9,1.4,9.7
"5/4/1991",5.9,3.1,1.2,10.1
"5/5/1991",0.6,3.8,1.4,10.8
"5/6/1991",0,5.5,1.6,11.2
"5/7/1991",0,5.9,1.7,10.4
"5/8/1991",0,11,2.5,8.3
"5/9/1991",5.3,10.4,2.4,7.35
"5/10/1991",0,10.2,2.4,6.7
"5/11/1991",0,12.2,2.7,6.7
"5/12/1991",0,12.3,2.8,6.4
"5/13/1991",0,13.8,3,5.3
"5/14/1991",0,14.1,3.1,5.3
"5/15/1991",0,17.7,3.7,4.75
"5/16/1991",1.3,18.8,3.9,4.49
"5/17/1991",19.5,12.2,2.8,4.49
"5/18/1991",3.9,6.8,1.9,7
"5/19/1991",3.3,11.2,2.7,6.7
"5/20/1991",1.1,10.5,2.6,5.3
"5/21/1991",14.8,12.8,3,5
"5/22/1991",3.9,13.1,3,5.55
"5/23/1991",42.3,12.6,2.9,7.35
"5/24/1991",0.8,8.5,2.3,30.3
"5/25/1991",1.3,11.2,2.7,25
"5/26/1991",19.2,14,3.2,21.2
"5/27/1991",2.3,9.5,2.4,24.5
"5/28/1991",0,17.7,3.8,20.7
"5/29/1991",0,18.9,4,17.2
"5/30/1991",0.1,19.6,4.2,12.4
"5/31/1991",15,17.3,3.8,9.7
"6/1/1991",2.1,16.7,3.7,18.7
"6/2/1991",7,16.9,3.8,12
"6/3/1991",1,18.7,4.1,10.1
"6/4/1991",9.7,18.3,4,8.3
"6/5/1991",1.1,15.1,3.5,10.4
"6/6/1991",1.5,14.3,3.3,9
"6/7/1991",0,13.1,3.1,7.35
"6/8/1991",0,13,3.1,7
"6/9/1991",0,18,4,5.85
"6/10/1991",5.3,19,4.2,5
"6/11/1991",2.4,18,4,5
"6/12/1991",8.1,16.5,3.8,5.3
"6/13/1991",1.3,14.2,3.3,5.85
"6/14/1991",5.8,12.7,3.1,3.77
"6/15/1991",20.2,10.1,2.6,6.1
"6/16/1991",13.2,7.6,2.2,9.7
"6/17/1991",0,11.7,2.9,14.5
"6/18/1991",0,13.9,3.3,10.8
"6/19/1991",0,14.3,3.4,8.3
"6/20/1991",0,15.7,3.6,8
"6/21/1991",3.3,17.9,4,7
"6/22/1991",4.7,16.4,3.7,6.4
"6/23/1991",0.2,18.3,4.1,5.85
"6/24/1991",0.3,14.5,3.4,5
"6/25/1991",0,15.4,3.5,4.75
"6/26/1991",0,18.6,4.1,4.49
"6/27/1991",14.3,15.9,3.7,4.25
"6/28/1991",0,17.7,3.9,5
"6/29/1991",0,17.5,3.9,4.01
"6/30/1991",0,14.9,3.4,3.11
"7/1/1991",0,11.7,2.9,2.7
"7/2/1991",0,11.6,2.9,2.51
"7/3/1991",0,11.9,2.9,2.32
"7/4/1991",0,13.2,3.1,2.14
"7/5/1991",0,15.9,3.6,1.97
"7/6/1991",0,17,3.8,1.97
"7/7/1991",0,17.7,3.9,1.64
"7/8/1991",0,16.9,3.8,1.49
"7/9/1991",0,18.8,4.1,1.49
"7/10/1991",0,19.8,4.2,1.34
"7/11/1991",0.1,20.4,4.3,1.21
"7/12/1991",8.6,17.7,3.9,1.34
"7/13/1991",9.5,15.7,3.5,1.64
"7/14/1991",0,16.3,3.6,1.8
"7/15/1991",0,16.7,3.7,1.49
"7/16/1991",0,16.4,3.6,1.49
"7/17/1991",0,17.1,3.7,1.34
"7/18/1991",0,20.5,4.3,1.21
"7/19/1991",13.7,19.6,4.1,1.07
"7/20/1991",0.1,18,3.9,1.34
"7/21/1991",0,15.9,3.5,1.21
"7/22/1991",0,14.5,3.2,1.07
"7/23/1991",0,13.8,3.1,1.07
"7/24/1991",0,15.6,3.4,0.835
"7/25/1991",0,17.3,3.7,0.725
"7/26/1991",0,20,4.1,0.725
"7/27/1991",0,22.1,4.4,0.725
"7/28/1991",0,21.8,4.3,0.725
"7/29/1991",0,23.1,4.5,0.725
"7/30/1991",0.2,21.9,4.3,0.62
"7/31/1991",0,20.4,4.1,0.62
"8/1/1991",0,20.2,4,0.53
"8/2/1991",0.6,20,4,0.53
"8/3/1991",1.8,16,3.3,0.53
"8/4/1991",0,17.2,3.5,0.53
"8/5/1991",0,20.5,4,0.44
"8/6/1991",0,21.3,4.1,0.44
"8/7/1991",0.3,19.4,3.8,0.44
"8/8/1991",2.6,15.8,3.2,0.44
"8/9/1991",2.8,14.5,3,0.44
"8/10/1991",0.3,14.2,2.9,0.44
"8/11/1991",8,15.1,3.1,0.62
"8/12/1991",0,16.8,3.3,0.725
"8/13/1991",0,17.7,3.4,0.835
"8/14/1991",6.8,22.3,4.1,0.725
"8/15/1991",66.8,12.8,2.6,0.835
"8/16/1991",1.6,12.2,2.5,12.4
"8/17/1991",12.8,13,2.6,4.36
"8/18/1991",9.8,11.4,2.4,3.27
"8/19/1991",1.8,12.3,2.5,4.59
"8/20/1991",0.8,13.5,2.6,4.84
"8/21/1991",0.1,14.8,2.8,4.36
"8/22/1991",0,15.6,2.9,3.47
"8/23/1991",12.9,12.6,2.5,3.27
"8/24/1991",6.1,10.9,2.2,4.84
"8/25/1991",14.5,11.8,2.3,4.13
"8/26/1991",9.4,12.2,2.4,6.15
"8/27/1991",0.2,11,2.2,8.25
"8/28/1991",0,11.1,2.2,7.6
"8/29/1991",1.1,13.9,2.6,6.15
"8/30/1991",0.2,16.9,2.9,5.1
"8/31/1991",0,18.2,3.1,4.84
"9/1/1991",0,20,3.3,4.36
"9/2/1991",9.7,17.6,2.9,3.69
"9/3/1991",0,14.7,2.5,4.36
"9/4/1991",0,13.9,2.4,4.13
"9/5/1991",0,14.9,2.5,3.47
"9/6/1991",0,17.8,2.9,3.07
"9/7/1991",0,17.2,2.8,2.69
"9/8/1991",0.2,18.3,2.9,2.69
"9/9/1991",17.5,18,2.8,2.69
"9/10/1991",12.9,14.7,2.4,4.59
"9/11/1991",0,14.1,2.3,5.35
"9/12/1991",0,16.7,2.6,4.13
"9/13/1991",3.4,18.1,2.7,3.9
"9/14/1991",0.8,16.7,2.5,4.13
"9/15/1991",0,13.2,2.1,4.13
"9/16/1991",0,9.9,1.7,3.47
"9/17/1991",0,14.6,2.2,2.33
"9/18/1991",0,16.1,2.3,2
"9/19/1991",10.6,16.4,2.3,1.85
"9/20/1991",5.6,15.1,2.2,2
"9/21/1991",0,9.4,1.6,2.17
"9/22/1991",3,7,1.3,2
"9/23/1991",1.6,6.7,1.2,2
"9/24/1991",0,7.5,1.3,2
"9/25/1991",0,8.2,1.4,1.85
"9/26/1991",0,8.1,1.3,1.85
"9/27/1991",0,9.8,1.5,2.17
"9/28/1991",0,11.2,1.6,2.17
"9/29/1991",0,11.2,1.6,2.17
"9/30/1991",0,13.2,1.8,2
"10/1/1991",0,13.4,1.8,1.85
"10/2/1991",0,15.1,1.9,1.85
"10/3/1991",0,16.6,2,1.85
"10/4/1991",3.4,15.8,1.9,1.7
"10/5/1991",0,10,1.4,1.7
"10/6/1991",10.6,9.8,1.4,1.7
"10/7/1991",0,15,1.8,1.85
"10/8/1991",0,16,1.9,1.85
"10/9/1991",0,17.7,2,1.85
"10/10/1991",26.2,16.6,1.9,1.7
"10/11/1991",3.6,13.5,1.6,5.1
"10/12/1991",1.7,12.7,1.5,4.36
"10/13/1991",14.7,10.8,1.3,3.69
"10/14/1991",3.9,9.3,1.2,4.36
"10/15/1991",8.1,11.1,1.3,4.84
"10/16/1991",7.1,11,1.3,5.1
"10/17/1991",0,8.5,1.1,6.7
"10/18/1991",0,8,1,5.6
"10/19/1991",0,7.1,0.9,5.6
"10/20/1991",0.4,10.2,1.2,4.59
"10/21/1991",1.2,12.6,1.3,3.9
"10/22/1991",15,11.9,1.2,4.13
"10/23/1991",2.6,12,1.2,7.3
"10/24/1991",3.4,9.7,1.1,6.4
"10/25/1991",30.8,11.2,1.2,6.15
"10/26/1991",10.1,6.6,0.8,23.7
"10/27/1991",6.1,6.4,0.8,25.4
"10/28/1991",0.1,7.2,0.8,19.6
"10/29/1991",7.4,6.7,0.8,14.1
"10/30/1991",0.6,5,0.6,12.9
"10/31/1991",3.3,5.6,0.7,12.1
"11/1/1991",0.6,9.9,1,10.6
"11/2/1991",0,7.2,0.8,9.55
"11/3/1991",0,2.8,0.5,8.9
"11/4/1991",2.4,6.2,0.7,7.3
"11/5/1991",6.8,7.9,0.8,7.3
"11/6/1991",3.1,10.4,0.9,7.6
"11/7/1991",3.3,11.6,1,7.6
"11/8/1991",7.8,12,1,7.6
"11/9/1991",1.4,6.4,0.7,8.25
"11/10/1991",0.6,1.2,0.3,8.55
"11/11/1991",0.4,1.3,0.3,7.6
"11/12/1991",5.9,5.2,0.6,7.6
"11/13/1991",9.2,5.9,0.6,8.9
"11/14/1991",5.4,5.9,0.6,11
"11/15/1991",2,2.1,0.4,10.6
"11/16/1991",1.3,0.8,0.3,9.55
"11/17/1991",0,0.2,0.3,9.55
"11/18/1991",7.9,0.6,0.3,8.55
"11/19/1991",0.2,2.4,0.4,9.55
"11/20/1991",0,2.1,0.4,8.25
"11/21/1991",0,1.5,0.3,7.6
"11/22/1991",0,0.7,0.3,7
"11/23/1991",0,-1.2,0.2,6.4
"11/24/1991",0,-2.9,0.1,5.6
"11/25/1991",0,-0.6,0.2,5.6
"11/26/1991",0,3.1,0.4,5.6
"11/27/1991",0,3.1,0.4,5.1
"11/28/1991",0,2.3,0.3,4.59
"11/29/1991",0,5.7,0.5,4.36
"11/30/1991",0,5,0.4,4.13
"12/1/1991",0,5.8,0.5,3.69
"12/2/1991",0,4.7,0.4,3.47
"12/3/1991",0,6.9,0.5,3.27
"12/4/1991",0,6.8,0.5,3.27
"12/5/1991",0,7.6,0.5,3.07
"12/6/1991",0,5.9,0.5,2.88
"12/7/1991",0,5.9,0.5,3.07
"12/8/1991",3.2,6.5,0.5,2.69
"12/9/1991",2.6,8.5,0.6,2.69
"12/10/1991",10.7,11.4,0.7,4.36
"12/11/1991",6.3,8.4,0.6,5.35
"12/12/1991",0,3.4,0.4,4.59
"12/13/1991",1.5,6.7,0.5,4.36
"12/14/1991",2.5,7,0.5,4.84
"12/15/1991",6.2,5.5,0.4,4.13
"12/16/1991",20.9,2.9,0.3,3.9
"12/17/1991",8.2,9.2,0.6,13.3
"12/18/1991",13.7,2.5,0.3,12.9
"12/19/1991",12.6,-0.4,0.2,15.4
"12/20/1991",0.3,-1.8,0.1,20.1
"12/21/1991",0.4,-3.7,0.1,19.1
"12/22/1991",2.3,-4,0,17.7
"12/23/1991",2.7,-2.5,0.1,15.4
"12/24/1991",0,1,0.3,14.1
"12/25/1991",0,-2.7,0.1,13.3
"12/26/1991",0,-2.4,0.1,12.5
"12/27/1991",0.4,1.3,0.3,11
"12/28/1991",0.7,3.1,0.4,10.3
"12/29/1991",19.5,2.1,0.3,9.55
"12/30/1991",17.8,1,0.3,12.9
"12/31/1991",0.9,-0.8,0.2,14.1
"1/1/1992",5.4,-1.4,0.2,13.8
"1/2/1992",0.2,-3.1,0.1,12.5
"1/3/1992",2.5,-4.4,0,7.5
"1/4/1992",6.9,1.9,0.3,12.5
"1/5/1992",5.9,3.2,0.4,22.3
"1/6/1992",2.5,3.1,0.4,26.4
"1/7/1992",0.9,1.6,0.3,25.2
"1/8/1992",0.8,-0.3,0.2,22.9
"1/9/1992",2.6,0.9,0.3,21.2
"1/10/1992",0,0.8,0.3,17.6
"1/11/1992",0.1,-3.9,0,14.2
"1/12/1992",0.6,-6.2,0,11.6
"1/13/1992",0,-7.5,0,11.2
"1/14/1992",0,-3.9,0.1,9.65
"1/15/1992",0,-3.4,0.1,9.65
"1/16/1992",0,-6.1,0,8.2
"1/17/1992",0,-5.4,0,7.5
"1/18/1992",0,-2.4,0.1,6.85
"1/19/1992",0,1.6,0.3,5.6
"1/20/1992",1.5,2.5,0.4,5.6
"1/21/1992",8.7,2.8,0.4,6.25
"1/22/1992",6.5,4.6,0.5,8.55
"1/23/1992",10.7,4,0.5,8.2
"1/24/1992",7.6,8.6,0.7,12.1
"1/25/1992",0,2.5,0.4,14.2
"1/26/1992",0,-0.3,0.3,12.9
"1/27/1992",0,-3.8,0.1,12.1
"1/28/1992",0,-1.5,0.2,10.8
"1/29/1992",0,2.4,0.4,9.65
"1/30/1992",0,7.4,0.7,8.55
"1/31/1992",10.1,7.4,0.7,9.3
"2/1/1992",1.8,2.7,0.4,9.65
"2/2/1992",5.7,4.8,0.6,9.3
"2/3/1992",22.3,6.1,0.6,9.65
"2/4/1992",4.5,10.9,0.9,21.2
"2/5/1992",0,9.3,0.9,27.7
"2/6/1992",3.4,7.2,0.7,24.6
"2/7/1992",0,4.9,0.6,22.9
"2/8/1992",0,6.3,0.7,19.1
"2/9/1992",2.2,9.6,0.9,17.1
"2/10/1992",1.5,5.5,0.7,16.6
"2/11/1992",0,2.1,0.5,12.5
"2/12/1992",0,0.7,0.4,10.4
"2/13/1992",3.6,3.8,0.6,9.65
"2/14/1992",0,4.6,0.7,8.55
"2/15/1992",0.1,4.3,0.6,8.2
"2/16/1992",10.5,5.5,0.7,8.2
"2/17/1992",0,3.9,0.6,8.55
"2/18/1992",0,2.9,0.6,7.85
"2/19/1992",0,4.1,0.7,7.2
"2/20/1992",0,5.4,0.8,7.2
"2/21/1992",0,4.6,0.7,6.25
"2/22/1992",6.4,7.1,0.9,5.6
"2/23/1992",19.7,5.1,0.8,8.2
"2/24/1992",1.1,5.5,0.8,15.6
"2/25/1992",0,5.3,0.8,11.2
"2/26/1992",0,4.7,0.8,11.2
"2/27/1992",0,2.7,0.6,10.8
"2/28/1992",0,0.1,0.4,10.4
"2/29/1992",0,-1.7,0.3,8.9
"3/1/1992",0,0.2,0.4,8.55
"3/2/1992",0,2.4,0.6,7.5
"3/3/1992",0,1.5,0.6,7.5
"3/4/1992",0,-1.3,0.3,5.35
"3/5/1992",0.1,4.3,0.8,5.35
"3/6/1992",13,6.3,1,5.6
"3/7/1992",5.6,5,0.9,7.5
"3/8/1992",11.4,2,0.7,6.85
"3/9/1992",0.4,2.7,0.7,7.5
"3/10/1992",4.8,3.7,0.8,7.2
"3/11/1992",0.4,2.2,0.7,10
"3/12/1992",4.7,3.6,0.8,6.55
"3/13/1992",9.7,3.4,0.8,7.5
"3/14/1992",11.7,0.3,0.5,8.9
"3/15/1992",3.5,0.5,0.6,10
"3/16/1992",0.2,0.6,0.6,10.8
"3/17/1992",0,1.2,0.6,11.2
"3/18/1992",0,4,1,12.1
"3/19/1992",10.6,6.2,1.2,14.7
"3/20/1992",8.9,4.1,1,17.6
"3/21/1992",1,4.6,1,21.2
"3/22/1992",5.3,2.3,0.8,19.6
"3/23/1992",0.3,1,0.7,18.6
"3/24/1992",1.2,3.7,1,15.6
"3/25/1992",1.4,4.5,1.1,13.8
"3/26/1992",9.8,6.6,1.3,13.3
"3/27/1992",5.1,11.6,1.9,14.7
"3/28/1992",3.3,11.2,1.9,16.6
"3/29/1992",0,8.4,1.6,15.6
"3/30/1992",1.5,5.2,1.2,14.7
"3/31/1992",0.2,10.4,1.8,13.8
"4/1/1992",0,12.7,2.1,13.3
"4/2/1992",0.3,6.5,1.4,12.1
"4/3/1992",3.2,2.1,0.9,10.8
"4/4/1992",1.9,0.8,0.7,9.65
"4/5/1992",0.1,1.1,0.7,8.55
"4/6/1992",0,1.5,0.8,7.5
"4/7/1992",0,3.8,1.1,7.85
"4/8/1992",1.6,3.9,1.1,6.55
"4/9/1992",0.1,1.5,0.8,5.6
"4/10/1992",0,2.6,1,5.9
"4/11/1992",0,5.3,1.4,5.35
"4/12/1992",0,8.7,1.8,4.78
"4/13/1992",0,9.5,1.9,3.99
"4/14/1992",3.2,10.2,2,3.99
"4/15/1992",11.4,8,1.7,3.75
"4/16/1992",4.8,8.9,1.9,4.51
"4/17/1992",7.6,9.2,1.9,5.6
"4/18/1992",1.1,8.7,1.9,6.85
"4/19/1992",0.4,8.7,1.9,5.9
"4/20/1992",3.8,3.6,1.2,5.05
"4/21/1992",9.4,2.5,1.1,4.78
"4/22/1992",8.2,3.2,1.2,5.9
"4/23/1992",0,3.8,1.3,7.5
"4/24/1992",0.9,3.3,1.2,6.85
"4/25/1992",0.2,5.3,1.5,7.85
"4/26/1992",5.9,5,1.5,6.85
"4/27/1992",2,4.5,1.4,7.2
"4/28/1992",0,6.6,1.7,7.5
"4/29/1992",1,8.1,2,8.2
"4/30/1992",0.1,9.4,2.2,7.5
"5/1/1992",0.1,9.3,2.1,7.2
"5/2/1992",2.2,9.9,2.3,6.55
"5/3/1992",4,8.7,2.1,6.25
"5/4/1992",1.6,9.2,2.2,5.9
"5/5/1992",0.1,8.1,2,6.25
"5/6/1992",6.9,8.4,2.1,5.6
"5/7/1992",4.5,10.3,2.4,5.9
"5/8/1992",6.5,9.9,2.3,6.25
"5/9/1992",0.1,6,1.8,7.5
"5/10/1992",0,7.9,2.1,6.25
"5/11/1992",0,12.5,2.8,5.6
"5/12/1992",0.1,15.1,3.2,5.35
"5/13/1992",3.1,11.1,2.6,5.05
"5/14/1992",2.3,10,2.4,5.05
"5/15/1992",0,10.9,2.6,4.78
"5/16/1992",0,8.2,2.1,4.51
"5/17/1992",0,8.6,2.2,4.25
"5/18/1992",0,10.2,2.5,3.99
"5/19/1992",0.9,11.3,2.7,3.75
"5/20/1992",1.3,11.2,2.7,3.75
"5/21/1992",4.8,9.5,2.4,3.51
"5/22/1992",2.7,9,2.3,3.75
"5/23/1992",0,10.8,2.6,3.75
"5/24/1992",0,9.2,2.4,3.27
"5/25/1992",0,11.1,2.7,3.05
"5/26/1992",0.8,13.7,3.2,2.83
"5/27/1992",6.1,11.2,2.7,2.83
"5/28/1992",20.2,9.9,2.5,2.83
"5/29/1992",8.8,9,2.4,6.25
"5/30/1992",1.4,7.9,2.2,5.6
"5/31/1992",6.2,9.3,2.4,5.05
"6/1/1992",2.2,9.6,2.5,4.51
"6/2/1992",0,11.1,2.8,5.05
"6/3/1992",0,14.1,3.3,4.25
"6/4/1992",0,16.4,3.7,3.99
"6/5/1992",0,16.7,3.7,3.75
"6/6/1992",0,13.7,3.2,3.51
"6/7/1992",0,12.9,3.1,2.83
"6/8/1992",0,12.5,3,2.62
"6/9/1992",3.5,12.8,3.1,2.83
"6/10/1992",1.4,13.6,3.2,2.83
"6/11/1992",0,15.4,3.5,2.83
"6/12/1992",0.6,18.6,4.1,2.42
"6/13/1992",0,18,4,2.04
"6/14/1992",2.4,15.4,3.5,1.86
"6/15/1992",0.1,14.4,3.4,2.04
"6/16/1992",7.5,14.8,3.4,2.23
"6/17/1992",7.6,12.6,3.1,2.04
"6/18/1992",17.8,11.9,3,3.27
"6/19/1992",2.5,14.7,3.5,7.5
"6/20/1992",0,12.1,3,5.05
"6/21/1992",0.9,10.6,2.7,3.51
"6/22/1992",2.8,11.9,3,3.75
"6/23/1992",3.2,12.1,3,3.75
"6/24/1992",3.2,11.3,2.9,3.51
"6/25/1992",9,11.5,2.9,3.75
"6/26/1992",11.6,11,2.8,6.25
"6/27/1992",1.5,11,2.8,6.25
"6/28/1992",4.1,12.9,3.1,5.05
"6/29/1992",3.5,12.8,3.1,5.6
"6/30/1992",0,13.4,3.2,5.05
"7/1/1992",4.5,12.3,3,5.35
"7/2/1992",0,11.8,2.9,4.78
"7/3/1992",0,13.1,3.1,4.25
"7/4/1992",0.8,14.4,3.4,3.99
"7/5/1992",0.2,16,3.6,3.75
"7/6/1992",0,16.2,3.7,3.27
"7/7/1992",16.2,17,3.8,3.51
"7/8/1992",10.7,13.6,3.2,5.05
"7/9/1992",13.8,11.8,2.9,5.05
"7/10/1992",7.5,11.2,2.8,10.8
"7/11/1992",0.1,12,2.9,10.8
"7/12/1992",0.2,12,2.9,9.65
"7/13/1992",0,13.3,3.1,8.2
"7/14/1992",2.7,17.8,3.9,7.5
"7/15/1992",10.3,16.5,3.6,7.5
"7/16/1992",2,12.3,2.9,7.85
"7/17/1992",0,11.8,2.8,7.85
"7/18/1992",0,15,3.4,5.6
"7/19/1992",0,18.2,3.9,5.05
"7/20/1992",3.8,15.6,3.4,4.78
"7/21/1992",0,12.3,2.9,4.78
"7/22/1992",0,13.9,3.1,4.25
"7/23/1992",0,19.2,4,3.27
"7/24/1992",0,20,4.1,3.05
"7/25/1992",0,22.9,4.6,2.83
"7/26/1992",1.9,17.3,3.6,2.42
"7/27/1992",0,15.7,3.4,2.62
"7/28/1992",0,19.9,4,2.42
"7/29/1992",2.7,17.7,3.7,2.23
"7/30/1992",0,15.5,3.3,2.04
"7/31/1992",0,18,3.7,2.04
"8/1/1992",0,22.4,4.4,1.86
"8/2/1992",0,24.8,4.7,1.53
"8/3/1992",0.5,22,4.3,1.37
"8/4/1992",0,19,3.8,1.22
"8/5/1992",0,17.5,3.5,1.22
"8/6/1992",0,17.2,3.5,1.37
"8/7/1992",2.6,20.8,4,1.22
"8/8/1992",2.6,17.6,3.5,1.22
"8/9/1992",0,17.3,3.4,1.37
"8/10/1992",0,18.7,3.6,1.22
"8/11/1992",0.2,19.3,3.7,1.22
"8/12/1992",0,16.8,3.3,0.955
"8/13/1992",0,16.1,3.2,0.955
"8/14/1992",0.9,21,3.9,0.955
"8/15/1992",43,15,3,2.62
"8/16/1992",0.1,14.5,2.9,4.25
"8/17/1992",0,15.6,3,1.69
"8/18/1992",0,16.5,3.1,1.22
"8/19/1992",0,17,3.2,0.955
"8/20/1992",0,17.8,3.3,0.955
"8/21/1992",0,18.7,3.4,1.08
"8/22/1992",0,16.5,3,1.08
"8/23/1992",0,11.9,2.4,1.08
"8/24/1992",0,11.6,2.3,0.955
"8/25/1992",0.2,14.6,2.7,0.83
"8/26/1992",27.1,17.3,3.1,0.83
"8/27/1992",1.3,15.4,2.8,2.04
"8/28/1992",0.3,16.2,2.9,2.23
"8/29/1992",0.1,18.3,3.1,1.53
"8/30/1992",0.3,17.7,3,1.37
"8/31/1992",0,14,2.5,1.08
"9/1/1992",0,11.8,2.2,1.08
"9/2/1992",0,12.5,2.3,0.955
"9/3/1992",0,18.1,3,0.83
"9/4/1992",3.2,18.8,3.1,0.955
"9/5/1992",10.5,14.8,2.5,0.955
"9/6/1992",0,12.2,2.1,1.69
"9/7/1992",0,15.6,2.6,1.08
"9/8/1992",12.1,16.3,2.6,1.86
"9/9/1992",0,12,2.1,2.83
"9/10/1992",2,12.7,2.1,2.83
"9/11/1992",1.4,15.3,2.4,2.42
"9/12/1992",7.3,16.9,2.6,1.86
"9/13/1992",0.1,12.8,2.1,2.23
"9/14/1992",0,12.3,2,1.86
"9/15/1992",0,13.7,2.2,1.22
"9/16/1992",0,16,2.4,1.22
"9/17/1992",0,15.6,2.3,1.22
"9/18/1992",0,17.7,2.5,1.08
"9/19/1992",0,19.7,2.7,0.955
"9/20/1992",19.6,18.8,2.6,0.955
"9/21/1992",30.5,13.6,2,1.69
"9/22/1992",0,14.4,2.1,5.05
"9/23/1992",0,12.7,1.9,2.42
"9/24/1992",0,13.5,1.9,1.86
"9/25/1992",0,14.9,2.1,1.69
"9/26/1992",0,14.8,2,1.37
"9/27/1992",0,14.5,2,1.22
"9/28/1992",0,14.7,2,1.22
"9/29/1992",0,14.7,1.9,1.22
"9/30/1992",0,15,1.9,1.08
"10/1/1992",0,13.5,1.8,1.08
"10/2/1992",0,12,1.6,0.955
"10/3/1992",0,12.7,1.7,0.955
"10/4/1992",0,13.7,1.7,0.955
"10/5/1992",0,11.3,1.5,0.955
"10/6/1992",0,11.7,1.5,0.955
"10/7/1992",18.6,13,1.6,1.08
"10/8/1992",4.4,8.6,1.2,1.69
"10/9/1992",5.5,4.7,0.8,1.69
"10/10/1992",21.6,5.6,0.9,2.42
"10/11/1992",24,9,1.2,5.9
"10/12/1992",21.4,4.8,0.8,17.1
"10/13/1992",0.1,4.2,0.8,22.3
"10/14/1992",1.9,6,0.9,15.2
"10/15/1992",0,11.5,1.3,12.1
"10/16/1992",30.8,12.6,1.4,9.3
"10/17/1992",1.4,7.8,1,27.6
"10/18/1992",9,5.2,0.8,16.6
"10/19/1992",0,2.5,0.6,14.7
"10/20/1992",0,3.1,0.6,12.5
"10/21/1992",0,6.8,0.9,11.6
"10/22/1992",4.5,8.9,1,10.8
"10/23/1992",3.2,10.2,1.1,10.4
"10/24/1992",10.7,9.6,1,9.65
"10/25/1992",7.6,6.1,0.8,13.8
"10/26/1992",0,6.1,0.8,12.9
"10/27/1992",0,10.2,1,11.2
"10/28/1992",0,13.2,1.2,9.65
"10/29/1992",0,11.8,1.1,8.55
"10/30/1992",0,5.7,0.7,7.85
"10/31/1992",0,4,0.6,6.85
"11/1/1992",0,2.9,0.5,6.25
"11/2/1992",0,1.9,0.4,5.9
"11/3/1992",0,-4.2,0.1,5.35
"11/4/1992",0.3,-4,0.1,4.78
"11/5/1992",15.3,-3.9,0.1,4.51
"11/6/1992",0.5,-3.8,0.1,4.78
"11/7/1992",1.4,2.2,0.4,4.78
"11/8/1992",20.6,6.4,0.7,6.25
"11/9/1992",11.1,6.9,0.7,18.2
"11/10/1992",0.1,0.2,0.3,16.6
"11/11/1992",7.2,-0.2,0.3,13.3
"11/12/1992",3.9,-0.3,0.3,13.3
"11/13/1992",0,-1.5,0.2,10
"11/14/1992",0,-0.7,0.2,9.3
"11/15/1992",0.5,7.8,0.7,9.65
"11/16/1992",0,9.7,0.8,8.55
"11/17/1992",1.9,8.2,0.7,6.85
"11/18/1992",0.5,9.1,0.7,7.2
"11/19/1992",0,5.9,0.6,7.85
"11/20/1992",0,9,0.7,6.85
"11/21/1992",0,8.3,0.7,6.25
"11/22/1992",0,7.4,0.6,5.35
"11/23/1992",0,6.8,0.6,5.05
"11/24/1992",0,5.4,0.5,4.78
"11/25/1992",11.5,5.7,0.5,3.75
"11/26/1992",5.5,4.4,0.5,7.5
"11/27/1992",3.6,-1.3,0.2,7.2
"11/28/1992",12,0.2,0.2,6.25
"11/29/1992",7.2,-2.4,0.1,6.25
"11/30/1992",0.5,-3.1,0.1,5.9
"12/1/1992",0.3,-6.4,0,5.6
"12/2/1992",9.6,-8.9,0,5.9
"12/3/1992",5.9,-1.5,0.2,6.25
"12/4/1992",7.4,-1.1,0.2,6.25
"12/5/1992",10,1.4,0.3,6.25
"12/6/1992",4.1,3,0.4,26
"12/7/1992",1.7,-1.7,0.2,24.6
"12/8/1992",0.2,-6,0,19.6
"12/9/1992",0,-7.5,0,16.1
"12/10/1992",0,-1.3,0.1,11.2
"12/11/1992",0,1.8,0.3,9.65
"12/12/1992",0,1.2,0.3,8.9
"12/13/1992",0,6.1,0.5,8.2
"12/14/1992",4.3,9.6,0.6,10.8
"12/15/1992",4.8,6,0.5,15.6
"12/16/1992",1.7,0.8,0.3,19.1
"12/17/1992",5.2,-0.5,0.2,18.1
"12/18/1992",4.9,1.7,0.3,18.6
"12/19/1992",1.9,-0.4,0.2,17.6
"12/20/1992",10,3.9,0.4,17.1
"12/21/1992",6.9,3,0.3,19.6
"12/22/1992",8,2.6,0.3,21.8
"12/23/1992",1.3,6.2,0.5,28.9
"12/24/1992",0,5.2,0.4,29.5
"12/25/1992",1.2,2.8,0.3,25.8
"12/26/1992",7.8,1,0.3,23.5
"12/27/1992",5.5,-2.2,0.1,20.7
"12/28/1992",0,-6,0,18.6
"12/29/1992",0,-8.5,0,17.1
"12/30/1992",0,-9.2,0,12.5
"12/31/1992",1.3,-4.6,0,8.55
"1/1/1993",2.4,-0.1,0.2,11.5
"1/2/1993",1,1.4,0.3,13
"1/3/1993",12.8,5.8,0.5,12.2
"1/4/1993",4.9,4.8,0.4,18.8
"1/5/1993",4,-0.5,0.2,26.2
"1/6/1993",10.6,1.9,0.3,25.2
"1/7/1993",0.7,-2.6,0.1,24.1
"1/8/1993",0.1,-3.7,0.1,20.2
"1/9/1993",2,-3.2,0.1,18.4
"1/10/1993",6.3,-0.2,0.2,18.8
"1/11/1993",0.1,-1.3,0.2,18.4
"1/12/1993",8,-0.8,0.2,15
"1/13/1993",1.1,-2.6,0.1,14.6
"1/14/1993",15.3,-2.6,0.1,13
"1/15/1993",2.4,2.1,0.3,22.9
"1/16/1993",7.1,0.8,0.3,23.1
"1/17/1993",8.9,3.6,0.4,25.2
"1/18/1993",7.1,1.7,0.3,24.1
"1/19/1993",22,4.1,0.5,25.7
"1/20/1993",6.1,2.3,0.4,60.5
"1/21/1993",1.2,-1.3,0.2,55
"1/22/1993",0.5,-0.1,0.3,38.4
"1/23/1993",1.7,-3.3,0.1,28.4
"1/24/1993",1,-4.4,0,22.1
"1/25/1993",0.3,-2.6,0.1,19.3
"1/26/1993",0,0.2,0.3,17.5
"1/27/1993",0,-1.9,0.1,15.8
"1/28/1993",0,-2.7,0.1,13
"1/29/1993",0,-2,0.2,10.4
"1/30/1993",0,-1.3,0.2,8.45
"1/31/1993",1.1,-2,0.2,7.85
"2/1/1993",0,-0.5,0.3,7.85
"2/2/1993",0,-0.7,0.3,7.25
"2/3/1993",3.7,2.7,0.5,6.15
"2/4/1993",7.4,3,0.5,7.85
"2/5/1993",4.1,0.3,0.3,7.25
"2/6/1993",0.4,4.4,0.6,7.55
"2/7/1993",0.6,6.1,0.7,8.15
"2/8/1993",0,4.8,0.6,8.15
"2/9/1993",4.8,4.2,0.6,7.55
"2/10/1993",0,1.2,0.4,7.85
"2/11/1993",0.2,-2.8,0.1,8.15
"2/12/1993",0,-4.2,0.1,7.25
"2/13/1993",0,-4.4,0,6.7
"2/14/1993",0,-4.7,0,6.95
"2/15/1993",0,-3.4,0.1,6.95
"2/16/1993",0,-3.2,0.1,6.4
"2/17/1993",0,-4.3,0,5.6
"2/18/1993",1.2,-3.3,0.1,5.85
"2/19/1993",0.3,-3.3,0.1,5.85
"2/20/1993",0.5,-4,0.1,5.6
"2/21/1993",0.6,-3.5,0.1,4.84
"2/22/1993",8,-2.9,0.2,4.6
"2/23/1993",6.8,0.3,0.4,4.84
"2/24/1993",6.7,0.2,0.4,4.84
"2/25/1993",0,-1.3,0.3,5.85
"2/26/1993",0,-1.1,0.3,5.6
"2/27/1993",7.6,2,0.6,4.6
"2/28/1993",4.7,4.6,0.8,7.85
"3/1/1993",0.2,5.9,0.9,10.1
"3/2/1993",9.2,6.1,1,8.15
"3/3/1993",4.5,3.9,0.8,11.5
"3/4/1993",2,2,0.6,12.6
"3/5/1993",0.4,3.3,0.7,10.4
"3/6/1993",5.5,7.5,1.1,10.8
"3/7/1993",1.1,10.4,1.4,12.2
"3/8/1993",1.3,10.9,1.5,11.9
"3/9/1993",0,11.5,1.5,10.8
"3/10/1993",0,14.4,1.8,12.2
"3/11/1993",8.8,16.3,2,12.2
"3/12/1993",10.6,9,1.3,15.8
"3/13/1993",2.8,6.9,1.2,18.8
"3/14/1993",1.1,5.4,1,18.8
"3/15/1993",1,5.1,1,17.1
"3/16/1993",6.3,3.9,0.9,16.2
"3/17/1993",6.9,0.8,0.6,16.2
"3/18/1993",2.1,0.2,0.5,15.8
"3/19/1993",0,3.5,0.9,15
"3/20/1993",0,7.2,1.3,12.2
"3/21/1993",0.5,11.3,1.7,12.6
"3/22/1993",1.4,9.7,1.6,10.8
"3/23/1993",7.8,11,1.8,10.8
"3/24/1993",0.6,12.3,1.9,11.5
"3/25/1993",11.8,15.9,2.3,10.8
"3/26/1993",0.1,11,1.8,12.6
"3/27/1993",0,9.7,1.7,12.2
"3/28/1993",7,9.9,1.7,12.2
"3/29/1993",6.2,9.9,1.7,11.5
"3/30/1993",7.3,8.8,1.6,13.4
"3/31/1993",21.7,7.2,1.5,17.9
"4/1/1993",0.5,6.7,1.4,24.7
"4/2/1993",0,8.4,1.6,22.6
"4/3/1993",0,9.7,1.8,21.2
"4/4/1993",0,10.5,1.9,18.8
"4/5/1993",0,9,1.7,17.5
"4/6/1993",2.4,9.7,1.9,15.8
"4/7/1993",0.1,12.9,2.3,11.9
"4/8/1993",0,13.1,2.3,10.1
"4/9/1993",0,12.9,2.3,9.1
"4/10/1993",0.2,15.2,2.6,8.15
"4/11/1993",2.9,14.2,2.5,7.55
"4/12/1993",1.1,13.2,2.4,7.55
"4/13/1993",0,15,2.7,6.7
"4/14/1993",0.1,14.6,2.6,5.85
"4/15/1993",0.6,11.7,2.3,5.85
"4/16/1993",0,10.9,2.2,5.6
"4/17/1993",0,6.8,1.6,4.84
"4/18/1993",0,4.1,1.3,4.6
"4/19/1993",0.1,3.2,1.1,4.6
"4/20/1993",0.2,3.6,1.2,4.37
"4/21/1993",0,5.4,1.5,3.92
"4/22/1993",0,5.7,1.6,3.7
"4/23/1993",0,6,1.6,3.49
"4/24/1993",0,5.1,1.5,3.08
"4/25/1993",11.4,6.9,1.7,3.08
"4/26/1993",0.9,3,1.2,3.49
"4/27/1993",0.6,3.7,1.3,3.49
"4/28/1993",0.6,3.1,1.2,3.49
"4/29/1993",3.2,5.4,1.6,3.49
"4/30/1993",1.3,9,2.1,3.49
"5/1/1993",6.1,8.8,2.1,3.7
"5/2/1993",16,8.3,2,4.14
"5/3/1993",6.1,5.2,1.6,8.95
"5/4/1993",14.7,5.2,1.6,5.6
"5/5/1993",1.4,6.7,1.8,8.45
"5/6/1993",0,10.7,2.4,10.4
"5/7/1993",1.9,13.8,2.9,8.15
"5/8/1993",3.2,11.6,2.6,9.45
"5/9/1993",3.6,12.6,2.8,7.55
"5/10/1993",33,8.1,2.1,12.6
"5/11/1993",18,8.2,2.1,22.6
"5/12/1993",5,7.4,2,26.7
"5/13/1993",1.3,9,2.2,24.1
"5/14/1993",0.2,9.8,2.4,21.2
"5/15/1993",1.9,11.5,2.7,15.4
"5/16/1993",6.2,8.4,2.2,13.8
"5/17/1993",0,10.5,2.5,13.4
"5/18/1993",0,14.9,3.3,11.1
"5/19/1993",0,17.4,3.7,9.45
"5/20/1993",0,17.4,3.7,8.8
"5/21/1993",15.9,14.3,3.2,8.35
"5/22/1993",0,10.8,2.6,12.1
"5/23/1993",7.4,12.9,3,7.55
"5/24/1993",10.6,12.5,2.9,7.85
"5/25/1993",5.6,9,2.3,8.8
"5/26/1993",4.8,9.2,2.4,7.85
"5/27/1993",4.3,9.1,2.4,8.45
"5/28/1993",2.8,11.1,2.7,7.85
"5/29/1993",6.7,15.7,3.5,6.95
"5/30/1993",0.1,17.9,3.9,8.8
"5/31/1993",0,16.4,3.6,7.25
"6/1/1993",0,19.1,4.1,6.15
"6/2/1993",0.1,19.2,4.1,5.85
"6/3/1993",28.6,12.2,2.9,7.65
"6/4/1993",0.1,11.4,2.8,15
"6/5/1993",0,14.3,3.3,8.45
"6/6/1993",5.9,15.3,3.5,8.15
"6/7/1993",0.1,18.6,4,8.8
"6/8/1993",0.2,20.4,4.4,7.25
"6/9/1993",1.3,15.5,3.6,6.7
"6/10/1993",0,13.7,3.2,6.4
"6/11/1993",0,17.7,3.9,6.15
"6/12/1993",0,18.6,4.1,5.6
"6/13/1993",0,16.1,3.7,4.84
"6/14/1993",0,18,4,4.14
"6/15/1993",0,20.1,4.4,3.7
"6/16/1993",0,15.3,3.5,3.49
"6/17/1993",0,11.8,2.9,3.28
"6/18/1993",0,9.5,2.5,3.28
"6/19/1993",0,9.2,2.5,3.28
"6/20/1993",0,11.8,2.9,2.89
"6/21/1993",0,11.8,2.9,2.89
"6/22/1993",0.5,10.1,2.6,2.89
"6/23/1993",0,11.6,2.9,3.08
"6/24/1993",9.5,14.2,3.3,2.89
"6/25/1993",10.6,12.4,3,3.28
"6/26/1993",6,12.5,3,3.7
"6/27/1993",19.6,12.2,3,4.84
"6/28/1993",27.5,9.7,2.6,9.45
"6/29/1993",0.4,9.2,2.5,11.3
"6/30/1993",0,9.6,2.5,6.4
"7/1/1993",0.1,13.4,3.2,5.6
"7/2/1993",8.8,17.8,4,5.35
"7/3/1993",3.1,13.2,3.2,5.6
"7/4/1993",0.1,13.5,3.2,5.35
"7/5/1993",2.7,16.7,3.7,5.1
"7/6/1993",0,17.3,3.8,4.37
"7/7/1993",0,18.5,4.1,4.14
"7/8/1993",3.6,19.2,4.2,4.14
"7/9/1993",2.1,18.9,4.1,3.28
"7/10/1993",1.7,16.4,3.6,3.08
"7/11/1993",3,15,3.4,3.28
"7/12/1993",1.7,16.3,3.6,3.49
"7/13/1993",1.9,15.7,3.5,3.28
"7/14/1993",1.6,16.4,3.6,3.28
"7/15/1993",0,16.1,3.6,3.08
"7/16/1993",0,18.2,3.9,3.08
"7/17/1993",10.1,15.8,3.5,2.89
"7/18/1993",5.9,10.3,2.6,3.92
"7/19/1993",4,12.3,2.9,4.14
"7/20/1993",1.2,14.1,3.2,4.14
"7/21/1993",0.1,16.9,3.6,3.92
"7/22/1993",7.2,17.6,3.7,3.7
"7/23/1993",5,14.2,3.2,3.28
"7/24/1993",3.6,12.1,2.8,3.28
"7/25/1993",1.5,11.2,2.7,3.49
"7/26/1993",2.9,12.4,2.8,3.7
"7/27/1993",0,14.4,3.1,3.49
"7/28/1993",0,16.1,3.4,3.08
"7/29/1993",0,18.4,3.8,2.89
"7/30/1993",0,22,4.3,3.08
"7/31/1993",1.4,23.8,4.6,2.7
"8/1/1993",2.8,16,3.4,2.7
"8/2/1993",4.5,17.8,3.6,2.89
"8/3/1993",0,19.5,3.9,2.89
"8/4/1993",0,22.2,4.3,2.7
"8/5/1993",0.8,24,4.5,2.52
"8/6/1993",7.4,19.6,3.8,2.52
"8/7/1993",17.3,17.7,3.5,4.28
"8/8/1993",11.1,17,3.4,6.4
"8/9/1993",0.6,15,3.1,4.6
"8/10/1993",3,14,2.9,4.14
"8/11/1993",2.4,12.1,2.6,3.7
"8/12/1993",0.2,14.6,2.9,4.84
"8/13/1993",0,17.1,3.3,4.14
"8/14/1993",0,18.2,3.5,3.28
"8/15/1993",0,20.8,3.8,3.08
"8/16/1993",0.3,22,4,2.89
"8/17/1993",0,15.6,3,2.7
"8/18/1993",0,13.8,2.7,2.7
"8/19/1993",0,17.1,3.2,2.52
"8/20/1993",8.6,15.4,2.9,2.34
"8/21/1993",0,13.5,2.6,2.7
"8/22/1993",0,14,2.7,2.7
"8/23/1993",1.1,14.7,2.8,2.52
"8/24/1993",0,12.8,2.5,2.34
"8/25/1993",0,13.1,2.5,2.01
"8/26/1993",0,14.5,2.7,2.01
"8/27/1993",0,15.7,2.8,2.01
"8/28/1993",0,15.5,2.8,1.85
"8/29/1993",0,15.4,2.7,1.7
"8/30/1993",0,17,2.9,1.7
"8/31/1993",7.4,17.2,2.9,1.7
"9/1/1993",0,16,2.8,1.7
"9/2/1993",0,15.4,2.6,1.85
"9/3/1993",6.4,13.3,2.4,1.7
"9/4/1993",0,12.7,2.3,2.01
"9/5/1993",0,13.5,2.3,2.01
"9/6/1993",0,16.1,2.6,2.01
"9/7/1993",0,18.6,2.9,1.85
"9/8/1993",11.3,17,2.7,1.85
"9/9/1993",2.8,16.7,2.7,1.85
"9/10/1993",0.5,17.6,2.8,2.17
"9/11/1993",3.9,15.5,2.4,2.17
"9/12/1993",4.8,14.5,2.3,2.17
"9/13/1993",1,12.8,2.1,2.01
"9/14/1993",0,12.3,2,2.01
"9/15/1993",0.5,14.1,2.2,2.01
"9/16/1993",0,15,2.3,1.85
"9/17/1993",0,14.2,2.2,1.7
"9/18/1993",10.4,14.2,2.1,1.7
"9/19/1993",0,14.5,2.2,2.17
"9/20/1993",0.2,19.3,2.7,2.52
"9/21/1993",31.2,17.7,2.5,4.1
"9/22/1993",46.6,14.3,2.1,9.25
"9/23/1993",0.2,11.3,1.7,21.7
"9/24/1993",0,9.4,1.5,8.8
"9/25/1993",2,11.4,1.7,6.4
"9/26/1993",14.1,12.9,1.8,6.4
"9/27/1993",0.8,10.6,1.6,9.1
"9/28/1993",0,9.3,1.4,6.4
"9/29/1993",0,9.4,1.4,5.1
"9/30/1993",0,9.9,1.5,4.84
"10/1/1993",9,12,1.6,4.6
"10/2/1993",1.9,10.8,1.5,4.6
"10/3/1993",12.1,9,1.3,5.1
"10/4/1993",0,10.6,1.5,5.6
"10/5/1993",0,16.1,1.9,5.1
"10/6/1993",0,17.7,2.1,4.37
"10/7/1993",0,11.9,1.5,3.92
"10/8/1993",0,11.6,1.5,3.49
"10/9/1993",1.1,15,1.7,2.89
"10/10/1993",7.7,12.7,1.5,2.89
"10/11/1993",3.5,11.3,1.4,2.89
"10/12/1993",7.9,12.1,1.5,4.37
"10/13/1993",0.8,7.8,1.1,4.84
"10/14/1993",6.4,10.9,1.3,4.37
"10/15/1993",1.1,14,1.5,4.6
"10/16/1993",0,12.1,1.4,4.37
"10/17/1993",0,16.7,1.7,4.14
"10/18/1993",0.1,13.3,1.4,3.92
"10/19/1993",0,8.4,1,3.49
"10/20/1993",9.4,8.2,1,3.92
"10/21/1993",1.5,4.7,0.7,3.92
"10/22/1993",0.3,3.2,0.6,4.84
"10/23/1993",2.9,3.1,0.6,4.14
"10/24/1993",2,4.2,0.6,4.37
"10/25/1993",8,5.5,0.7,4.14
"10/26/1993",6.2,2.9,0.5,5.1
"10/27/1993",1.5,4.6,0.6,5.6
"10/28/1993",0,7,0.8,5.6
"10/29/1993",1.3,10.3,1,4.6
"10/30/1993",10.3,11.6,1.1,4.84
"10/31/1993",2.1,12.2,1.1,6.7
"11/1/1993",0,10.5,1,5.6
"11/2/1993",0,11.2,1,6.15
"11/3/1993",0,12.1,1,6.15
"11/4/1993",0.1,10.3,0.9,5.6
"11/5/1993",0.2,6.3,0.7,5.35
"11/6/1993",0,2.4,0.4,5.1
"11/7/1993",0,-1.2,0.2,4.84
"11/8/1993",0,-3.7,0.1,3.92
"11/9/1993",0,-5.3,0,3.92
"11/10/1993",0,-5.3,0,4.14
"11/11/1993",0,-1.4,0.2,4.37
"11/12/1993",1.9,1.8,0.4,4.37
"11/13/1993",1.7,4.7,0.5,4.14
"11/14/1993",0,2.1,0.4,4.37
"11/15/1993",0,-1.7,0.2,3.7
"11/16/1993",0,0,0.2,3.49
"11/17/1993",1.2,5.3,0.5,4.37
"11/18/1993",0,9.4,0.7,4.84
"11/19/1993",0,8.8,0.7,4.6
"11/20/1993",0,8.7,0.7,4.37
"11/21/1993",0,7.8,0.6,4.14
"11/22/1993",0,7.6,0.6,4.14
"11/23/1993",0.6,9.9,0.7,3.92
"11/24/1993",0.5,7.5,0.6,3.92
"11/25/1993",0.1,1.2,0.3,3.92
"11/26/1993",0,-0.5,0.2,3.92
"11/27/1993",13.3,5,0.5,3.92
"11/28/1993",8.4,3.5,0.4,5.1
"11/29/1993",6.8,1.3,0.3,6.15
"11/30/1993",17.8,3.4,0.4,6.7
"12/1/1993",0,1.3,0.3,13.4
"12/2/1993",0.3,0.1,0.2,16.6
"12/3/1993",0,-0.7,0.2,10.8
"12/4/1993",4.9,1.2,0.3,10.4
"12/5/1993",0.3,1.2,0.3,11.5
"12/6/1993",11.9,2.2,0.3,10.8
"12/7/1993",13,3.7,0.4,14.2
"12/8/1993",8.8,7.9,0.6,19.3
"12/9/1993",3.6,5.4,0.4,17.5
"12/10/1993",6.1,4.9,0.4,18.4
"12/11/1993",11.8,7.9,0.5,20.2
"12/12/1993",5.9,0.6,0.2,24.7
"12/13/1993",12.1,-1.4,0.2,24.1
"12/14/1993",10.6,5.7,0.4,30.6
"12/15/1993",13.5,7,0.5,30
"12/16/1993",7,7.1,0.5,26.2
"12/17/1993",10.5,4.4,0.4,24.1
"12/18/1993",9.4,2.4,0.3,26.7
"12/19/1993",1.8,-4.3,0,25.2
"12/20/1993",0.9,-4.8,0,20.7
"12/21/1993",2.4,3.3,0.3,20.2
"12/22/1993",2.2,2.1,0.3,18.8
"12/23/1993",3.8,1.3,0.3,16.2
"12/24/1993",6.8,2.8,0.3,15.8
"12/25/1993",0.3,-1.1,0.2,14.2
"12/26/1993",0,-2.6,0.1,13
"12/27/1993",3.6,2,0.3,10.1
"12/28/1993",10.6,5.5,0.4,11.1
"12/29/1993",0.3,5.9,0.5,11.5
"12/30/1993",1.8,8.9,0.6,13.8
"12/31/1993",3.7,7.8,0.5,9.45
"1/1/1994",2.2,4.1,0.4,12.1
"1/2/1994",0,4.1,0.4,11.8
"1/3/1994",0.7,8.3,0.6,9.85
"1/4/1994",3.2,9.5,0.6,10.6
"1/5/1994",35.1,9.4,0.6,11
"1/6/1994",21.3,5.7,0.5,37.2
"1/7/1994",1.8,-2.9,0.1,55
"1/8/1994",2.1,5,0.4,39
"1/9/1994",0,9.4,0.6,30.1
"1/10/1994",0,9,0.6,24.8
"1/11/1994",1.4,8,0.6,21.6
"1/12/1994",0.3,2.5,0.3,19
"1/13/1994",0.1,-0.6,0.2,17.6
"1/14/1994",0.2,0.5,0.3,11.3
"1/15/1994",0,6.4,0.5,11
"1/16/1994",0,9,0.7,10.1
"1/17/1994",0,7.2,0.6,9.5
"1/18/1994",0,5.9,0.5,8.75
"1/19/1994",0,6,0.5,8.39
"1/20/1994",6.1,6.4,0.6,7.75
"1/21/1994",2.8,5.2,0.5,7.4
"1/22/1994",3.4,3.2,0.4,6.75
"1/23/1994",2.7,1.4,0.3,6.75
"1/24/1994",0.2,0.8,0.3,6.75
"1/25/1994",0.6,-1.9,0.2,7.4
"1/26/1994",8.8,1.4,0.3,7.4
"1/27/1994",17.1,1.2,0.3,8.05
"1/28/1994",1.1,-1.5,0.2,11
"1/29/1994",14.3,2.3,0.4,9.14
"1/30/1994",2,6,0.6,28.8
"1/31/1994",0,3.9,0.5,36.4
"2/1/1994",0,3.3,0.5,30.1
"2/2/1994",0,1,0.3,24.2
"2/3/1994",0,5.4,0.6,21.1
"2/4/1994",0,7.3,0.7,19
"2/5/1994",0,6.1,0.7,17.6
"2/6/1994",0,7.1,0.7,14.8
"2/7/1994",0,7.7,0.8,11
"2/8/1994",0,4.6,0.6,10.1
"2/9/1994",0,3.4,0.5,8.39
"2/10/1994",0,6.9,0.8,7.4
"2/11/1994",0,6.8,0.8,8.05
"2/12/1994",0,5.8,0.7,7.75
"2/13/1994",3.3,6.8,0.8,7.75
"2/14/1994",0,3.9,0.6,7.05
"2/15/1994",2.6,1.4,0.4,7.4
"2/16/1994",0.5,3.3,0.6,7.4
"2/17/1994",0,4.2,0.7,6.75
"2/18/1994",0,6.7,0.8,6.44
"2/19/1994",2.1,5.3,0.8,6.44
"2/20/1994",0,3.5,0.7,6.44
"2/21/1994",0,0.4,0.4,6.44
"2/22/1994",0,0.6,0.4,6.44
"2/23/1994",0,-1.3,0.3,6.09
"2/24/1994",0,-3.8,0.1,5.5
"2/25/1994",0.3,-1.2,0.3,4.94
"2/26/1994",0,-1.4,0.3,4.4
"2/27/1994",0.5,2.6,0.6,3.89
"2/28/1994",0.4,7.7,1,3.89
"3/1/1994",7.1,9.6,1.2,3.4
"3/2/1994",1.3,4.5,0.8,3.89
"3/3/1994",7,8,1.1,4.66
"3/4/1994",5.4,3.5,0.7,6.09
"3/5/1994",0,1.9,0.6,6.75
"3/6/1994",0,-0.6,0.4,5.8
"3/7/1994",0.1,-2,0.3,5.5
"3/8/1994",1.9,0.5,0.5,4.94
"3/9/1994",0.1,3.8,0.8,6.09
"3/10/1994",5.2,6.1,1,6.09
"3/11/1994",0.1,3.8,0.8,5.8
"3/12/1994",6.1,5,1,5.5
"3/13/1994",0.2,2.1,0.7,5.5
"3/14/1994",0,2.3,0.7,5.5
"3/15/1994",0.3,5.7,1,5.5
"3/16/1994",30.8,5.7,1.1,5.8
"3/17/1994",3.2,4.6,1,13.5
"3/18/1994",3.3,1.8,0.7,11
"3/19/1994",8.3,2.5,0.8,9.85
"3/20/1994",9,4.7,1,12.1
"3/21/1994",0,2.6,0.8,13.8
"3/22/1994",0.2,2.1,0.8,12.3
"3/23/1994",1.3,2.6,0.8,10.6
"3/24/1994",0,3,0.9,9.8
"3/25/1994",0,3.6,1,7.4
"3/26/1994",0,6.5,1.3,5.8
"3/27/1994",0.7,6.8,1.3,5.8
"3/28/1994",0.4,7.2,1.4,5.5
"3/29/1994",4.4,6.9,1.4,5.25
"3/30/1994",11.1,0.9,0.7,5.8
"3/31/1994",0.4,2.1,0.8,5.8
"4/1/1994",11.5,7.2,1.5,5.8
"4/2/1994",0.4,5.8,1.3,10.1
"4/3/1994",0,5.8,1.3,7.4
"4/4/1994",0,10.3,1.9,7.05
"4/5/1994",0,12.8,2.2,7.4
"4/6/1994",0.5,10.2,1.9,6.75
"4/7/1994",0,10.3,1.9,8.05
"4/8/1994",2.4,9.9,1.9,7.75
"4/9/1994",0,5.3,1.4,7.4
"4/10/1994",0,3.5,1.1,7.4
"4/11/1994",0,4.6,1.3,6.09
"4/12/1994",0,4.1,1.2,5.5
"4/13/1994",0,2,0.9,5.5
"4/14/1994",0,3.4,1.1,5.8
"4/15/1994",0,4.1,1.2,5.5
"4/16/1994",0,7.3,1.7,5.5
"4/17/1994",0,8.5,1.9,5.25
"4/18/1994",0,7.8,1.8,5.25
"4/19/1994",0,7.2,1.7,5.25
"4/20/1994",0,7.2,1.7,4.94
"4/21/1994",0,7.8,1.8,4.94
"4/22/1994",0,8.1,1.9,4.94
"4/23/1994",0,9.6,2.1,4.4
"4/24/1994",0.8,4.9,1.4,3.89
"4/25/1994",0,6.4,1.7,3.64
"4/26/1994",0,7.4,1.8,3.4
"4/27/1994",0,7.4,1.8,2.93
"4/28/1994",0,7.7,1.9,2.93
"4/29/1994",2.4,8.5,2,2.5
"4/30/1994",0,5.6,1.6,2.5
"5/1/1994",0,7,1.8,2.29
"5/2/1994",0,9.1,2.1,2.09
"5/3/1994",4.3,12.9,2.7,2.09
"5/4/1994",36.5,8.7,2.1,1.91
"5/5/1994",0.4,6.4,1.8,9.5
"5/6/1994",5.4,5.1,1.6,7.05
"5/7/1994",0,6.2,1.7,5.8
"5/8/1994",4.4,8.1,2.1,5.8
"5/9/1994",0.2,6.5,1.8,5.5
"5/10/1994",0,7.5,2,5.8
"5/11/1994",0,10.9,2.5,5.5
"5/12/1994",0,14.5,3.1,5.5
"5/13/1994",0,15.2,3.3,5.5
"5/14/1994",0,16.7,3.5,5.5
"5/15/1994",0.4,17.8,3.7,5.5
"5/16/1994",1.6,14.5,3.2,4.94
"5/17/1994",1.6,15.5,3.4,4.4
"5/18/1994",0.6,15,3.3,3.89
"5/19/1994",0.3,16,3.4,3.89
"5/20/1994",1.9,14.6,3.2,3.4
"5/21/1994",0,13,3,3.4
"5/22/1994",4.7,11.9,2.8,2.93
"5/23/1994",6.4,11.9,2.8,2.93
"5/24/1994",0,10.3,2.6,2.72
"5/25/1994",0,13.6,3.1,2.72
"5/26/1994",0,18.6,4,2.5
"5/27/1994",1.3,14.6,3.3,2.29
"5/28/1994",1.1,13.4,3.1,2.29
"5/29/1994",0,14.7,3.3,2.09
"5/30/1994",0.6,16.2,3.6,2.09
"5/31/1994",2.9,17.2,3.8,2.09
"6/1/1994",2,16.2,3.6,1.91
"6/2/1994",1.4,16.2,3.6,1.72
"6/3/1994",0.3,18.2,4,1.22
"6/4/1994",0.9,17.5,3.9,1.22
"6/5/1994",0.1,18.4,4,1.22
"6/6/1994",1.6,19.1,4.2,1.08
"6/7/1994",0.5,18.2,4,1.08
"6/8/1994",0,19.3,4.2,1.08
"6/9/1994",0.6,20.8,4.5,0.939
"6/10/1994",9.3,20.8,4.5,0.939
"6/11/1994",5.2,16.2,3.7,0.939
"6/12/1994",10.1,13.1,3.1,0.939
"6/13/1994",12,10.6,2.7,0.81
"6/14/1994",9.5,12.6,3.1,0.81
"6/15/1994",1,14,3.3,0.81
"6/16/1994",0,17.3,3.9,0.939
"6/17/1994",0,19.6,4.3,0.939
"6/18/1994",0,16.6,3.8,0.939
"6/19/1994",0,13.6,3.2,0.939
"6/20/1994",0.6,16.6,3.8,0.939
"6/21/1994",2.5,18,4,0.939
"6/22/1994",11.1,18.8,4.1,0.939
"6/23/1994",2.6,15,3.5,0.939
"6/24/1994",0,16.5,3.8,1.08
"6/25/1994",10.8,17,3.8,1.08
"6/26/1994",5.6,14.8,3.4,1.08
"6/27/1994",1.6,13.2,3.2,1.08
"6/28/1994",0.5,16.1,3.7,0.939
"6/29/1994",0,15.1,3.5,0.939
"6/30/1994",0,15.2,3.5,0.939
"7/1/1994",0,18.7,4.1,1.08
"7/2/1994",0.1,23.6,5,1.08
"7/3/1994",12.8,19.7,4.3,0.939
"7/4/1994",0,16.9,3.8,0.939
"7/5/1994",0,19,4.1,0.939
"7/6/1994",0,22.5,4.7,0.939
"7/7/1994",0,22,4.6,0.939
"7/8/1994",0,22,4.6,0.81
"7/9/1994",0,22.4,4.7,0.81
"7/10/1994",0,20.9,4.4,0.81
"7/11/1994",0,23.8,4.9,0.685
"7/12/1994",0.1,22.3,4.7,0.569
"7/13/1994",4,21.8,4.6,0.462
"7/14/1994",4,19.3,4.1,0.366
"7/15/1994",0,20.5,4.3,0.366
"7/16/1994",0.3,19.4,4.1,0.366
"7/17/1994",0,19.9,4.2,0.28
"7/18/1994",0,19.3,4.1,0.28
"7/19/1994",0,19.9,4.2,0.204
"7/20/1994",12.3,20.7,4.3,0.204
"7/21/1994",4.7,20.3,4.2,0.137
"7/22/1994",4.6,17.6,3.7,0.137
"7/23/1994",1.5,17,3.6,0.204
"7/24/1994",2.6,15.3,3.3,0.204
"7/25/1994",0,15.4,3.4,0.204
"7/26/1994",0,15.6,3.3,0.204
"7/27/1994",0,15.6,3.4,0.462
"7/28/1994",0.5,15.8,3.4,0.462
"7/29/1994",8.1,15.5,3.3,0.462
"7/30/1994",39.9,15.8,3.3,0.462
"7/31/1994",0,16,3.4,6.75
"8/1/1994",0,19.7,3.9,3.89
"8/2/1994",16.7,18,3.6,2.72
"8/3/1994",7.1,17,3.5,2.29
"8/4/1994",0,17.5,3.5,2.29
"8/5/1994",2.4,17.1,3.4,2.09
"8/6/1994",17.9,15.7,3.2,2.09
"8/7/1994",2.4,15.8,3.2,3.64
"8/8/1994",0.4,15.9,3.2,4.94
"8/9/1994",0,16.7,3.3,5.25
"8/10/1994",0,17.4,3.4,4.94
"8/11/1994",0,18.9,3.6,4.4
"8/12/1994",0,22.9,4.2,4.14
"8/13/1994",0,20.8,3.9,3.4
"8/14/1994",0.1,18.1,3.4,3.4
"8/15/1994",4,17.8,3.4,2.93
"8/16/1994",0.9,18.8,3.5,2.72
"8/17/1994",0,17.1,3.2,2.29
"8/18/1994",0,17.4,3.3,2.09
"8/19/1994",7.6,18.5,3.4,1.72
"8/20/1994",8.1,13.5,2.6,1.56
"8/21/1994",0.1,11.4,2.3,1.22
"8/22/1994",0,13,2.5,1.08
"8/23/1994",0,16,2.9,0.81
"8/24/1994",0,14.1,2.7,0.685
"8/25/1994",0,16.1,2.9,0.569
"8/26/1994",8.4,16.2,2.9,0.569
"8/27/1994",0.1,13.1,2.5,0.569
"8/28/1994",0,14.2,2.6,0.569
"8/29/1994",0,14.4,2.6,0.569
"8/30/1994",0.5,16.7,2.9,0.685
"8/31/1994",13.6,11.3,2.1,0.685
"9/1/1994",0,11.5,2.2,0.685
"9/2/1994",0.1,11.8,2.2,0.685
"9/3/1994",0,15.5,2.6,0.685
"9/4/1994",0,20.2,3.2,0.685
"9/5/1994",15.2,21.4,3.3,0.685
"9/6/1994",8.7,14.4,2.4,0.685
"9/7/1994",0.5,13.3,2.3,0.685
"9/8/1994",0.2,15,2.5,0.685
"9/9/1994",0,14.8,2.4,0.685
"9/10/1994",0,17.7,2.7,0.685
"9/11/1994",0,18.1,2.8,0.685
"9/12/1994",0,16.9,2.6,0.81
"9/13/1994",0,17.2,2.6,0.81
"9/14/1994",0,18,2.7,0.81
"9/15/1994",0,19.6,2.8,0.81
"9/16/1994",0,19,2.7,0.81
"9/17/1994",0.8,18.4,2.6,0.81
"9/18/1994",0,18.8,2.6,0.81
"9/19/1994",0.6,18.9,2.6,0.81
"9/20/1994",0.6,19.1,2.6,0.939
"9/21/1994",4,18.3,2.5,0.939
"9/22/1994",4.1,15.4,2.2,0.939
"9/23/1994",0.2,10.4,1.6,0.939
"9/24/1994",0.1,13.7,1.9,0.939
"9/25/1994",55.2,19.6,2.5,1.08
"9/26/1994",10.4,12.8,1.8,9
"9/27/1994",0,12.5,1.8,8.39
"9/28/1994",0,13.9,1.9,5.8
"9/29/1994",8.5,15.2,2,5.25
"9/30/1994",0.3,12.1,1.7,4.66
"10/1/1994",0,9.2,1.4,4.4
"10/2/1994",0.2,11.3,1.5,4.14
"10/3/1994",2.5,12.1,1.6,3.89
"10/4/1994",4.7,11.1,1.5,3.64
"10/5/1994",8.7,9.5,1.3,3.4
"10/6/1994",2.4,6.1,1,3.16
"10/7/1994",4.3,6.4,1,3.16
"10/8/1994",5.9,7.7,1.1,3.4
"10/9/1994",2.6,8.1,1.1,3.4
"10/10/1994",0.9,8.7,1.2,3.4
"10/11/1994",5.5,9.4,1.2,3.4
"10/12/1994",4.8,10.4,1.3,5.5
"10/13/1994",14.2,13.1,1.5,5.5
"10/14/1994",7.7,10.1,1.2,8.05
"10/15/1994",0.4,7,0.9,8.75
"10/16/1994",3.1,7.8,1,6.75
"10/17/1994",1.4,11,1.3,6.75
"10/18/1994",2.3,12.2,1.3,6.75
"10/19/1994",0,10,1.1,6.75
"10/20/1994",0.1,10.5,1.2,5.8
"10/21/1994",0.2,11.2,1.2,5.5
"10/22/1994",1.6,11,1.2,5.5
"10/23/1994",0.5,8.1,1,5.25
"10/24/1994",0.4,5.9,0.8,4.94
"10/25/1994",2,5.9,0.8,4.94
"10/26/1994",2.5,11,1.1,5.5
"10/27/1994",1.2,10.8,1.1,5.5
"10/28/1994",0,10.4,1,5.25
"10/29/1994",0,8.8,0.9,4.94
"10/30/1994",0,10.2,1,4.94
"10/31/1994",0,10.8,1,4.66
"11/1/1994",0,11.3,1,4.66
"11/2/1994",0,10.4,1,4.4
"11/3/1994",0,10,0.9,4.4
"11/4/1994",0,8.5,0.8,4.4
"11/5/1994",0,7,0.7,4.14
"11/6/1994",0,9,0.8,3.89
"11/7/1994",1,14.1,1.1,3.89
"11/8/1994",4.8,13.6,1.1,3.64
"11/9/1994",0.2,10.3,0.9,3.64
"11/10/1994",0.7,8.2,0.7,3.4
"11/11/1994",0.7,8.9,0.8,3.4
"11/12/1994",20.8,10.7,0.9,3.16
"11/13/1994",3.5,6.7,0.6,4.94
"11/14/1994",3.3,4.5,0.5,6.09
"11/15/1994",5.4,1.5,0.3,5.8
"11/16/1994",3.5,1.5,0.3,6.44
"11/17/1994",9.2,4.5,0.5,3.89
"11/18/1994",1.5,7.6,0.7,4.66
"11/19/1994",0.4,7.2,0.6,4.4
"11/20/1994",0,4.1,0.4,4.4
"11/21/1994",0,4.5,0.5,4.14
"11/22/1994",0,10.8,0.8,4.14
"11/23/1994",7.6,11.8,0.8,3.4
"11/24/1994",1.9,6.9,0.6,3.4
"11/25/1994",0.1,6.5,0.5,4.14
"11/26/1994",25.2,4.5,0.4,3.89
"11/27/1994",12.5,0.8,0.2,8.39
"11/28/1994",0.7,1.2,0.3,9.5
"11/29/1994",1.7,0.2,0.2,8.39
"11/30/1994",0.4,0.6,0.3,7.75
"12/1/1994",0,1.1,0.3,6.75
"12/2/1994",0,0.7,0.3,6.09
"12/3/1994",0.1,0.9,0.3,5.5
"12/4/1994",0,0,0.2,5.25
"12/5/1994",5,3.3,0.4,3.89
"12/6/1994",18.5,6.5,0.5,6.09
"12/7/1994",8.7,9.1,0.6,12.6
"12/8/1994",6.6,8.2,0.6,18.1
"12/9/1994",1.8,8.7,0.6,18.6
"12/10/1994",7.1,7.4,0.5,16.6
"12/11/1994",12.5,2.9,0.3,15.3
"12/12/1994",3,5.4,0.4,14.8
"12/13/1994",3.3,3.9,0.4,14.3
"12/14/1994",5.5,1.4,0.3,19
"12/15/1994",10.7,4.9,0.4,21.6
"12/16/1994",1.6,11.5,0.7,23.7
"12/17/1994",14,6.8,0.5,23.7
"12/18/1994",3.4,-0.7,0.2,27.7
"12/19/1994",2.5,-0.3,0.2,23.7
"12/20/1994",4.5,7.7,0.5,22.1
"12/21/1994",1.9,3,0.3,20.6
"12/22/1994",3.1,0.1,0.2,19
"12/23/1994",0,-2.5,0.1,17.1
"12/24/1994",0,-4.1,0,11.8
"12/25/1994",6.6,-1.3,0.2,11.3
"12/26/1994",2.5,3.9,0.4,12.6
"12/27/1994",2.1,3.4,0.4,12.1
"12/28/1994",0.1,2.4,0.3,11.8
"12/29/1994",0,-0.9,0.2,11.3
"12/30/1994",0,-3,0.1,10.6
"12/31/1994",0,-2.9,0.1,8.75
"1/1/1995",0.2,-2.3,0.1,9.14
"1/2/1995",0.8,0.6,0.2,8.39
"1/3/1995",0.6,5.6,0.5,8.75
"1/4/1995",1.5,8.1,0.6,8.39
"1/5/1995",0.2,9.8,0.6,8.05
"1/6/1995",0.6,7.9,0.6,7.75
"1/7/1995",0.2,3.4,0.4,7.05
"1/8/1995",3.5,0.8,0.2,6.75
"1/9/1995",0,-0.1,0.2,6.09
"1/10/1995",0,0.7,0.2,6.75
"1/11/1995",0,0.1,0.2,6.75
"1/12/1995",0,0.1,0.2,6.44
"1/13/1995",5.3,4,0.4,6.75
"1/14/1995",6.5,1.4,0.3,5.5
"1/15/1995",11.4,5.3,0.5,6.44
"1/16/1995",2.5,5.9,0.5,11
"1/17/1995",0,3.6,0.4,11.3
"1/18/1995",1.6,-0.4,0.2,11.8
"1/19/1995",0.1,0.1,0.2,12.6
"1/20/1995",0,-2.5,0.1,10.6
"1/21/1995",0,-3.4,0.1,8.75
"1/22/1995",0,-2.7,0.1,6.44
"1/23/1995",0,-0.6,0.2,6.44
"1/24/1995",0,1.9,0.3,7.4
"1/25/1995",0,4.7,0.5,7.4
"1/26/1995",0,6.5,0.6,7.75
"1/27/1995",0.8,8.2,0.7,6.75
"1/28/1995",1.7,7.5,0.7,6.75
"1/29/1995",2.4,8,0.7,6.09
"1/30/1995",3.6,6.5,0.6,5.8
"1/31/1995",1.7,3.8,0.5,6.44
"2/1/1995",4.8,5.8,0.6,6.44
"2/2/1995",1.6,0.7,0.3,6.44
"2/3/1995",2.1,1.8,0.4,6.44
"2/4/1995",1,0.3,0.3,6.44
"2/5/1995",9.1,4.2,0.6,6.09
"2/6/1995",8.8,1.4,0.4,7.4
"2/7/1995",7,-0.7,0.3,8.75
"2/8/1995",1.5,-2.3,0.2,9.14
"2/9/1995",3.8,-3.3,0.1,7.75
"2/10/1995",3.5,-3.8,0.1,7.75
"2/11/1995",3.4,-4.2,0.1,7.75
"2/12/1995",0.7,-5.2,0,7.4
"2/13/1995",1.4,-4.9,0,7.05
"2/14/1995",0,-4.7,0,7.05
"2/15/1995",0,-4.5,0,6.44
"2/16/1995",0,-2.9,0.2,6.44
"2/17/1995",0,-3.6,0.1,6.44
"2/18/1995",0,-3,0.1,6.09
"2/19/1995",0,-1.6,0.3,6.09
"2/20/1995",0,-2.5,0.2,6.44
"2/21/1995",0,-2.7,0.2,6.09
"2/22/1995",0,-2.4,0.2,5.8
"2/23/1995",3.8,3.1,0.6,6.09
"2/24/1995",4.2,6.1,0.9,7.05
"2/25/1995",13.1,8.3,1,9.14
"2/26/1995",8.5,6.4,0.9,11
"2/27/1995",5.6,5,0.8,14.3
"2/28/1995",4.4,4.9,0.8,19
"3/1/1995",4.8,1.3,0.5,20.1
"3/2/1995",0,0.5,0.5,20.1
"3/3/1995",0,1.2,0.5,18.1
"3/4/1995",0,3.3,0.7,15.6
"3/5/1995",0,1.1,0.5,13.5
"3/6/1995",0,1.8,0.6,12.1
"3/7/1995",0,1.8,0.6,9.85
"3/8/1995",0,5.9,1,9.5
"3/9/1995",0,10.2,1.4,8.75
"3/10/1995",0,8.2,1.2,8.75
"3/11/1995",0,4.4,0.9,5.5
"3/12/1995",0,4.7,0.9,6.44
"3/13/1995",2.6,9.9,1.5,5.8
"3/14/1995",8.2,8.9,1.4,5.8
"3/15/1995",11.2,4.6,1,7.05
"3/16/1995",0,4.3,0.9,8.05
"3/17/1995",2.5,5.1,1.1,6.44
"3/18/1995",2.5,8.3,1.4,6.44
"3/19/1995",0,8.7,1.4,7.75
"3/20/1995",0,8.2,1.4,6.75
"3/21/1995",2.1,8.5,1.5,6.75
"3/22/1995",1.4,6,1.2,6.75
"3/23/1995",0,7.1,1.3,6.75
"3/24/1995",15.4,7.5,1.4,6.44
"3/25/1995",4.5,1.7,0.8,8.05
"3/26/1995",0.9,1.6,0.7,7.75
"3/27/1995",4.2,3,0.9,7.4
"3/28/1995",0.7,2.6,0.9,8.75
"3/29/1995",0,0.7,0.7,9.14
"3/30/1995",1,4.8,1.1,8.05
"3/31/1995",2.6,6.2,1.3,8.39
"4/1/1995",0.4,5,1.2,7.75
"4/2/1995",19.2,1.8,0.8,8.05
"4/3/1995",8.9,0.9,0.7,10.1
"4/4/1995",8.4,1.2,0.8,12.6
"4/5/1995",6.7,5.2,1.3,14.8
"4/6/1995",11.7,7.4,1.6,29.5
"4/7/1995",4.1,9.9,1.9,36.4
"4/8/1995",2,12.9,2.3,33.2
"4/9/1995",0,15,2.6,27.7
"4/10/1995",0,14.8,2.6,28.2
"4/11/1995",14,7.2,1.6,20.1
"4/12/1995",4.4,2.1,0.9,20.1
"4/13/1995",0.2,1.7,0.9,19.5
"4/14/1995",0,3.3,1.1,18.6
"4/15/1995",0,6,1.5,17.1
"4/16/1995",0,10,2.1,12.6
"4/17/1995",0.5,11.9,2.3,9.85
"4/18/1995",13.4,13.2,2.5,9.85
"4/19/1995",10.2,5.8,1.5,14.3
"4/20/1995",0.6,9.2,2,14.3
"4/21/1995",12.2,5.8,1.5,12.6
"4/22/1995",0,10.1,2.2,14.3
"4/23/1995",9.6,6.4,1.6,13.5
"4/24/1995",8.2,8.6,2,16.2
"4/25/1995",30.1,5.8,1.6,25.7
"4/26/1995",10.2,4.8,1.5,40.4
"4/27/1995",0.9,8.2,2,36.4
"4/28/1995",10.9,8.5,2,30.1
"4/29/1995",0,10,2.2,27.1
"4/30/1995",16.2,11.9,2.6,21.6
"5/1/1995",2.9,8.4,2,23.7
"5/2/1995",1.4,9.6,2.2,20.6
"5/3/1995",1.1,9.5,2.2,18.6
"5/4/1995",0.2,11.9,2.6,17.1
"5/5/1995",0,13.8,2.9,16.2
"5/6/1995",7.5,15,3.1,12.1
"5/7/1995",6.3,10.1,2.4,11
"5/8/1995",4.4,8.8,2.1,11
"5/9/1995",1,10.3,2.4,9.14
"5/10/1995",2.5,8,2.1,6.44
"5/11/1995",0.3,9.7,2.3,6.75
"5/12/1995",17.9,10.7,2.5,7.75
"5/13/1995",6.8,8.8,2.2,11.8
"5/14/1995",17.3,9.7,2.4,14.3
"5/15/1995",5.9,10.7,2.5,17.6
"5/16/1995",23.5,10.9,2.6,19
"5/17/1995",6.5,6.3,1.8,35
"5/18/1995",1.1,9.9,2.4,28.8
"5/19/1995",0,11,2.6,23.2
"5/20/1995",23.4,9.9,2.5,19.5
"5/21/1995",5.3,7.8,2.1,34.4
"5/22/1995",0.4,7.5,2.1,27.1
"5/23/1995",7.5,7.9,2.1,22.1
"5/24/1995",19.9,7,2,23.2
"5/25/1995",1.3,7.4,2.1,37
"5/26/1995",0,9.3,2.4,29.5
"5/27/1995",0,7.5,2.1,25.3
"5/28/1995",0,10.1,2.5,21.1
"5/29/1995",0,10.7,2.6,17.6
"5/30/1995",1.5,14,3.2,15.3
"5/31/1995",0.2,17.3,3.8,12.1
"6/1/1995",6.6,15.5,3.5,10.1
"6/2/1995",0,15.1,3.4,10.1
"6/3/1995",0,18.6,4.1,8.39
"6/4/1995",0,21.1,4.5,7.4
"6/5/1995",0,23,4.8,6.75
"6/6/1995",0,21.6,4.6,6.09
"6/7/1995",0,22.5,4.8,5.69
"6/8/1995",0.2,22.6,4.8,4.9
"6/9/1995",0,20.7,4.4,4.8
"6/10/1995",0,18.6,4.1,4.3
"6/11/1995",0,16.6,3.8,3.7
"6/12/1995",6.5,17.9,4,3.4
"6/13/1995",0,13.4,3.2,5.19
"6/14/1995",0,11.9,2.9,4.4
"6/15/1995",0,11.5,2.9,3.59
"6/16/1995",0,10.9,2.8,3.29
"6/17/1995",0,11.4,2.9,3.2
"6/18/1995",0.4,10.5,2.7,3
"6/19/1995",0,13.5,3.2,2.7
"6/20/1995",0.3,14.4,3.4,2.59
"6/21/1995",2.9,15.8,3.6,2.59
"6/22/1995",0,16.3,3.7,2.5
"6/23/1995",0.6,17.7,4,2.5
"6/24/1995",4.1,17.9,4,2.29
"6/25/1995",5.4,18.3,4.1,2.29
"6/26/1995",23.6,16.9,3.8,2.29
"6/27/1995",11.5,16,3.6,2.79
"6/28/1995",0,14.3,3.4,3.79
"6/29/1995",0,12.8,3.1,3.7
"6/30/1995",4.1,14.4,3.4,3
"7/1/1995",0.7,14.9,3.4,3
"7/2/1995",0,15.2,3.5,2.59
"7/3/1995",0.4,18.1,4,2.4
"7/4/1995",2.7,18.1,4,2.09
"7/5/1995",8,17.6,3.9,2.2
"7/6/1995",3.8,18.4,4,2.5
"7/7/1995",2.2,19.1,4.1,2.7
"7/8/1995",0,20.1,4.3,2.59
"7/9/1995",0,21.5,4.5,2.29
"7/10/1995",0,23.8,4.9,2.09
"7/11/1995",0,23.3,4.8,1.79
"7/12/1995",0,23.1,4.8,1.7
"7/13/1995",0,21.9,4.6,1.5
"7/14/1995",0,19.9,4.2,1.5
"7/15/1995",0,19.5,4.1,1.25
"7/16/1995",0,23.6,4.8,1.25
"7/17/1995",0.2,23.6,4.8,1.12
"7/18/1995",0,24.3,4.9,1.12
"7/19/1995",8.9,24,4.9,1.04
"7/20/1995",0,24.1,4.8,1.04
"7/21/1995",0,24.3,4.9,0.919
"7/22/1995",14.8,25.9,5.1,1.04
"7/23/1995",1.5,20.4,4.2,1.04
"7/24/1995",0,21,4.3,1.04
"7/25/1995",0,25,4.9,1.45
"7/26/1995",0,26.8,5.2,1.25
"7/27/1995",0,26,5,1.04
"7/28/1995",0,22.7,4.5,0.985
"7/29/1995",0,23,4.5,0.86
"7/30/1995",0,24.7,4.8,0.86
"7/31/1995",0,28.4,5.3,0.8
"8/1/1995",1.3,18.2,3.7,0.619
"8/2/1995",1.9,14.7,3.1,0.564
"8/3/1995",0,12.3,2.7,0.564
"8/4/1995",0,13.9,2.9,0.564
"8/5/1995",0,15.3,3.2,0.564
"8/6/1995",0,14.7,3.1,0.564
"8/7/1995",0,14.5,3,0.564
"8/8/1995",0.4,19.8,3.8,0.51
"8/9/1995",1.5,19.4,3.8,0.455
"8/10/1995",3.5,19,3.7,0.354
"8/11/1995",11.1,15.2,3.1,0.4
"8/12/1995",0,16.8,3.3,0.455
"8/13/1995",0,16.4,3.2,0.51
"8/14/1995",0,15.9,3.1,0.5
"8/15/1995",8.1,19.8,3.6,0.5
"8/16/1995",3.4,18.4,3.5,0.5
"8/17/1995",0.1,17.3,3.3,0.5
"8/18/1995",0,19.7,3.6,0.5
"8/19/1995",0.4,20.5,3.7,0.68
"8/20/1995",5.6,18.4,3.4,0.734
"8/21/1995",3.5,17,3.1,0.734
"8/22/1995",11.3,17.5,3.2,0.734
"8/23/1995",4.6,16.1,3,0.8
"8/24/1995",9.3,16,2.9,0.8
"8/25/1995",13.8,16.2,2.9,0.86
"8/26/1995",1.4,18,3.2,0.985
"8/27/1995",10.2,19.1,3.3,1.38
"8/28/1995",12.8,17.1,3,1.54
"8/29/1995",5.6,17.4,3,1.31
"8/30/1995",0,17.7,3,2.15
"8/31/1995",4.2,18.2,3.1,2.54
"9/1/1995",17.3,14.6,2.6,2.04
"9/2/1995",0.7,15.2,2.6,2.29
"9/3/1995",0.6,13.6,2.4,2.54
"9/4/1995",0,14.1,2.4,3
"9/5/1995",0.6,17.8,2.9,2.45
"9/6/1995",0.7,17.5,2.8,1.85
"9/7/1995",0,14.2,2.4,1.54
"9/8/1995",6.8,17.3,2.8,1.39
"9/9/1995",0.7,19.7,3,1.26
"9/10/1995",27.2,13.9,2.3,1.39
"9/11/1995",2.9,11.1,1.9,1.89
"9/12/1995",1.2,10,1.8,3
"9/13/1995",0.3,11.5,1.9,2.4
"9/14/1995",0,16.2,2.5,2.4
"9/15/1995",5.2,18,2.7,2.09
"9/16/1995",14.8,12.4,2,2
"9/17/1995",0.3,10.2,1.7,2.15
"9/18/1995",0,12,1.9,2.5
"9/19/1995",0.5,15.1,2.2,2.4
"9/20/1995",0,11.7,1.8,1.89
"9/21/1995",0,18,2.5,1.83
"9/22/1995",0,15.4,2.2,1.83
"9/23/1995",0,17.1,2.3,1.75
"9/24/1995",0,18.8,2.5,1.6
"9/25/1995",0,17.6,2.3,1.39
"9/26/1995",0,14.1,1.9,1.18
"9/27/1995",0,13.8,1.9,1.12
"9/28/1995",0,15.5,2,1.04
"9/29/1995",0,15.5,2,0.985
"9/30/1995",0,15,1.9,0.985
"10/1/1995",0,14.6,1.9,0.985
"10/2/1995",0,15.2,1.9,0.919
"10/3/1995",0,16.4,2,0.919
"10/4/1995",0,17.4,2.1,0.919
"10/5/1995",6.2,16.8,2,0.86
"10/6/1995",3.2,13.7,1.7,0.919
"10/7/1995",0,11.6,1.5,0.919
"10/8/1995",0,11.4,1.4,0.919
"10/9/1995",0,10.8,1.4,0.919
"10/10/1995",2.1,11.3,1.4,0.919
"10/11/1995",0.1,9.4,1.2,0.919
"10/12/1995",0,7.6,1,0.919
"10/13/1995",11.1,12.8,1.5,0.86
"10/14/1995",35.5,12.2,1.4,0.919
"10/15/1995",1.6,10.7,1.3,1.26
"10/16/1995",16.5,10.2,1.2,2.7
"10/17/1995",0.5,5.9,0.9,4.09
"10/18/1995",1,7.4,1,5.3
"10/19/1995",0.1,9.8,1.1,4.45
"10/20/1995",0.1,10.4,1.2,4.3
"10/21/1995",0,8.2,1,3.9
"10/22/1995",0,3.3,0.6,2.56
"10/23/1995",0,4.6,0.7,2.56
"10/24/1995",0,5,0.7,2.29
"10/25/1995",0,2.6,0.5,2.04
"10/26/1995",0,4.3,0.7,2.15
"10/27/1995",0,8,0.9,2
"10/28/1995",5.8,6.7,0.8,1.89
"10/29/1995",19.8,3.8,0.6,1.89
"10/30/1995",1.1,2.5,0.5,1.85
"10/31/1995",2.1,2.8,0.5,2.04
"11/1/1995",0,6.6,0.8,2.65
"11/2/1995",0,5.5,0.7,3.15
"11/3/1995",0,8.2,0.8,3.45
"11/4/1995",0,9.4,0.9,3.15
"11/5/1995",0,9.3,0.9,3.15
"11/6/1995",0,7.6,0.8,2.4
"11/7/1995",0,9.7,0.9,2.04
"11/8/1995",0,12.4,1,2.24
"11/9/1995",0,10.2,0.9,2.24
"11/10/1995",0,7.7,0.7,2.24
"11/11/1995",0,5.4,0.6,2.4
"11/12/1995",0,2.5,0.4,2.04
"11/13/1995",0,2.8,0.4,1.76
"11/14/1995",0,1.9,0.4,1.68
"11/15/1995",0,0,0.3,1.6
"11/16/1995",0,-1,0.2,2
"11/17/1995",0,-4.6,0,2.15
"11/18/1995",0,-3.7,0.1,1.85
"11/19/1995",0,-2.9,0.1,1.89
"11/20/1995",0,-1.3,0.2,1.89
"11/21/1995",0,-1.9,0.1,1.54
"11/22/1995",0,-3.4,0.1,1.39
"11/23/1995",0,-1.5,0.2,1.39
"11/24/1995",0.8,4.7,0.5,1.39
"11/25/1995",3.5,10.7,0.7,1.39
"11/26/1995",24.8,13.2,0.9,1.39
"11/27/1995",7.9,9.9,0.7,1.6
"11/28/1995",10.5,6.6,0.5,1.89
"11/29/1995",4.6,5.3,0.5,4.3
"11/30/1995",0,4.2,0.4,5.4
"12/1/1995",0,-2.2,0.1,6.09
"12/2/1995",0,-4.9,0,5.5
"12/3/1995",0,-7.4,0,5.5
"12/4/1995",0,-6.7,0,4.94
"12/5/1995",0,-4.4,0,4.66
"12/6/1995",0,-2.4,0.1,4.66
"12/7/1995",0,-2,0.1,4.66
"12/8/1995",0,-4.2,0,4.14
"12/9/1995",7,2.3,0.3,4.14
"12/10/1995",9.9,2.1,0.3,4.66
"12/11/1995",0.1,-2.4,0.1,5.25
"12/12/1995",7.2,-2.1,0.1,4.94
"12/13/1995",0,-3,0.1,5.25
"12/14/1995",0,-1.7,0.1,4.94
"12/15/1995",0.1,6.3,0.5,5.25
"12/16/1995",2.1,6.1,0.5,5.25
"12/17/1995",1.1,3.8,0.4,4.66
"12/18/1995",7.8,5.4,0.4,4.14
"12/19/1995",0.8,5.8,0.4,5.25
"12/20/1995",0.2,6.7,0.5,5.5
"12/21/1995",0.7,5.2,0.4,4.94
"12/22/1995",3.1,6.4,0.5,4.94
"12/23/1995",3,11.8,0.7,6.09
"12/24/1995",0,10.5,0.6,5.8
"12/25/1995",0,9.5,0.6,5.8
"12/26/1995",5.9,7,0.5,5.25
"12/27/1995",0,1.2,0.3,6.09
"12/28/1995",0,3,0.3,5.5
"12/29/1995",0,4.9,0.4,5.5
"12/30/1995",0.8,6.2,0.5,5.5
"12/31/1995",0,2,0.3,4.94
"1/1/1996",0,0,0.2,4.525
"1/2/1996",0,-2.1,0.1,4.585
"1/3/1996",6.1,2.3,0.3,5.135
"1/4/1996",0.4,0.9,0.3,5.487
"1/5/1996",2.6,0.2,0.2,5.694
"1/6/1996",1.7,2.2,0.3,5.333
"1/7/1996",7,4,0.4,5.928
"1/8/1996",1.9,0.1,0.2,6.453
"1/9/1996",1,-1.6,0.2,6.338
"1/10/1996",1.1,-2,0.1,6.65
"1/11/1996",1.5,-1,0.2,6.871
"1/12/1996",1.7,1.5,0.3,6.231
"1/13/1996",2.2,4.1,0.4,6.109
"1/14/1996",4.1,9.4,0.7,6.675
"1/15/1996",0.9,2.9,0.4,5.286
"1/16/1996",1.5,4.5,0.5,6.313
"1/17/1996",1.7,5.4,0.5,6.073
"1/18/1996",2.9,-0.4,0.2,6.25
"1/19/1996",6.3,4.1,0.4,6.714
"1/20/1996",1.7,-0.4,0.2,7.482
"1/21/1996",9.2,1.7,0.3,7.28
"1/22/1996",6.7,5,0.5,11.342
"1/23/1996",14.6,4.2,0.5,15.113
"1/24/1996",0.1,1.5,0.3,20.564
"1/25/1996",0.5,0.1,0.3,16.834
"1/26/1996",2.6,4.7,0.5,13.521
"1/27/1996",0.2,4.1,0.5,13.226
"1/28/1996",0.1,2.5,0.4,10.894
"1/29/1996",3.5,3.8,0.5,9.147
"1/30/1996",3.9,3.3,0.5,9.082
"1/31/1996",7.2,3.4,0.5,9.754
"2/1/1996",5.2,4.1,0.5,10.116
"2/2/1996",2,2.8,0.5,10.54
"2/3/1996",5,4.3,0.6,10.072
"2/4/1996",2.2,6.7,0.7,10.665
"2/5/1996",5.3,5.8,0.7,10.145
"2/6/1996",12.6,4.9,0.6,10.643
"2/7/1996",14.6,6.3,0.7,17.078
"2/8/1996",6,4.5,0.6,27.365
"2/9/1996",0.4,0.9,0.4,26.576
"2/10/1996",0.3,-1.7,0.2,22.776
"2/11/1996",0.1,-0.6,0.3,19.782
"2/12/1996",0,-0.7,0.3,17.98
"2/13/1996",0,-4.3,0,16.563
"2/14/1996",0,-5.2,0,13.231
"2/15/1996",0,-5,0,10.117
"2/16/1996",0,-5.4,0,8.3
"2/17/1996",0,-4.4,0,5.567
"2/18/1996",0,-5,0,5.564
"2/19/1996",1.8,-1,0.3,5.418
"2/20/1996",0.1,2.6,0.5,5.581
"2/21/1996",6.4,3.5,0.6,6.439
"2/22/1996",0.2,2.4,0.5,7.593
"2/23/1996",0,1.2,0.5,9.183
"2/24/1996",0.3,-1,0.3,6.64
"2/25/1996",0,-1.7,0.3,4.612
"2/26/1996",0,-1.7,0.3,4.163
"2/27/1996",0.1,-0.6,0.4,5.715
"2/28/1996",0.3,0.7,0.5,5.062
"2/29/1996",0.4,0.2,0.4,4.915
"3/1/1996",1.3,-1.1,0.3,4.596
"3/2/1996",3.3,1.3,0.5,4.755
"3/3/1996",5.2,-1,0.4,4.133
"3/4/1996",0.1,-0.9,0.4,3.973
"3/5/1996",0,-1.7,0.3,4.357
"3/6/1996",0,-0.4,0.4,5.03
"3/7/1996",0,-0.5,0.4,4.818
"3/8/1996",0,0,0.5,4.791
"3/9/1996",0,-2.2,0.3,4.875
"3/10/1996",0,-2.9,0.2,4.611
"3/11/1996",0,-2,0.3,4.268
"3/12/1996",0,1.6,0.6,4.31
"3/13/1996",0,2.2,0.7,4.305
"3/14/1996",0,3.5,0.8,4.363
"3/15/1996",0,4.5,0.9,4.261
"3/16/1996",0.1,5.2,1,4.2
"3/17/1996",0.1,5.2,1,4.22
"3/18/1996",0.1,4.3,0.9,4.25
"3/19/1996",0,3.2,0.9,4.32
"3/20/1996",6,4.7,1,4.37
"3/21/1996",1.3,4.1,1,4.377
"3/22/1996",0.2,4.6,1,4.256
"3/23/1996",0,5.3,1.1,4.17
"3/24/1996",9.4,4.8,1.1,4.239
"3/25/1996",1.8,5,1.1,4.226
"3/26/1996",3.4,4.9,1.1,4.629
"3/27/1996",2.7,7.6,1.4,4.548
"3/28/1996",6.8,7.8,1.5,4.646
"3/29/1996",4.7,5.1,1.2,4.679
"3/30/1996",0,3.5,1,4.766
"3/31/1996",6.2,5.9,1.3,4.291
"4/1/1996",4.7,7.5,1.5,3.866
"4/2/1996",2.1,-0.5,0.5,5.642
"4/3/1996",0,-1.3,0.5,6.188
"4/4/1996",3.4,1.4,0.8,5.781
"4/5/1996",1.5,1.6,0.8,5.518
"4/6/1996",0,3.6,1.1,5.54
"4/7/1996",0,4.9,1.3,4.809
"4/8/1996",0,4.9,1.3,4.256
"4/9/1996",0,4,1.2,5.734
"4/10/1996",0,3.5,1.1,5.953
"4/11/1996",0,2.8,1,5.605
"4/12/1996",0,3.9,1.2,5.627
"4/13/1996",0,6,1.5,5.377
"4/14/1996",0,10.6,2.1,4.078
"4/15/1996",3.4,12.2,2.3,3.86
"4/16/1996",1,6.2,1.5,4.557
"4/17/1996",0,3.7,1.2,4.939
"4/18/1996",0,4.6,1.3,4.77
"4/19/1996",0,6.7,1.7,4.663
"4/20/1996",0,11.2,2.3,4.534
"4/21/1996",0,14.1,2.7,4.382
"4/22/1996",0,14.9,2.9,3.995
"4/23/1996",0,15.6,3,3.743
"4/24/1996",0,15.3,3,3.789
"4/25/1996",0,13.8,2.7,3.957
"4/26/1996",0,14.4,2.8,4.204
"4/27/1996",0,12.9,2.6,3.802
"4/28/1996",0,10.4,2.3,3.391
"4/29/1996",0,7.9,1.9,3
"4/30/1996",0,6.5,1.7,2.7
"5/1/1996",0.2,9.7,2.2,2.5
"5/2/1996",28.4,9.9,2.3,2.863
"5/3/1996",3,9.3,2.2,3.881
"5/4/1996",0,9.3,2.2,4.028
"5/5/1996",6.7,11,2.5,4.074
"5/6/1996",11.7,10.6,2.4,4.077
"5/7/1996",2.3,10,2.4,4.786
"5/8/1996",0,6.1,1.7,4.444
"5/9/1996",0,6.5,1.8,3.973
"5/10/1996",0,5.6,1.7,3.655
"5/11/1996",3.4,5.5,1.7,3.63
"5/12/1996",4.2,5.7,1.7,3.672
"5/13/1996",1.9,5.8,1.7,3.902
"5/14/1996",0.1,8.2,2.1,3.62
"5/15/1996",2.6,8.9,2.2,3.921
"5/16/1996",3.9,9.1,2.3,3.457
"5/17/1996",4.9,8.8,2.2,3.564
"5/18/1996",1.5,10.3,2.5,3.65
"5/19/1996",1.7,10,2.5,3.481
"5/20/1996",2.5,10.2,2.5,3.132
"5/21/1996",6.8,8.6,2.3,3.457
"5/22/1996",11.9,8.4,2.2,3.802
"5/23/1996",0,9.2,2.4,4.678
"5/24/1996",6.6,10.3,2.6,4.746
"5/25/1996",18.3,10.9,2.7,5.707
"5/26/1996",4.2,9.2,2.4,11.74
"5/27/1996",14,8.1,2.2,11.571
"5/28/1996",19.5,5.4,1.8,14.19
"5/29/1996",15.8,6,1.9,25.157
"5/30/1996",0.3,8.1,2.2,35.263
"5/31/1996",0.1,12.1,2.9,28.062
"6/1/1996",7.7,12.3,2.9,22.561
"6/2/1996",7,14,3.3,23.453
"6/3/1996",11.5,8.1,2.2,25.581
"6/4/1996",6.1,8.7,2.4,25.995
"6/5/1996",5.3,8.7,2.3,24.996
"6/6/1996",2.9,9.2,2.4,22.297
"6/7/1996",11.7,9.6,2.5,19.349
"6/8/1996",9.7,9.6,2.5,26.527
"6/9/1996",0,13.1,3.1,30.311
"6/10/1996",1,14.2,3.3,23.99
"6/11/1996",0,15.2,3.5,19.691
"6/12/1996",0,15.4,3.5,16.43
"6/13/1996",0,16.3,3.7,14.509
"6/14/1996",0,18.4,4.1,10.347
"6/15/1996",0,16.4,3.7,9.048
"6/16/1996",0,14.2,3.3,6.58
"6/17/1996",0,15.6,3.6,6.426
"6/18/1996",0,17.9,4,5.513
"6/19/1996",0.6,20.2,4.4,4.628
"6/20/1996",2.3,21.3,4.6,4.222
"6/21/1996",22.6,18.4,4.1,5.302
"6/22/1996",0.9,16.3,3.7,7.9
"6/23/1996",5.8,13.7,3.3,4.773
"6/24/1996",1.4,13.3,3.2,4.825
"6/25/1996",0,13.2,3.2,4.474
"6/26/1996",0.6,16.1,3.7,4.065
"6/27/1996",0.4,18.2,4.1,3.419
"6/28/1996",4.9,17.2,3.8,3.366
"6/29/1996",0,14.6,3.4,3.168
"6/30/1996",0,15.4,3.5,3.041
"7/1/1996",0.4,18.1,4,2.7
"7/2/1996",1.5,15.4,3.5,2.494
"7/3/1996",0,13.5,3.2,2.306
"7/4/1996",0,11.2,2.8,2.106
"7/5/1996",0,13.1,3.1,2.051
"7/6/1996",0,15.2,3.5,1.994
"7/7/1996",0,18.9,4.1,1.9
"7/8/1996",0,22.3,4.7,1.8
"7/9/1996",0,24.8,5.1,1.7
"7/10/1996",0,24.8,5.1,1.6
"7/11/1996",8.6,23.3,4.8,1.5
"7/12/1996",0,17.8,3.9,1.472
"7/13/1996",0,15.5,3.5,1.442
"7/14/1996",0.4,16,3.5,1.413
"7/15/1996",8.1,16,3.6,1.383
"7/16/1996",0,13.7,3.1,1.354
"7/17/1996",0,12.5,2.9,1.3
"7/18/1996",0,14.5,3.3,1.25
"7/19/1996",0,16.7,3.6,1.2
"7/20/1996",0,18.5,3.9,1.15
"7/21/1996",0,20.2,4.2,1.1
"7/22/1996",0,21.6,4.4,1.05
"7/23/1996",4.5,23.7,4.7,1
"7/24/1996",0,20.7,4.2,0.99
"7/25/1996",0.1,17.5,3.7,0.973
"7/26/1996",0.4,15.6,3.4,0.882
"7/27/1996",0,14.9,3.2,0.79
"7/28/1996",0,18.2,3.7,0.714
"7/29/1996",0,21.6,4.3,0.675
"7/30/1996",0,24.2,4.7,0.636
"7/31/1996",3.9,18.5,3.7,0.598
"8/1/1996",0,16.1,3.4,NA
"8/2/1996",0,19.1,3.8,NA
"8/3/1996",28.6,19.8,3.9,NA
"8/4/1996",12.6,13.8,3,NA
"8/5/1996",0,14.8,3.1,NA
"8/6/1996",0,13.8,2.9,NA
"8/7/1996",11,14.2,3,NA
"8/8/1996",4.3,12.5,2.7,NA
"8/9/1996",4.8,13.6,2.8,NA
"8/10/1996",5.7,13.7,2.8,NA
"8/11/1996",0,13.8,2.8,NA
"8/12/1996",0,13.9,2.9,NA
"8/13/1996",0,15.3,3,NA
"8/14/1996",0.4,15.6,3.1,NA
"8/15/1996",0,16.4,3.2,NA
"8/16/1996",0,16.9,3.2,NA
"8/17/1996",0,17,3.2,NA
"8/18/1996",0,17.8,3.3,NA
"8/19/1996",0,18.6,3.4,NA
"8/20/1996",0,19.7,3.5,NA
"8/21/1996",0,20.9,3.7,NA
"8/22/1996",0.1,19.7,3.5,NA
"8/23/1996",24.4,16.3,3,NA
"8/24/1996",6.3,15.3,2.8,NA
"8/25/1996",16.5,14.8,2.7,NA
"8/26/1996",0.1,15.6,2.8,NA
"8/27/1996",0,15.2,2.8,NA
"8/28/1996",0,15.6,2.8,NA
"8/29/1996",0,16.5,2.9,NA
"8/30/1996",0,16.9,2.9,NA
"8/31/1996",0,16.9,2.9,NA
"9/1/1996",0,18.4,3.1,1.623
"9/2/1996",0.3,20.5,3.3,1.5
"9/3/1996",0,18.1,3,1.367
"9/4/1996",7.3,18.1,3,0.95
"9/5/1996",7.4,10.7,2,0.766
"9/6/1996",4,8,1.6,0.814
"9/7/1996",2.1,8.8,1.7,NA
"9/8/1996",0,10.3,1.9,NA
"9/9/1996",10.1,12.6,2.1,NA
"9/10/1996",0,11.4,2,NA
"9/11/1996",0,10.8,1.9,NA
"9/12/1996",0,13.2,2.2,NA
"9/13/1996",0,16.2,2.5,NA
"9/14/1996",11.4,14.8,2.3,NA
"9/15/1996",22.5,11.1,1.9,NA
"9/16/1996",2.5,12,1.9,5.164
"9/17/1996",15.4,13.1,2,4.801
"9/18/1996",10.9,10.4,1.7,5.876
"9/19/1996",0.1,10.3,1.7,9.19
"9/20/1996",0.4,12.6,1.9,6.424
"9/21/1996",3.9,11,1.7,6.18
"9/22/1996",7.4,10.5,1.7,6.418
"9/23/1996",18.8,10.6,1.6,7.983
"9/24/1996",8.5,8,1.4,13.428
"9/25/1996",1.2,7.4,1.3,12.115
"9/26/1996",12.7,9.9,1.5,11.966
"9/27/1996",0.4,13.1,1.8,14.45
"9/28/1996",0,14.8,2,14.23
"9/29/1996",4.2,12.6,1.8,9.962
"9/30/1996",0.3,13.1,1.8,9.662
"10/1/1996",14.6,12.5,1.7,10.824
"10/2/1996",7.6,9.5,1.4,11.277
"10/3/1996",1.4,8.4,1.2,9.531
"10/4/1996",32.2,8.1,1.2,11.412
"10/5/1996",24,8.7,1.3,22.886
"10/6/1996",0.8,7.3,1.1,40.897
"10/7/1996",0.3,5.8,1,35.864
"10/8/1996",3.9,7.7,1.1,26.657
"10/9/1996",0.3,11,1.4,22.117
"10/10/1996",0,11.2,1.4,17.286
"10/11/1996",0,10.4,1.3,15.491
"10/12/1996",0,11.1,1.4,14.187
"10/13/1996",0,8.1,1.1,11.177
"10/14/1996",0,9.1,1.1,7.398
"10/15/1996",0,8.3,1.1,6.658
"10/16/1996",0,8,1,5.599
"10/17/1996",0,9.7,1.2,3.454
"10/18/1996",0,14,1.5,5.133
"10/19/1996",12.5,14.5,1.5,4.725
"10/20/1996",1,9.5,1.1,5.679
"10/21/1996",0.2,7.7,0.9,4.011
"10/22/1996",0,7.9,1,3.173
"10/23/1996",0,12.1,1.2,3.115
"10/24/1996",0.5,13.4,1.3,3.469
"10/25/1996",16,14.3,1.3,3.745
"10/26/1996",1.8,9.7,1,4.629
"10/27/1996",0,7.5,0.9,4.762
"10/28/1996",0,5.3,0.7,4.264
"10/29/1996",0,6.6,0.8,4.038
"10/30/1996",0,11.3,1.1,4.131
"10/31/1996",0,10.8,1,3.906
"11/1/1996",0,9.8,0.9,4.077
"11/2/1996",13.2,11.6,1,3.687
"11/3/1996",0.2,6.2,0.7,4.232
"11/4/1996",0.4,4.5,0.6,4.299
"11/5/1996",18.2,7.4,0.7,4.422
"11/6/1996",1.5,9.6,0.9,6.803
"11/7/1996",0,12.2,1,6.956
"11/8/1996",0,15,1.2,6.166
"11/9/1996",0,16.3,1.2,4.915
"11/10/1996",0,12.9,1,4.926
"11/11/1996",0,10.7,0.9,4.884
"11/12/1996",0,10.3,0.8,4.953
"11/13/1996",0,10.4,0.8,4.726
"11/14/1996",19.3,7.9,0.7,5.206
"11/15/1996",6.6,3.8,0.5,7.764
"11/16/1996",5.5,5.4,0.6,7.391
"11/17/1996",0.7,4.9,0.5,7.781
"11/18/1996",0.8,5.8,0.6,7.913
"11/19/1996",9.3,6.8,0.6,7.134
"11/20/1996",3.4,4.6,0.5,9.537
"11/21/1996",1.7,7.9,0.6,11.232
"11/22/1996",0.2,12.7,0.9,9.065
"11/23/1996",0.3,14.5,0.9,8.863
"11/24/1996",0,11.3,0.8,8.67
"11/25/1996",5.3,8.7,0.7,7.92
"11/26/1996",14.9,5.8,0.5,10.4
"11/27/1996",0,0.8,0.3,14.668
"11/28/1996",0,4.2,0.4,10.415
"11/29/1996",0,6.2,0.5,10.057
"11/30/1996",2,11.9,0.8,10.075
"12/1/1996",24.1,7.2,0.5,14.306
"12/2/1996",0,2.3,0.3,18.931
"12/3/1996",3.2,1.8,0.3,15.012
"12/4/1996",0.5,4.5,0.4,13.218
"12/5/1996",0,4,0.4,12.119
"12/6/1996",0,6.6,0.5,10.408
"12/7/1996",0,5.4,0.4,9.463
"12/8/1996",0,3.9,0.4,8.72
"12/9/1996",0,5,0.4,7.404
"12/10/1996",0,1.5,0.3,7.794
"12/11/1996",0,0.2,0.2,7.459
"12/12/1996",0,1.4,0.3,7.128
"12/13/1996",4.9,5.3,0.4,6.942
"12/14/1996",0,3.8,0.4,6.926
"12/15/1996",1.9,3,0.3,5.988
"12/16/1996",4.6,5.5,0.4,5.994
"12/17/1996",5.3,3.8,0.4,6.839
"12/18/1996",4.4,2.1,0.3,7.752
"12/19/1996",1.1,0.3,0.2,7.561
"12/20/1996",8.5,4.5,0.4,7.506
"12/21/1996",0.4,4.5,0.4,8.562
"12/22/1996",0,-2.4,0.1,8.852
"12/23/1996",0,-0.8,0.2,8.831
"12/24/1996",4.1,1.6,0.3,8.487
"12/25/1996",2.8,-0.5,0.2,9.228
"12/26/1996",5.2,0.8,0.3,8.177
"12/27/1996",0.5,0.3,0.2,8.21
"12/28/1996",0,-0.3,0.2,8.928
"12/29/1996",0,-2.3,0.1,8.4
"12/30/1996",0,-4.4,0,8.2
"12/31/1996",6.6,-5.4,0,6.65
"1/1/1997",5.1,-1.3,0.2,8
"1/2/1997",4.7,-1.6,0.1,7.19
"1/3/1997",1.1,-5,0,7.19
"1/4/1997",5.3,-4.4,0,7.59
"1/5/1997",0.1,-13.5,0,NA
"1/6/1997",1.3,-14,0,NA
"1/7/1997",3,-10.9,0,NA
"1/8/1997",0.4,-15.4,0,NA
"1/9/1997",2.1,-13,0,NA
"1/10/1997",1.7,-6.4,0,NA
"1/11/1997",0,-9,0,NA
"1/12/1997",0.4,-11,0,NA
"1/13/1997",1,-10.4,0,NA
"1/14/1997",2.2,-12.8,0,NA
"1/15/1997",0,-16.5,0,NA
"1/16/1997",0,-18.7,0,NA
"1/17/1997",0,-10.3,0,NA
"1/18/1997",1.3,1,0.3,NA
"1/19/1997",0,-0.4,0.2,NA
"1/20/1997",0.5,0.6,0.3,NA
"1/21/1997",2,6.1,0.6,NA
"1/22/1997",1.8,8,0.7,10.1
"1/23/1997",9,3.2,0.4,14.3
"1/24/1997",0,-2.2,0.1,15.3
"1/25/1997",3.8,2.1,0.4,11.8
"1/26/1997",5.9,5.3,0.6,14.8
"1/27/1997",1.3,1.1,0.3,19
"1/28/1997",3.1,3.2,0.5,15.3
"1/29/1997",1.3,4.9,0.6,16.2
"1/30/1997",0.9,7.3,0.7,15.8
"1/31/1997",0,5.8,0.6,14.8
"2/1/1997",0,7.1,0.7,14.3
"2/2/1997",0,7.6,0.7,11.5
"2/3/1997",0,5.7,0.6,10.6
"2/4/1997",0,2.4,0.4,10.6
"2/5/1997",0,7.3,0.7,9.69
"2/6/1997",0,5.7,0.7,9.69
"2/7/1997",0,4.1,0.6,8.39
"2/8/1997",3.7,8.4,0.8,8.39
"2/9/1997",1.3,6.4,0.7,8.85
"2/10/1997",7.3,3.3,0.5,8
"2/11/1997",0.9,0.6,0.4,10.1
"2/12/1997",11.3,-0.7,0.3,8.85
"2/13/1997",11.9,3.7,0.6,12.8
"2/14/1997",16.5,6.1,0.8,18.3
"2/15/1997",3.5,2.3,0.5,32.2
"2/16/1997",19.6,-1.9,0.2,27.1
"2/17/1997",4.2,-1.4,0.2,52
"2/18/1997",0,-4.7,0,41
"2/19/1997",0,-8.4,0,29.6
"2/20/1997",0,-7.7,0,25.2
"2/21/1997",0,-5.2,0,21.2
"2/22/1997",0,-4.5,0,20.1
"2/23/1997",0,-2.3,0.2,14.8
"2/24/1997",0,2.1,0.6,12.8
"2/25/1997",0,3.2,0.6,11
"2/26/1997",0,4.3,0.7,10.1
"2/27/1997",0,4.6,0.8,9.25
"2/28/1997",0.4,6.2,0.9,8
"3/1/1997",11.7,5.2,0.9,8.85
"3/2/1997",1.1,3.4,0.7,8.39
"3/3/1997",4.4,5.6,0.9,8.85
"3/4/1997",0.6,5.6,0.9,9.25
"3/5/1997",3.1,2.1,0.6,7.59
"3/6/1997",0.2,1.9,0.6,6.8
"3/7/1997",6,0,0.5,7.59
"3/8/1997",0,1.6,0.6,9.25
"3/9/1997",0,2.3,0.7,7.19
"3/10/1997",1.6,2.3,0.7,5.69
"3/11/1997",5.9,2.2,0.7,6.44
"3/12/1997",0,-0.5,0.5,7.59
"3/13/1997",0,-1.5,0.3,7.19
"3/14/1997",1.5,1.3,0.6,6.8
"3/15/1997",2.3,1,0.6,6.8
"3/16/1997",3.4,0.1,0.5,6.44
"3/17/1997",6,-1.8,0.3,6.05
"3/18/1997",1.5,-2.6,0.3,6.05
"3/19/1997",0,-3.8,0.1,6.44
"3/20/1997",0.2,-1.5,0.4,6.05
"3/21/1997",1.6,4.1,1,6.44
"3/22/1997",3.2,5.4,1.1,6.8
"3/23/1997",1,5.1,1.1,7.19
"3/24/1997",2.2,4.8,1.1,8
"3/25/1997",3.8,5.3,1.2,7.59
"3/26/1997",0.2,9.2,1.6,8
"3/27/1997",3.9,4.9,1.1,7.19
"3/28/1997",0.2,0.8,0.7,6.8
"3/29/1997",0,4.4,1.1,7.59
"3/30/1997",0,10.2,1.8,6.8
"3/31/1997",0,10.3,1.8,6.05
"4/1/1997",0.1,12.5,2.1,6.05
"4/2/1997",0,10.5,1.9,6.05
"4/3/1997",0,12.5,2.1,5.69
"4/4/1997",0,14.7,2.4,5.34
"4/5/1997",3.7,8.9,1.7,5.34
"4/6/1997",1.4,8.2,1.6,5.34
"4/7/1997",10.5,11.6,2.1,5.34
"4/8/1997",7.2,10.3,1.9,7.19
"4/9/1997",8.8,8.6,1.8,6.8
"4/10/1997",1.3,7,1.6,8.85
"4/11/1997",8.8,6.1,1.4,8
"4/12/1997",3.2,4.4,1.2,8.85
"4/13/1997",3.7,7.6,1.7,9.25
"4/14/1997",8.8,5.1,1.4,9.69
"4/15/1997",4.6,5.5,1.4,12.3
"4/16/1997",0.4,8.1,1.8,13.8
"4/17/1997",0,9.8,2,13.3
"4/18/1997",0,7.9,1.8,10.6
"4/19/1997",0,9,2,9.69
"4/20/1997",0,13.7,2.6,8.85
"4/21/1997",0,12.2,2.5,8.85
"4/22/1997",1.4,11.9,2.4,7.59
"4/23/1997",3.7,10.9,2.3,7.19
"4/24/1997",0,7.3,1.8,6.8
"4/25/1997",0,6.5,1.7,6.8
"4/26/1997",0,4.1,1.3,6.44
"4/27/1997",3.1,5.2,1.5,6.05
"4/28/1997",0.1,3.6,1.3,5.34
"4/29/1997",4.7,3.7,1.3,5
"4/30/1997",0.1,8.5,2,5.34
"5/1/1997",0,9.6,2.2,4.66
"5/2/1997",10.6,7.2,1.9,4.66
"5/3/1997",0,6.1,1.7,6.05
"5/4/1997",0,5.4,1.6,6.05
"5/5/1997",0.2,7.6,1.9,5
"5/6/1997",26.4,6.8,1.8,5
"5/7/1997",34.5,5.5,1.6,15
"5/8/1997",26.2,7.8,2,71.5
"5/9/1997",12.7,9.1,2.2,99.5
"5/10/1997",10,4.4,1.5,81
"5/11/1997",6.1,5,1.6,65.5
"5/12/1997",2.8,8.1,2.1,53.5
"5/13/1997",8.4,7.3,2,41
"5/14/1997",0.6,9.4,2.3,36.7
"5/15/1997",0.4,11.6,2.7,27.7
"5/16/1997",2.4,10.8,2.6,23.5
"5/17/1997",0.4,12.5,2.9,20.1
"5/18/1997",5.6,12.2,2.8,19
"5/19/1997",4.5,11.6,2.7,17.8
"5/20/1997",9.5,12.2,2.8,16.8
"5/21/1997",6.9,10.7,2.6,15.3
"5/22/1997",0.3,10.4,2.6,15.3
"5/23/1997",0,12,2.8,14.3
"5/24/1997",0,14.6,3.3,11.5
"5/25/1997",0,16.3,3.6,8
"5/26/1997",1.5,18.8,4,9.69
"5/27/1997",5.9,14.7,3.3,11
"5/28/1997",7.4,12.4,2.9,11
"5/29/1997",0,12.8,3,10.6
"5/30/1997",0,11.6,2.8,8.85
"5/31/1997",0,15.8,3.5,6.44
"6/1/1997",1,18,3.9,3.69
"6/2/1997",1,17.5,3.9,5.69
"6/3/1997",0.2,18.6,4.1,6.05
"6/4/1997",2.4,18.5,4,4.66
"6/5/1997",8.2,18.8,4.1,4.66
"6/6/1997",7.3,15.9,3.6,3.69
"6/7/1997",7.8,14,3.3,3.69
"6/8/1997",0,8.7,2.4,6.05
"6/9/1997",0.6,9.8,2.6,5.34
"6/10/1997",11.3,11.5,2.9,5
"6/11/1997",0,11.6,2.9,5.69
"6/12/1997",0,13.8,3.3,5.34
"6/13/1997",0,13.5,3.2,2.52
"6/14/1997",5.1,13.7,3.3,2.79
"6/15/1997",0,12.6,3.1,2.25
"6/16/1997",0,10.8,2.7,2.52
"6/17/1997",0,12.3,3,2.25
"6/18/1997",0,15.4,3.6,2.25
"6/19/1997",33,11.9,2.9,3.08
"6/20/1997",0.7,12.1,3,6.05
"6/21/1997",7.6,13.7,3.3,3.08
"6/22/1997",5.8,11.5,2.9,3.37
"6/23/1997",6.9,11.9,2.9,3.69
"6/24/1997",1,12.7,3.1,4.33
"6/25/1997",0,13.6,3.2,3.69
"6/26/1997",1.6,15.3,3.5,3.37
"6/27/1997",0,13,3.1,3.08
"6/28/1997",0,13.3,3.2,3.08
"6/29/1997",0,15.9,3.6,2.79
"6/30/1997",9.5,19.7,4.3,2.79
"7/1/1997",0,20.4,4.4,3.69
"7/2/1997",0,19.4,4.2,3.37
"7/3/1997",0.3,21.4,4.6,2.79
"7/4/1997",13.5,18.7,4.1,2.25
"7/5/1997",0.6,17.5,3.9,4
"7/6/1997",0,17.8,3.9,4
"7/7/1997",0,17.1,3.8,3.37
"7/8/1997",0,18.1,4,2.52
"7/9/1997",0,18.3,4,1.51
"7/10/1997",0,16.6,3.7,1.2
"7/11/1997",0,15.1,3.4,1.01
"7/12/1997",0,17.5,3.8,0.914
"7/13/1997",0,22,4.6,0.719
"7/14/1997",6.6,23.2,4.8,0.619
"7/15/1997",5.3,19,4.1,0.52
"7/16/1997",4.1,18.1,3.9,0.52
"7/17/1997",0,17.8,3.8,0.52
"7/18/1997",0.7,20.6,4.3,0.52
"7/19/1997",0,19.9,4.2,0.47
"7/20/1997",0.2,16.2,3.5,0.425
"7/21/1997",0,14.4,3.2,0.425
"7/22/1997",0,18.2,3.8,0.384
"7/23/1997",0,20.1,4.1,0.344
"7/24/1997",0,20.8,4.2,0.344
"7/25/1997",0.4,23.8,4.7,0.344
"7/26/1997",0,22.5,4.5,0.307
"7/27/1997",0,17.9,3.7,0.273
"7/28/1997",7.9,21.4,4.3,0.242
"7/29/1997",1.2,17.2,3.6,0.213
"7/30/1997",1.8,14.4,3.1,0.213
"7/31/1997",0.1,15.3,3.2,0.242
"8/1/1997",0,15.5,3.3,0.273
"8/2/1997",0,16.8,3.5,0.344
"8/3/1997",3.4,16.4,3.4,0.344
"8/4/1997",0,16.4,3.4,0.425
"8/5/1997",3.1,17.6,3.5,0.47
"8/6/1997",9.4,11,2.5,0.47
"8/7/1997",0,12.2,2.7,0.814
"8/8/1997",0,16.6,3.3,0.914
"8/9/1997",0,21.4,4.1,0.47
"8/10/1997",0.2,16.5,3.3,0.425
"8/11/1997",0.1,19.3,3.7,0.384
"8/12/1997",0.1,16.2,3.2,0.384
"8/13/1997",0.1,19.4,3.7,0.425
"8/14/1997",1.5,22.3,4.1,0.47
"8/15/1997",5.1,18.8,3.5,0.425
"8/16/1997",0,17.8,3.4,0.384
"8/17/1997",0,16,3.1,0.344
"8/18/1997",0,18.3,3.4,0.344
"8/19/1997",0,20.3,3.6,0.307
"8/20/1997",0,16.4,3.1,0.273
"8/21/1997",0,18.5,3.3,0.273
"8/22/1997",0,19.5,3.5,0.307
"8/23/1997",0,18.6,3.3,0.242
"8/24/1997",3.5,17.8,3.2,0.242
"8/25/1997",2.7,12.8,2.5,0.273
"8/26/1997",2,10.8,2.2,0.307
"8/27/1997",0,12.1,2.3,0.344
"8/28/1997",0,13.2,2.5,0.425
"8/29/1997",0,14.3,2.6,0.344
"8/30/1997",0,17.8,3.1,0.307
"8/31/1997",0.1,17.4,3,0.307
"9/1/1997",1,15.8,2.7,0.273
"9/2/1997",0.7,17.3,2.9,0.273
"9/3/1997",1.4,16.9,2.8,0.307
"9/4/1997",0,13.6,2.4,0.307
"9/5/1997",3.4,16.3,2.7,0.307
"9/6/1997",0.3,13.5,2.3,0.307
"9/7/1997",0,10.4,1.9,0.307
"9/8/1997",0,13.5,2.3,0.273
"9/9/1997",0,13.7,2.3,0.273
"9/10/1997",0,12.8,2.2,0.273
"9/11/1997",0,16.7,2.6,0.242
"9/12/1997",0,18.6,2.8,0.242
"9/13/1997",0.1,16.9,2.5,0.242
"9/14/1997",0,11.3,1.9,0.242
"9/15/1997",1.6,10,1.7,0.242
"9/16/1997",0,10.8,1.8,0.242
"9/17/1997",0,12.6,2,0.242
"9/18/1997",0,18.1,2.6,0.242
"9/19/1997",0,19.8,2.8,0.242
"9/20/1997",0,19.7,2.7,0.213
"9/21/1997",0,19.9,2.7,0.213
"9/22/1997",0,19.7,2.6,0.213
"9/23/1997",0,18.3,2.5,0.187
"9/24/1997",0,19.1,2.5,0.187
"9/25/1997",0,18.6,2.4,0.162
"9/26/1997",0,17.5,2.3,0.162
"9/27/1997",0,17.5,2.3,0.14
"9/28/1997",0,18.5,2.3,0.14
"9/29/1997",0,16.7,2.2,0.12
"9/30/1997",0,16.7,2.1,0.12
"10/1/1997",0,18.9,2.3,0.086
"10/2/1997",0,20.9,2.5,0.086
"10/3/1997",0,21.1,2.5,0.102
"10/4/1997",36.5,19,2.2,0.102
"10/5/1997",1.4,11.9,1.5,0.273
"10/6/1997",0,11.4,1.5,0.344
"10/7/1997",0.7,15.3,1.8,0.307
"10/8/1997",0,10.6,1.4,0.213
"10/9/1997",0.5,10.5,1.3,0.187
"10/10/1997",0,9.7,1.3,0.187
"10/11/1997",0,11.2,1.4,0.162
"10/12/1997",0,12.3,1.4,0.162
"10/13/1997",0,9.9,1.2,0.162
"10/14/1997",0,7.7,1.1,0.162
"10/15/1997",0,9.4,1.1,0.14
"10/16/1997",0,8.9,1.1,0.162
"10/17/1997",0,8.7,1.1,0.162
"10/18/1997",0,12.5,1.4,0.162
"10/19/1997",0,7.1,0.9,0.162
"10/20/1997",0,7.6,0.9,0.162
"10/21/1997",0,9,1.1,0.162
"10/22/1997",0,7.8,0.9,0.187
"10/23/1997",0,4.8,0.7,0.187
"10/24/1997",0,6.6,0.8,0.187
"10/25/1997",0,8.4,0.9,0.14
"10/26/1997",0,8.7,1,0.14
"10/27/1997",0,5.2,0.7,0.12
"10/28/1997",0,1.9,0.5,0.213
"10/29/1997",0,0.3,0.4,0.213
"10/30/1997",0,2,0.5,0.213
"10/31/1997",1.5,5,0.7,0.213
"11/1/1997",0.3,5.7,0.7,0.242
"11/2/1997",0,3.8,0.6,0.242
"11/3/1997",0.2,4.8,0.6,0.273
"11/4/1997",7.9,9.9,0.9,0.273
"11/5/1997",14.1,13.8,1.1,0.307
"11/6/1997",0,4.5,0.6,0.719
"11/7/1997",3.2,4.5,0.6,0.52
"11/8/1997",1.8,12.1,1,0.52
"11/9/1997",5.8,15.8,1.2,0.47
"11/10/1997",7,9.2,0.8,0.384
"11/11/1997",0,-0.2,0.3,0.52
"11/12/1997",0.2,-0.4,0.3,0.52
"11/13/1997",1.8,-1.7,0.2,0.47
"11/14/1997",0,-0.6,0.2,0.425
"11/15/1997",0,-2.7,0.1,0.425
"11/16/1997",0,-3.9,0.1,0.425
"11/17/1997",0,-2.1,0.2,0.384
"11/18/1997",1.1,-4,0.1,0.425
"11/19/1997",1.4,-5.2,0,0.425
"11/20/1997",1.6,-5.4,0,0.425
"11/21/1997",3.1,-4.6,0,0.384
"11/22/1997",1.3,-3.6,0.1,0.384
"11/23/1997",2.9,-2.3,0.1,0.384
"11/24/1997",0.7,-0.6,0.2,0.384
"11/25/1997",0.3,-3.1,0.1,0.344
"11/26/1997",0,-3.4,0.1,0.344
"11/27/1997",0,-5.3,0,0.307
"11/28/1997",3.5,-0.9,0.2,0.307
"11/29/1997",0.4,4.3,0.4,0.307
"11/30/1997",0.1,6.1,0.5,0.425
"12/1/1997",0,7.3,0.5,0.47
"12/2/1997",0,10.2,0.7,0.47
"12/3/1997",0,11.1,0.7,0.47
"12/4/1997",0,10.7,0.7,0.47
"12/5/1997",6.8,11.3,0.7,0.47
"12/6/1997",0,6.4,0.5,0.52
"12/7/1997",1.2,6.2,0.5,0.47
"12/8/1997",7,6.9,0.5,0.47
"12/9/1997",1.9,4,0.4,0.52
"12/10/1997",0,0.2,0.2,0.619
"12/11/1997",0,-2.7,0.1,0.619
"12/12/1997",0,-2.6,0.1,0.52
"12/13/1997",0,-4,0,0.47
"12/14/1997",0.3,0.8,0.2,0.425
"12/15/1997",0.1,2.7,0.3,0.425
"12/16/1997",0,2.4,0.3,0.425
"12/17/1997",0.1,-0.2,0.2,0.425
"12/18/1997",1.8,-0.1,0.2,0.425
"12/19/1997",0,1.7,0.3,0.384
"12/20/1997",0,-0.4,0.2,0.425
"12/21/1997",0,1.2,0.2,0.425
"12/22/1997",7.4,7.2,0.5,0.425
"12/23/1997",4.5,3.7,0.4,0.425
"12/24/1997",14.5,4.3,0.4,0.719
"12/25/1997",15.4,6.8,0.5,4.45
"12/26/1997",0.3,6,0.5,3.69
"12/27/1997",1.9,5,0.4,2.52
"12/28/1997",6.8,5.7,0.4,1.41
"12/29/1997",0.4,-3.1,0.1,1.51
"12/30/1997",0,-5.7,0,1.41
"12/31/1997",0,-7.2,0,1.41
"1/1/1998",2.4,-0.6,0.2,1.31
"1/2/1998",1.3,5.6,0.5,1.31
"1/3/1998",6.9,4.6,0.4,1.31
"1/4/1998",2.6,-2.6,0.1,1.21
"1/5/1998",6.6,0,0.2,1.21
"1/6/1998",0.9,0.8,0.3,1.41
"1/7/1998",4.5,-0.9,0.2,1.41
"1/8/1998",3.6,2.5,0.3,1.51
"1/9/1998",8.5,2.6,0.4,2.83
"1/10/1998",1.5,3.2,0.4,4.45
"1/11/1998",15,6.4,0.5,7.05
"1/12/1998",11.8,3,0.4,9.25
"1/13/1998",4,5.8,0.5,12.6
"1/14/1998",6.4,7.8,0.6,14.9
"1/15/1998",7.5,3.9,0.4,15.9
"1/16/1998",0.2,0.5,0.3,15.9
"1/17/1998",0.2,-0.1,0.2,11.7
"1/18/1998",0.9,4.1,0.4,9.25
"1/19/1998",5.7,7.3,0.6,8.1
"1/20/1998",2,3.1,0.4,10.1
"1/21/1998",1.9,2.1,0.4,9.25
"1/22/1998",1.9,4.7,0.5,8.1
"1/23/1998",6.8,8.8,0.7,7.75
"1/24/1998",4.3,1.4,0.3,9.65
"1/25/1998",0.2,-1.4,0.2,8.9
"1/26/1998",0,-4,0.1,8.5
"1/27/1998",2.1,-3.5,0.1,7.75
"1/28/1998",4.9,0.6,0.3,7.4
"1/29/1998",7.1,1.4,0.4,7.75
"1/30/1998",0.5,-0.8,0.2,7.75
"1/31/1998",2.1,-1.9,0.2,7.4
"2/1/1998",3.3,-2.1,0.2,6.35
"2/2/1998",3.7,-1,0.2,6
"2/3/1998",0.5,1.3,0.4,6
"2/4/1998",0.5,-0.1,0.3,5.7
"2/5/1998",0,-2.4,0.2,5.05
"2/6/1998",0.8,-4,0.1,4.75
"2/7/1998",0,-5.4,0,5.35
"2/8/1998",0,-6.6,0,4.16
"2/9/1998",1,-11.1,0,2.83
"2/10/1998",2,-12,0,2.83
"2/11/1998",0.2,-9.7,0,2.83
"2/12/1998",0,-6.8,0,2.83
"2/13/1998",0.2,-6,0,2.83
"2/14/1998",4.3,0.4,0.4,2.83
"2/15/1998",5.7,1.5,0.5,2.35
"2/16/1998",10.4,3.8,0.6,2.35
"2/17/1998",5.2,3.3,0.6,5.35
"2/18/1998",2.5,3.4,0.6,7.05
"2/19/1998",0.1,-2.8,0.2,6.35
"2/20/1998",0,-6.5,0,5.35
"2/21/1998",0,-6.1,0,4.75
"2/22/1998",8.6,-1.4,0.3,4.45
"2/23/1998",5.6,7.2,1,7.05
"2/24/1998",0.2,-1.7,0.3,7.4
"2/25/1998",0,-3.9,0.1,6.7
"2/26/1998",2.1,-3.4,0.1,5.7
"2/27/1998",1.8,0.5,0.5,5.7
"2/28/1998",0,5,0.8,6
"3/1/1998",0.9,4.5,0.8,5.35
"3/2/1998",1,3.5,0.7,5.05
"3/3/1998",0,0.7,0.5,4.75
"3/4/1998",0,-0.2,0.4,4.75
"3/5/1998",5.8,5.9,1,3.87
"3/6/1998",12.3,4.9,0.9,5.7
"3/7/1998",0.1,2.9,0.7,8.1
"3/8/1998",0,-0.1,0.5,6.35
"3/9/1998",0,0.2,0.5,6
"3/10/1998",0,0.2,0.5,5.7
"3/11/1998",0.3,1.8,0.6,5.35
"3/12/1998",0.9,3.2,0.8,4.75
"3/13/1998",0,2.2,0.7,4.45
"3/14/1998",0,3.5,0.8,4.16
"3/15/1998",0,3.7,0.9,3.6
"3/16/1998",0,7.7,1.3,3.33
"3/17/1998",0,8.5,1.4,3.33
"3/18/1998",6.5,9.1,1.5,2.83
"3/19/1998",1.9,6.2,1.2,3.6
"3/20/1998",3.3,4.5,1,3.33
"3/21/1998",0.1,2.8,0.9,3.08
"3/22/1998",1.6,4.4,1,2.83
"3/23/1998",3.6,7.8,1.4,2.83
"3/24/1998",3.9,9.2,1.6,3.33
"3/25/1998",1.6,3.4,0.9,3.33
"3/26/1998",3.7,4.4,1.1,3.33
"3/27/1998",0.5,9,1.6,3.6
"3/28/1998",2,7.2,1.4,2.83
"3/29/1998",1.8,5.9,1.3,2.58
"3/30/1998",2.9,5.8,1.3,2.58
"3/31/1998",0.6,8.9,1.6,2.58
"4/1/1998",0,6.2,1.4,2.83
"4/2/1998",15.6,8.2,1.6,2.25
"4/3/1998",10.1,3.5,1,6.55
"4/4/1998",0,1.8,0.8,6.55
"4/5/1998",1.6,2,0.9,4.9
"4/6/1998",9,0.2,0.7,5.2
"4/7/1998",18.6,2.5,0.9,7.2
"4/8/1998",8,1,0.8,11.6
"4/9/1998",2.1,3.5,1.1,18.9
"4/10/1998",4.1,1.4,0.8,18.9
"4/11/1998",0.5,-0.8,0.5,17.9
"4/12/1998",2.8,-1.5,0.5,14.4
"4/13/1998",3.8,1,0.8,14
"4/14/1998",0.8,6.1,1.5,14
"4/15/1998",1.7,6.9,1.6,11.7
"4/16/1998",0.7,7.1,1.6,10.9
"4/17/1998",2.3,5.8,1.5,9.65
"4/18/1998",5.7,4.4,1.3,8.5
"4/19/1998",3.4,3.5,1.2,9.65
"4/20/1998",9.9,6.7,1.6,8.9
"4/21/1998",35.1,11,2.3,11.3
"4/22/1998",2.5,4.3,1.3,36.4
"4/23/1998",13.8,6.3,1.6,31.7
"4/24/1998",3.7,7.7,1.8,39
"4/25/1998",11.5,8.7,2,32.8
"4/26/1998",2.8,9.3,2.1,34.6
"4/27/1998",0.3,7.6,1.8,28.1
"4/28/1998",8.8,6.5,1.7,24.2
"4/29/1998",1.8,7.4,1.8,23.6
"4/30/1998",0.1,6.7,1.8,21
"5/1/1998",0.2,11.3,2.5,18.9
"5/2/1998",0,15.8,3.2,16.5
"5/3/1998",2.7,6.7,1.8,14.4
"5/4/1998",0.2,7.9,2,12.9
"5/5/1998",0,12.4,2.7,9.8
"5/6/1998",10.5,10.3,2.4,10.2
"5/7/1998",2.1,9,2.2,10.6
"5/8/1998",0,9.4,2.3,9.4
"5/9/1998",0,11,2.5,7.85
"5/10/1998",0,14.3,3.1,6.6
"5/11/1998",0.2,15,3.2,6.05
"5/12/1998",1.6,17.3,3.6,5.85
"5/13/1998",35.3,15.5,3.3,6.4
"5/14/1998",1.8,10.2,2.4,22.6
"5/15/1998",1.3,11.6,2.7,18.9
"5/16/1998",7.1,12.4,2.8,15.1
"5/17/1998",0,17.2,3.6,15
"5/18/1998",10.2,18.1,3.8,13
"5/19/1998",0,18.1,3.8,15
"5/20/1998",6.4,19.2,4,11
"5/21/1998",5.7,12.4,2.9,13.2
"5/22/1998",0,15.5,3.4,11.9
"5/23/1998",11.3,14.9,3.3,9.6
"5/24/1998",0.3,13.6,3.1,11
"5/25/1998",0,13.9,3.2,8.2
"5/26/1998",16.1,18.2,3.9,7.7
"5/27/1998",7.4,14.6,3.3,17.3
"5/28/1998",1.2,11.1,2.7,13.9
"5/29/1998",3.9,7,2,13.2
"5/30/1998",1.6,7.6,2.1,11.9
"5/31/1998",0,8.9,2.4,11.5
"6/1/1998",3.6,11,2.7,10
"6/2/1998",5.7,12,2.9,10.3
"6/3/1998",8.5,13.8,3.2,16
"6/4/1998",8,10.5,2.7,13.7
"6/5/1998",11.9,6.6,2,17.9
"6/6/1998",1.1,7.2,2.1,22.6
"6/7/1998",0,9,2.4,18.9
"6/8/1998",0,11.9,2.9,17.4
"6/9/1998",0,14.9,3.4,14.1
"6/10/1998",0.3,16.9,3.8,11.5
"6/11/1998",3.1,11.4,2.8,10.8
"6/12/1998",0,11.1,2.8,9.4
"6/13/1998",0,12.9,3.1,8.6
"6/14/1998",0,13.2,3.2,7.1
"6/15/1998",0.1,17.4,3.9,6.4
"6/16/1998",7.3,17.6,3.9,6.05
"6/17/1998",3.7,16.7,3.8,6.55
"6/18/1998",0,16.4,3.7,5.35
"6/19/1998",0,19,4.2,4.71
"6/20/1998",0.1,20.9,4.5,4.08
"6/21/1998",0,21.4,4.6,3.49
"6/22/1998",0.1,20.8,4.5,2.93
"6/23/1998",0,18.7,4.1,2.4
"6/24/1998",0,15.5,3.6,2.15
"6/25/1998",0,19.8,4.3,2.02
"6/26/1998",0,23,4.9,1.89
"6/27/1998",0,24.7,5.2,1.89
"6/28/1998",0,25.3,5.3,1.64
"6/29/1998",0,24.7,5.2,1.64
"6/30/1998",0.6,18.9,4.1,1.89
"7/1/1998",0,18.6,4.1,2.02
"7/2/1998",0.5,22,4.7,1.89
"7/3/1998",9,19.1,4.2,1.89
"7/4/1998",0,20,4.3,2.02
"7/5/1998",2.8,22.4,4.7,1.64
"7/6/1998",9,17.4,3.8,1.64
"7/7/1998",0,14.4,3.3,1.76
"7/8/1998",0,13.5,3.2,1.89
"7/9/1998",0,15.1,3.4,1.27
"7/10/1998",0,15.6,3.5,1.27
"7/11/1998",0,17.5,3.8,1.39
"7/12/1998",0.4,17,3.8,1.27
"7/13/1998",0,16.5,3.6,1.15
"7/14/1998",0,15.1,3.4,0.81
"7/15/1998",0,15.5,3.5,0.495
"7/16/1998",0,18.4,4,0.302
"7/17/1998",17,21.3,4.4,0.495
"7/18/1998",0,16.6,3.6,1.64
"7/19/1998",0,13.7,3.1,1.27
"7/20/1998",0,14.8,3.3,1.04
"7/21/1998",0,17.6,3.8,0.925
"7/22/1998",0,22.3,4.5,0.705
"7/23/1998",4.3,21,4.3,0.705
"7/24/1998",0,15,3.3,0.705
"7/25/1998",0,16.6,3.5,0.6
"7/26/1998",0,18.9,3.9,0.6
"7/27/1998",0,19.4,4,0.6
"7/28/1998",0,22.2,4.4,0.495
"7/29/1998",0,22.1,4.4,0.495
"7/30/1998",5.8,22.3,4.4,0.495
"7/31/1998",0,19.9,4,0.495
"8/1/1998",0,20.2,4,0.495
"8/2/1998",0,23.3,4.5,0.495
"8/3/1998",0.5,25.5,4.8,0.495
"8/4/1998",11.7,15.5,3.2,0.495
"8/5/1998",0,14.6,3.1,0.495
"8/6/1998",0,18.7,3.7,0.396
"8/7/1998",0,17.5,3.5,0.495
"8/8/1998",0,17.6,3.5,0.495
"8/9/1998",4,18.7,3.6,0.495
"8/10/1998",5.4,17.8,3.5,0.495
"8/11/1998",39.2,16.7,3.3,0.495
"8/12/1998",0.2,15.1,3,2.93
"8/13/1998",0,15.8,3.1,1.64
"8/14/1998",0,19.3,3.6,1.15
"8/15/1998",1.5,20,3.7,0.925
"8/16/1998",0,21.4,3.9,0.81
"8/17/1998",0.2,23.6,4.2,0.81
"8/18/1998",13.7,18.1,3.4,0.81
"8/19/1998",2.5,16.3,3.1,0.705
"8/20/1998",0,13.8,2.7,1.64
"8/21/1998",0,17.3,3.2,1.04
"8/22/1998",5.6,20.3,3.6,0.925
"8/23/1998",1.6,15.3,2.9,0.925
"8/24/1998",0.9,14,2.7,1.04
"8/25/1998",0,15.1,2.8,1.15
"8/26/1998",0.9,18.3,3.2,0.705
"8/27/1998",0.2,11.9,2.3,0.705
"8/28/1998",2.4,9.9,2,0.705
"8/29/1998",1.7,9.2,1.9,0.925
"8/30/1998",0,10.1,2,0.925
"8/31/1998",0,10.7,2.1,0.705
"9/1/1998",0,10.8,2,0.495
"9/2/1998",0,13.4,2.4,0.495
"9/3/1998",0,15.2,2.6,0.6
"9/4/1998",0,11,2.1,0.495
"9/5/1998",0,13.2,2.3,0.495
"9/6/1998",0,17.6,2.8,0.495
"9/7/1998",0,15,2.5,0.495
"9/8/1998",0,14.7,2.4,0.495
"9/9/1998",0,12.8,2.2,0.495
"9/10/1998",0,11,1.9,0.396
"9/11/1998",0,15.2,2.4,0.302
"9/12/1998",11.3,16.4,2.5,0.302
"9/13/1998",0.8,19.3,2.9,0.302
"9/14/1998",15.7,18.4,2.7,0.396
"9/15/1998",19.4,19.9,2.9,1.15
"9/16/1998",20.3,18.6,2.7,1.51
"9/17/1998",2.8,16.7,2.4,2.66
"9/18/1998",0.4,11.7,1.9,2.4
"9/19/1998",0,12.5,1.9,1.64
"9/20/1998",0,15.2,2.2,1.15
"9/21/1998",0,14.1,2.1,1.04
"9/22/1998",0,13.4,2,1.04
"9/23/1998",4.2,14.1,2,0.925
"9/24/1998",11.7,15,2.1,0.81
"9/25/1998",11.9,12.4,1.8,0.925
"9/26/1998",0,11.3,1.7,1.39
"9/27/1998",0,10.2,1.5,1.51
"9/28/1998",0,9.8,1.5,1.15
"9/29/1998",0,9.4,1.4,0.81
"9/30/1998",0,10.5,1.5,0.925
"10/1/1998",0,15.4,2,1.27
"10/2/1998",0,15.2,1.9,1.27
"10/3/1998",0,16.3,2,1.04
"10/4/1998",0,16.3,2,0.925
"10/5/1998",0,15.9,1.9,0.925
"10/6/1998",0.1,14,1.7,0.925
"10/7/1998",0,13.3,1.6,0.925
"10/8/1998",0,12,1.5,0.81
"10/9/1998",0,10.6,1.4,0.81
"10/10/1998",0,13.2,1.6,0.81
"10/11/1998",0,14.1,1.6,0.925
"10/12/1998",0.4,13.2,1.5,0.81
"10/13/1998",0.7,15.2,1.7,0.81
"10/14/1998",3,15.3,1.7,0.705
"10/15/1998",9.7,14.5,1.5,0.925
"10/16/1998",4.9,14.5,1.6,1.04
"10/17/1998",0,14,1.5,1.04
"10/18/1998",1.3,13.4,1.4,1.04
"10/19/1998",5.6,11.5,1.3,1.04
"10/20/1998",5.5,13.1,1.4,1.04
"10/21/1998",0,10.7,1.2,1.15
"10/22/1998",16.7,14.9,1.5,1.15
"10/23/1998",1.1,7.9,0.9,1.76
"10/24/1998",3.3,6.8,0.8,2.15
"10/25/1998",5.1,9,1,1.64
"10/26/1998",1.8,5.9,0.7,1.64
"10/27/1998",0.7,4.9,0.7,1.64
"10/28/1998",2.7,8.3,0.9,1.76
"10/29/1998",4.1,7.4,0.8,1.39
"10/30/1998",0,1.3,0.4,1.76
"10/31/1998",0.3,4.4,0.6,1.51
"11/1/1998",6.9,10.1,1,1.39
"11/2/1998",1,5.3,0.6,1.51
"11/3/1998",0,1.2,0.4,1.77
"11/4/1998",0,0.9,0.4,1.7
"11/5/1998",0.5,2.7,0.5,1.51
"11/6/1998",0.1,4.6,0.6,1.51
"11/7/1998",0,5.7,0.6,1.64
"11/8/1998",0.7,6.4,0.7,1.76
"11/9/1998",0,5.5,0.6,1.76
"11/10/1998",0,10.3,0.9,1.51
"11/11/1998",0,11.7,0.9,1.51
"11/12/1998",0,11.2,0.9,1.64
"11/13/1998",9.8,12.2,0.9,1.51
"11/14/1998",0.2,11.8,0.9,1.76
"11/15/1998",0.3,12.7,0.9,1.89
"11/16/1998",0.2,11.1,0.8,1.64
"11/17/1998",0.7,7.8,0.7,1.39
"11/18/1998",0,4.2,0.5,1.27
"11/19/1998",0.3,6.9,0.6,1.27
"11/20/1998",2.1,7.2,0.6,1.39
"11/21/1998",13,6.1,0.6,1.39
"11/22/1998",8.9,9.5,0.7,2.93
"11/23/1998",1.3,3.4,0.4,4.39
"11/24/1998",1.7,4.3,0.5,3.65
"11/25/1998",0,7.5,0.6,2.15
"11/26/1998",1.2,4.8,0.5,2.15
"11/27/1998",0,0.4,0.2,2.66
"11/28/1998",0,-0.2,0.2,2.15
"11/29/1998",0,-1.4,0.2,2.02
"11/30/1998",0,0.1,0.2,1.76
"12/1/1998",0,1.2,0.3,1.76
"12/2/1998",0,1.3,0.3,1.51
"12/3/1998",0,2.5,0.3,1.76
"12/4/1998",0,3.6,0.4,1.64
"12/5/1998",0,4.7,0.4,1.89
"12/6/1998",4,6.2,0.5,1.89
"12/7/1998",0,8.2,0.6,1.89
"12/8/1998",14.6,9.8,0.6,1.89
"12/9/1998",3.6,4.1,0.4,4.39
"12/10/1998",0,-0.2,0.2,11
"12/11/1998",0,-0.7,0.2,2.93
"12/12/1998",0,-1.3,0.1,3.78
"12/13/1998",2.7,3.1,0.3,2.93
"12/14/1998",1.8,2,0.3,3.49
"12/15/1998",3,3.1,0.3,2.66
"12/16/1998",4.4,4.7,0.4,2.66
"12/17/1998",7,3.7,0.4,2.93
"12/18/1998",7.8,9.4,0.6,3.49
"12/19/1998",1,4.5,0.4,4.08
"12/20/1998",2.9,2.4,0.3,4.71
"12/21/1998",3.8,0.6,0.2,4.71
"12/22/1998",3.9,-1.7,0.2,5.75
"12/23/1998",5.1,-2.6,0.1,6.4
"12/24/1998",0.4,-3.3,0.1,4.39
"12/25/1998",25.5,-2.3,0.1,4.39
"12/26/1998",12.9,3.7,0.4,17.4
"12/27/1998",3.9,1.7,0.3,28.1
"12/28/1998",2.6,3.1,0.4,24.2
"12/29/1998",0.4,5.9,0.5,22.6
"12/30/1998",0.3,5.8,0.4,20.5
"12/31/1998",3.2,7.4,0.5,19.9
"1/1/1999",3.6,10.1,0.6,16.7
"1/2/1999",7.9,4.8,0.4,17.8
"1/3/1999",1.6,-0.8,0.2,20.7
"1/4/1999",1,-3.3,0.1,18.3
"1/5/1999",4.6,2.9,0.3,15.9
"1/6/1999",2.5,2.5,0.3,17.8
"1/7/1999",1.7,-2.5,0.1,15
"1/8/1999",0,-7.1,0,12.4
"1/9/1999",0.6,-3.2,0.1,11.6
"1/10/1999",2.2,-1,0.2,12
"1/11/1999",1.5,-10,0,10.4
"1/12/1999",0.6,-15.5,0,9.6
"1/13/1999",5,-10.5,0,10.4
"1/14/1999",8.8,-10.2,0,8.2
"1/15/1999",2.5,-10.8,0,7.8
"1/16/1999",0.4,-12.7,0,7.8
"1/17/1999",0.2,-11.6,0,7.8
"1/18/1999",0,-9.1,0,7.8
"1/19/1999",0.1,-6.9,0,7.8
"1/20/1999",0,-6.7,0,7.8
"1/21/1999",0,-6.7,0,7.8
"1/22/1999",0,-6.5,0,6
"1/23/1999",0,-6,0,4.6
"1/24/1999",0,-4.7,0,4.6
"1/25/1999",0,-2.9,0.1,4.4
"1/26/1999",0.2,-3.9,0.1,4.4
"1/27/1999",5.2,-2.1,0.2,4.8
"1/28/1999",4.9,0.6,0.3,11
"1/29/1999",0,-2.5,0.1,10.4
"1/30/1999",0,-5.8,0,7
"1/31/1999",0,-3.1,0.1,6.8
"2/1/1999",0,-0.8,0.2,6.45
"2/2/1999",1.2,1.4,0.4,6.45
"2/3/1999",1.9,2.9,0.5,7.45
"2/4/1999",0,2.4,0.4,8.15
"2/5/1999",0.2,0.4,0.3,9.25
"2/6/1999",3.7,1.2,0.4,9.25
"2/7/1999",5.3,5.2,0.6,12
"2/8/1999",0.1,6.6,0.7,15
"2/9/1999",6.6,6.9,0.8,12.9
"2/10/1999",2.9,6,0.7,17.3
"2/11/1999",2.1,4.6,0.6,17.3
"2/12/1999",5.3,2.3,0.5,17.3
"2/13/1999",2.3,2.3,0.5,19.2
"2/14/1999",3.9,5.2,0.7,16.4
"2/15/1999",3.3,0.8,0.4,16.9
"2/16/1999",3.9,-1.8,0.2,15.5
"2/17/1999",2.7,-3,0.1,14.6
"2/18/1999",2.1,-4.3,0.1,12.9
"2/19/1999",4.1,-4.9,0,12.4
"2/20/1999",2.8,-4.2,0.1,11.6
"2/21/1999",2.3,-3.1,0.2,11.6
"2/22/1999",0.1,-3.2,0.2,9.65
"2/23/1999",0,-1.4,0.3,7.65
"2/24/1999",0,-0.7,0.3,10
"2/25/1999",3.8,4.4,0.8,9.65
"2/26/1999",1.2,7.2,1,12.9
"2/27/1999",2,8.9,1.1,16.9
"2/28/1999",0.9,9.1,1.2,16.9
"3/1/1999",0.7,8.1,1.1,16.9
"3/2/1999",0.1,9,1.2,16.9
"3/3/1999",1.6,-1.1,0.3,13.7
"3/4/1999",2.1,-0.5,0.4,13.3
"3/5/1999",0,0.2,0.5,14.1
"3/6/1999",0,-1.1,0.4,11.2
"3/7/1999",1.1,1.7,0.6,8.5
"3/8/1999",0.2,3.9,0.8,9.65
"3/9/1999",0.1,4,0.8,8.5
"3/10/1999",0,1.5,0.6,7.8
"3/11/1999",0,0.7,0.5,6.8
"3/12/1999",0,0.4,0.5,6.45
"3/13/1999",0.4,1.1,0.6,6.8
"3/14/1999",0.1,-1.4,0.3,6.45
"3/15/1999",0.1,-1.5,0.4,5.8
"3/16/1999",1.5,1.2,0.6,5.8
"3/17/1999",0.1,1.5,0.7,5.2
"3/18/1999",3.5,3.9,0.9,5.35
"3/19/1999",2.1,1.6,0.7,5.2
"3/20/1999",0.6,0,0.5,4.88
"3/21/1999",1.3,2.8,0.8,4.31
"3/22/1999",0.2,3.2,0.9,4.31
"3/23/1999",0,6.1,1.2,4.31
"3/24/1999",0.8,9.9,1.7,4.03
"3/25/1999",13.6,9.7,1.7,3.49
"3/26/1999",0.1,5.9,1.2,7
"3/27/1999",12.7,8.5,1.5,5.8
"3/28/1999",2.3,5.8,1.2,8.75
"3/29/1999",4.4,1.5,0.8,9.65
"3/30/1999",1.9,1,0.7,10.5
"3/31/1999",0.1,2.4,0.9,8.15
"4/1/1999",1.7,2.1,0.9,10.2
"4/2/1999",3.4,5.4,1.3,9.3
"4/3/1999",13.2,8.5,1.6,10.2
"4/4/1999",0.9,3.9,1.1,10.7
"4/5/1999",2.3,6.2,1.4,11.2
"4/6/1999",0,10.3,1.9,9.65
"4/7/1999",8.2,11.9,2.1,8.9
"4/8/1999",9,9.7,1.9,10.8
"4/9/1999",3.1,8.1,1.7,13.3
"4/10/1999",0.1,6.1,1.5,13.3
"4/11/1999",2.6,6.3,1.5,10.6
"4/12/1999",0.1,5.1,1.3,11.8
"4/13/1999",0,4,1.2,11.6
"4/14/1999",0,5.6,1.4,9.1
"4/15/1999",0,6.6,1.6,8.55
"4/16/1999",0,8.9,1.9,8.5
"4/17/1999",0,11.7,2.3,8
"4/18/1999",0.1,13.2,2.5,6.8
"4/19/1999",4.1,13,2.5,6.45
"4/20/1999",4.3,10.1,2.1,6.8
"4/21/1999",0,7.1,1.7,6.8
"4/22/1999",0,7.8,1.8,5.05
"4/23/1999",0,13.1,2.6,4.31
"4/24/1999",0.1,13.7,2.7,4.03
"4/25/1999",0,11.8,2.5,4.03
"4/26/1999",8.1,12.2,2.5,4.31
"4/27/1999",0,13,2.7,4.88
"4/28/1999",0,14.5,2.9,3.75
"4/29/1999",0,15.7,3.1,3.23
"4/30/1999",0,13.7,2.8,2.98
"5/1/1999",0,14.2,2.9,2.98
"5/2/1999",7.7,14.4,3,3.23
"5/3/1999",7.1,6.5,1.8,3.23
"5/4/1999",48.3,1.8,1.1,6.3
"5/5/1999",25.2,4,1.4,16.3
"5/6/1999",0.4,6.7,1.8,37.7
"5/7/1999",0,7.3,1.9,30.6
"5/8/1999",0,8.9,2.2,26.1
"5/9/1999",0,14,3,23.7
"5/10/1999",4.4,14.1,3,20.9
"5/11/1999",0,11.7,2.7,18.8
"5/12/1999",14.2,8.8,2.2,16.3
"5/13/1999",5.8,5.8,1.7,18.3
"5/14/1999",0.9,7.5,2,15.8
"5/15/1999",10.3,8,2.1,14.9
"5/16/1999",0,6.9,1.9,15.8
"5/17/1999",0.4,8.7,2.3,11.6
"5/18/1999",3.7,9.5,2.4,12.2
"5/19/1999",1.7,8.6,2.3,11
"5/20/1999",0.2,9.1,2.3,9.5
"5/21/1999",2.9,6.3,1.9,7.45
"5/22/1999",0.4,5.8,1.8,7.45
"5/23/1999",0,8,2.2,7.8
"5/24/1999",0.1,13.6,3.1,6.55
"5/25/1999",0.1,14.9,3.3,5.4
"5/26/1999",6.8,14.3,3.2,4.6
"5/27/1999",9.6,12.1,2.9,5.25
"5/28/1999",1.7,12.5,3,5.65
"5/29/1999",0,11.2,2.7,5.65
"5/30/1999",0,12.2,2.9,4.25
"5/31/1999",0.1,13.2,3.1,3.88
"6/1/1999",0,12.7,3,3.44
"6/2/1999",3.1,14.9,3.4,3.22
"6/3/1999",13.2,14,3.2,3.44
"6/4/1999",11.4,11.6,2.8,5.55
"6/5/1999",0,12.5,3,6.25
"6/6/1999",6.8,16.2,3.7,4.6
"6/7/1999",15.8,14.7,3.4,6.3
"6/8/1999",2.7,10.9,2.8,7.15
"6/9/1999",0.9,9.5,2.5,5.95
"6/10/1999",7.9,12.2,3,6.25
"6/11/1999",3.6,15.2,3.5,5.4
"6/12/1999",0.4,15.7,3.6,5.55
"6/13/1999",6,16,3.7,5.4
"6/14/1999",33,11.1,2.8,6
"6/15/1999",9.1,10.1,2.6,21.5
"6/16/1999",8.4,9.3,2.5,20.7
"6/17/1999",7.9,10.3,2.7,20.7
"6/18/1999",10.2,12.6,3.1,22.8
"6/19/1999",6,12.6,3.1,23.3
"6/20/1999",3.4,10.4,2.7,24.4
"6/21/1999",0.7,12.4,3,22.8
"6/22/1999",0.8,14.2,3.3,18.8
"6/23/1999",0.7,15.2,3.5,16.4
"6/24/1999",0,15.1,3.5,14.6
"6/25/1999",2.4,16.9,3.8,12.9
"6/26/1999",13.2,15.5,3.6,16.7
"6/27/1999",0,16.2,3.7,14.1
"6/28/1999",0,19.3,4.2,11.8
"6/29/1999",0,22.8,4.8,9.45
"6/30/1999",0,21.9,4.6,8.15
"7/1/1999",0.9,20.6,4.4,6.95
"7/2/1999",0,20.3,4.4,6.45
"7/3/1999",0,20.5,4.4,5.5
"7/4/1999",0,20.9,4.5,4.88
"7/5/1999",0,21.1,4.5,4.17
"7/6/1999",9.6,20.6,4.4,3.49
"7/7/1999",9.5,19.2,4.2,5.45
"7/8/1999",0,18.9,4.1,10.1
"7/9/1999",0,16.5,3.7,5.85
"7/10/1999",0,16.3,3.7,4.88
"7/11/1999",0,20.6,4.4,4.17
"7/12/1999",0,21.6,4.5,3.49
"7/13/1999",0.2,21.2,4.4,3.75
"7/14/1999",12.2,21.2,4.4,3.23
"7/15/1999",1.9,19.5,4.1,4.88
"7/16/1999",25,18.1,3.9,3.37
"7/17/1999",5.5,16.3,3.6,7.8
"7/18/1999",4.5,14.2,3.2,4.59
"7/19/1999",1.7,15.1,3.4,4.17
"7/20/1999",4.2,14.9,3.3,3.23
"7/21/1999",4.2,13.7,3.1,3.75
"7/22/1999",1.3,13.6,3.1,4.31
"7/23/1999",3,15.1,3.3,2.73
"7/24/1999",1,17.2,3.6,2.98
"7/25/1999",1.3,17.1,3.6,2.98
"7/26/1999",0,13.3,3,2.62
"7/27/1999",6.2,13.6,3,2.5
"7/28/1999",3.5,16.5,3.5,3.23
"7/29/1999",2.6,18.2,3.7,4.31
"7/30/1999",1,15.7,3.3,3.49
"7/31/1999",0,14.9,3.2,2.5
"8/1/1999",1,16.2,3.4,2.98
"8/2/1999",0,17.1,3.5,2.98
"8/3/1999",0,18,3.6,3.23
"8/4/1999",0,16.3,3.3,2.5
"8/5/1999",0,12,2.7,1.84
"8/6/1999",0,12,2.6,1.84
"8/7/1999",0,14.3,3,1.84
"8/8/1999",0.1,16.3,3.3,1.64
"8/9/1999",0,15.9,3.2,1.64
"8/10/1999",0,15.6,3.1,1.64
"8/11/1999",0,17.7,3.4,1.3
"8/12/1999",0,19.3,3.7,1.2
"8/13/1999",0,21.3,3.9,1
"8/14/1999",0,24.1,4.3,1
"8/15/1999",0,21.2,3.9,0.95
"8/16/1999",0,21.3,3.9,0.85
"8/17/1999",1.8,20.5,3.7,0.85
"8/18/1999",0,19,3.5,0.85
"8/19/1999",0,19.9,3.6,0.85
"8/20/1999",0,20.9,3.7,0.75
"8/21/1999",0,23.7,4.1,0.65
"8/22/1999",10,22.9,4,0.65
"8/23/1999",31.5,16.4,3,0.75
"8/24/1999",3.1,14.9,2.8,4.92
"8/25/1999",0.1,14.1,2.6,3.23
"8/26/1999",1.1,15.3,2.8,1.64
"8/27/1999",0.9,15.3,2.8,1.2
"8/28/1999",0,13.1,2.5,1.1
"8/29/1999",0,14.7,2.6,1.1
"8/30/1999",0,17.7,3,0.95
"8/31/1999",8.2,20.4,3.4,0.85
"9/1/1999",12.4,19.4,3.2,2.5
"9/2/1999",0.2,18.4,3,5.5
"9/3/1999",0.8,18,2.9,2.73
"9/4/1999",1.1,16.8,2.8,2.05
"9/5/1999",2.5,16.4,2.7,1.84
"9/6/1999",0,14.1,2.4,1.8
"9/7/1999",0.1,17.6,2.8,1.4
"9/8/1999",1.1,15.9,2.6,1.2
"9/9/1999",0,15.9,2.6,1.2
"9/10/1999",0,14.9,2.4,1
"9/11/1999",0,16.7,2.6,0.9
"9/12/1999",0,21.1,3.1,0.9
"9/13/1999",0,22,3.2,0.8
"9/14/1999",0,22.1,3.2,0.8
"9/15/1999",0,19.6,2.8,0.8
"9/16/1999",0,22.5,3.1,0.8
"9/17/1999",0,22.1,3,0.85
"9/18/1999",0,21.5,3,0.745
"9/19/1999",0,20,2.8,0.745
"9/20/1999",0,20.8,2.8,0.65
"9/21/1999",0,20.9,2.8,0.565
"9/22/1999",7.6,19.6,2.6,0.565
"9/23/1999",8.4,16.3,2.3,0.65
"9/24/1999",1,13.8,2,0.96
"9/25/1999",23,13.1,1.9,0.96
"9/26/1999",29.4,13.9,1.9,7.05
"9/27/1999",0,9.8,1.5,8.95
"9/28/1999",0,8,1.3,4.03
"9/29/1999",0,7.5,1.2,3.23
"9/30/1999",0,8.6,1.3,2.73
"10/1/1999",0.1,12.8,1.7,2.27
"10/2/1999",0.2,12.2,1.7,2.5
"10/3/1999",0,13.4,1.7,2.27
"10/4/1999",4.7,15.7,1.9,1.84
"10/5/1999",9.4,15.3,1.9,1.84
"10/6/1999",4.4,13.9,1.7,2.5
"10/7/1999",4.5,13,1.6,2.98
"10/8/1999",1.6,11,1.4,2.73
"10/9/1999",0,11.5,1.4,2.73
"10/10/1999",9,12.8,1.5,2.5
"10/11/1999",0.6,6.7,1,2.5
"10/12/1999",2,7.7,1.1,2.05
"10/13/1999",10.8,10.7,1.3,1.84
"10/14/1999",2,12.1,1.4,3.29
"10/15/1999",3.6,16.2,1.7,2.73
"10/16/1999",7.5,11.8,1.3,2.27
"10/17/1999",0.4,8.2,1,2.27
"10/18/1999",0,6.6,0.9,1.64
"10/19/1999",0,10.5,1.2,1.84
"10/20/1999",3.1,14.7,1.5,2.05
"10/21/1999",0,10.4,1.2,2.05
"10/22/1999",3.8,7.2,0.9,2.05
"10/23/1999",1.9,8,0.9,2.27
"10/24/1999",0,5.8,0.8,2.27
"10/25/1999",0.1,9.4,1,2.05
"10/26/1999",0,11.6,1.2,1.84
"10/27/1999",0.8,18,1.6,1.64
"10/28/1999",11.6,13,1.2,1.64
"10/29/1999",0.6,10.4,1,2.05
"10/30/1999",0,9.9,1,2.73
"10/31/1999",0,9.6,1,2.98
"11/1/1999",0,9.1,0.9,1.84
"11/2/1999",0,8.3,0.8,1.64
"11/3/1999",0,6.1,0.7,1.64
"11/4/1999",0,5.5,0.6,2.05
"11/5/1999",0,4.6,0.6,1.44
"11/6/1999",0,4.5,0.6,1.44
"11/7/1999",0,5,0.6,1.64
"11/8/1999",3,6.7,0.7,1.44
"11/9/1999",9.6,8.5,0.8,1.64
"11/10/1999",1.4,7.7,0.7,3.75
"11/11/1999",0,6.4,0.7,2.05
"11/12/1999",7.6,9.4,0.8,1.44
"11/13/1999",4.2,9.1,0.8,2.27
"11/14/1999",1.2,4.3,0.5,2.73
"11/15/1999",5.9,4.7,0.5,2.27
"11/16/1999",3.2,10.4,0.8,2.73
"11/17/1999",0,5.8,0.6,3.23
"11/18/1999",0,2.9,0.4,2.98
"11/19/1999",7.9,2.7,0.4,2.73
"11/20/1999",2.2,4.5,0.5,4.31
"11/21/1999",2.1,4.2,0.4,3.75
"11/22/1999",6.7,3.2,0.4,4.59
"11/23/1999",8.7,3.1,0.4,5.5
"11/24/1999",0.5,1.8,0.3,6.8
"11/25/1999",0.8,1.6,0.3,5.8
"11/26/1999",15.9,0.7,0.3,5.8
"11/27/1999",6.8,1.7,0.3,10.4
"11/28/1999",3.3,2,0.3,10
"11/29/1999",0.3,0.2,0.3,8.9
"11/30/1999",0.1,0.2,0.3,8.9
"12/1/1999",0.9,0,0.2,8.15
"12/2/1999",0,-0.2,0.2,6.45
"12/3/1999",0,1.2,0.3,6.45
"12/4/1999",3.4,7.3,0.5,7.1
"12/5/1999",25.3,7.1,0.5,11.2
"12/6/1999",0.4,5.3,0.5,18.8
"12/7/1999",0,3,0.3,15.9
"12/8/1999",0,-0.1,0.2,14.6
"12/9/1999",0.3,-2.7,0.1,12.9
"12/10/1999",0,-3,0.1,11.2
"12/11/1999",0,-1.9,0.1,10.4
"12/12/1999",0.6,-1.9,0.1,9.25
"12/13/1999",1,-0.8,0.2,8.15
"12/14/1999",1.5,4,0.4,7.8
"12/15/1999",0.4,6.1,0.4,6.8
"12/16/1999",6.1,10.2,0.6,6.8
"12/17/1999",5.1,12.1,0.7,7.45
"12/18/1999",1.7,12.4,0.7,8.9
"12/19/1999",0,8.1,0.5,7.8
"12/20/1999",0,3.9,0.4,7.1
"12/21/1999",0,1,0.2,6.8
"12/22/1999",0.1,-0.6,0.2,6.1
"12/23/1999",0.2,-0.3,0.2,6.1
"12/24/1999",0.6,0.3,0.2,5.2
"12/25/1999",11.2,2.5,0.3,6.45
"12/26/1999",0.1,3.4,0.3,7.8
"12/27/1999",0,2.2,0.3,6.8
"12/28/1999",0,2,0.3,5.8
"12/29/1999",0,1.7,0.3,6.1
"12/30/1999",0,2,0.3,5.5
"12/31/1999",0.8,5.2,0.4,5.5
"1/1/2000",0.2,5.6,0.5,5.2
"1/2/2000",5.3,10.2,0.7,5.2
"1/3/2000",12.6,5.2,0.4,4.88
"1/4/2000",0.2,8.1,0.6,8.15
"1/5/2000",1,9.8,0.6,7.45
"1/6/2000",3.4,7.3,0.5,7.45
"1/7/2000",2.4,3.4,0.4,7.45
"1/8/2000",4.5,0.8,0.3,7.1
"1/9/2000",2.6,5.6,0.5,7.45
"1/10/2000",5.2,6.2,0.5,8.15
"1/11/2000",1.4,2.8,0.4,8.9
"1/12/2000",0,-0.3,0.2,9.65
"1/13/2000",6,7.6,0.6,9.65
"1/14/2000",11.4,4.4,0.4,10
"1/15/2000",0,5,0.5,13.7
"1/16/2000",0.8,6.9,0.6,11.2
"1/17/2000",1.9,6.3,0.5,11.2
"1/18/2000",0.1,3.7,0.4,10.8
"1/19/2000",0,4.5,0.5,9.65
"1/20/2000",5.1,4.7,0.5,10
"1/21/2000",2.9,2.6,0.4,10
"1/22/2000",4.6,3.7,0.5,9.25
"1/23/2000",0.5,2.3,0.4,9.25
"1/24/2000",6.4,8.2,0.7,8.5
"1/25/2000",0.3,7.6,0.7,8.5
"1/26/2000",0,6.9,0.6,8.5
"1/27/2000",0.3,8.5,0.7,7.8
"1/28/2000",16.6,8.7,0.8,12.4
"1/29/2000",4.3,5.8,0.6,12
"1/30/2000",1.5,3.1,0.4,10.8
"1/31/2000",0.1,2.2,0.4,10.4
"2/1/2000",3.3,6.5,0.6,10.8
"2/2/2000",1.1,6,0.6,9.65
"2/3/2000",0.1,7,0.7,9.25
"2/4/2000",1.2,6.1,0.6,8.5
"2/5/2000",6.9,8.7,0.8,8.15
"2/6/2000",10.3,5.2,0.6,8.9
"2/7/2000",9.5,1.1,0.4,10.8
"2/8/2000",11.1,4.6,0.6,12.4
"2/9/2000",5.5,5.9,0.7,21.2
"2/10/2000",7.1,2.5,0.5,20.7
"2/11/2000",16.3,5.1,0.7,22.3
"2/12/2000",3.2,1.3,0.4,26
"2/13/2000",0,-0.3,0.3,23.3
"2/14/2000",0,1.7,0.5,20.7
"2/15/2000",0,3.9,0.6,19.2
"2/16/2000",0,4.6,0.7,18.8
"2/17/2000",0,-0.4,0.3,17.3
"2/18/2000",0,0.1,0.4,12
"2/19/2000",0,1.1,0.4,10.8
"2/20/2000",0,1.2,0.5,10
"2/21/2000",0,0.7,0.4,9.25
"2/22/2000",0,1.5,0.5,8.5
"2/23/2000",2.1,1.4,0.5,8.5
"2/24/2000",7.2,-1,0.3,8.15
"2/25/2000",3.7,-2.6,0.2,8.15
"2/26/2000",5.8,-2.9,0.2,7.45
"2/27/2000",0.5,-2,0.2,6.8
"2/28/2000",8.7,-1.1,0.3,5.8
"2/29/2000",8.9,-1.3,0.3,6.8
"3/1/2000",2.9,-2.5,0.2,6.8
"3/2/2000",0.7,-1.8,0.3,6.1
"3/3/2000",0,-2.1,0.2,3.44
"3/4/2000",4.2,0.8,0.5,0.07
"3/5/2000",1.1,-1.5,0.3,0.135
"3/6/2000",13.4,-1,0.4,0.1
"3/7/2000",7,2.9,0.7,3.84
"3/8/2000",0.7,-0.2,0.4,4.03
"3/9/2000",0,-1.6,0.3,2.27
"3/10/2000",0.2,-0.1,0.5,1.64
"3/11/2000",0.1,3.4,0.8,1.26
"3/12/2000",0.9,4,0.9,1.08
"3/13/2000",0.1,4.1,0.9,1.44
"3/14/2000",0,3.7,0.9,1.08
"3/15/2000",7.6,7.3,1.2,1.26
"3/16/2000",12.1,8.2,1.3,3.49
"3/17/2000",37.5,5.6,1.1,10.8
"3/18/2000",20.6,9,1.5,46.3
"3/19/2000",0.3,10.4,1.6,84
"3/20/2000",0.1,12.8,1.9,62
"3/21/2000",5,11.8,1.8,47.7
"3/22/2000",2.2,6.5,1.2,40.8
"3/23/2000",0.1,8.8,1.5,32.7
"3/24/2000",5.3,7.8,1.4,26.3
"3/25/2000",7.2,10,1.7,21.8
"3/26/2000",7.4,6,1.2,21.4
"3/27/2000",3.1,5,1.1,20.4
"3/28/2000",1.3,5.6,1.2,18.6
"3/29/2000",10.7,6.9,1.4,17.3
"3/30/2000",1.5,4.5,1.1,18.6
"3/31/2000",4.5,3.6,1,17.3
"4/1/2000",1.7,3.1,1,16.9
"4/2/2000",0,4.4,1.1,11.7
"4/3/2000",1.5,6.7,1.5,12
"4/4/2000",0.3,7.6,1.6,12
"4/5/2000",0.1,7.8,1.6,10.2
"4/6/2000",0.1,8.1,1.7,9.55
"4/7/2000",7,8.9,1.8,7.9
"4/8/2000",3.1,9.8,1.9,8.85
"4/9/2000",7.3,8.6,1.8,9.55
"4/10/2000",0.5,6.4,1.5,10.2
"4/11/2000",2.7,9.5,1.9,8.55
"4/12/2000",4.6,8.8,1.8,8.85
"4/13/2000",0,7.6,1.7,9.55
"4/14/2000",0,8,1.8,7.55
"4/15/2000",0,11.4,2.2,7.25
"4/16/2000",2.7,11.4,2.3,5.5
"4/17/2000",7.4,12,2.4,6.05
"4/18/2000",0.3,13.5,2.6,5.5
"4/19/2000",16.6,12.4,2.4,5.5
"4/20/2000",0,9.7,2.1,9.55
"4/21/2000",0,9.4,2.1,6.95
"4/22/2000",0,11.9,2.4,6.05
"4/23/2000",3.9,9.9,2.1,5.8
"4/24/2000",0,9.3,2.1,5.25
"4/25/2000",0,8.3,2,4.71
"4/26/2000",2,9.2,2.1,5.25
"4/27/2000",6.2,8.3,1.9,4.71
"4/28/2000",0,7.6,1.9,5.5
"4/29/2000",0.5,8.4,2,4.97
"4/30/2000",0,10.1,2.3,4.45
"5/1/2000",21.2,11.4,2.5,4.2
"5/2/2000",14.4,9.5,2.2,7.25
"5/3/2000",3.8,10,2.3,8.2
"5/4/2000",2.7,10.8,2.4,7.25
"5/5/2000",0,12.5,2.7,6.35
"5/6/2000",0.3,14.4,3,5.8
"5/7/2000",4.1,16.2,3.3,5.8
"5/8/2000",15.9,13.9,3,5.5
"5/9/2000",1.1,12.8,2.8,7.55
"5/10/2000",10.5,11.3,2.6,7.25
"5/11/2000",0.5,10.6,2.5,8.55
"5/12/2000",0,12.6,2.8,7.55
"5/13/2000",31.2,13.3,2.9,10.4
"5/14/2000",4.6,14.3,3.1,16
"5/15/2000",12,14,3.1,16.9
"5/16/2000",20.4,13.7,3,29.7
"5/17/2000",9.5,13.2,3,39
"5/18/2000",10.5,13.1,2.9,36.1
"5/19/2000",8.4,11.8,2.8,31.6
"5/20/2000",0.1,9.7,2.4,32.1
"5/21/2000",0,8.8,2.3,25.3
"5/22/2000",0,11.9,2.8,20.4
"5/23/2000",0.8,14.5,3.2,18.2
"5/24/2000",0.1,15.4,3.4,16
"5/25/2000",5.2,15.7,3.5,13.6
"5/26/2000",12,13.5,3.1,14
"5/27/2000",16.8,9.5,2.4,17.7
"5/28/2000",10.7,12.1,2.9,18.6
"5/29/2000",1.2,11.5,2.8,15.2
"5/30/2000",4.6,11.7,2.8,15.6
"5/31/2000",3.5,10.3,2.6,14
"6/1/2000",0.3,12.7,3,12.8
"6/2/2000",0,15.2,3.4,10.9
"6/3/2000",11.4,15.5,3.5,9.55
"6/4/2000",0.7,11.5,2.8,10.6
"6/5/2000",0.8,10,2.6,9.55
"6/6/2000",2.2,9.1,2.4,7.9
"6/7/2000",1.4,8.6,2.4,7.25
"6/8/2000",0,11.4,2.8,7.25
"6/9/2000",0,14.3,3.3,6.35
"6/10/2000",0.1,15.8,3.6,5.5
"6/11/2000",8.3,14.7,3.4,4.97
"6/12/2000",2.3,14,3.3,5.8
"6/13/2000",9.6,14.9,3.5,5.25
"6/14/2000",0.4,15,3.5,5.25
"6/15/2000",3.6,16.5,3.8,5.25
"6/16/2000",16.8,15.4,3.5,4.45
"6/17/2000",2.2,14.6,3.4,7.25
"6/18/2000",0,16,3.6,6.35
"6/19/2000",0,15.6,3.6,5.5
"6/20/2000",0,15.4,3.5,4.97
"6/21/2000",0,15.6,3.6,4.45
"6/22/2000",0,17.3,3.9,4.2
"6/23/2000",0,15.4,3.5,4.2
"6/24/2000",0,14.8,3.4,3.72
"6/25/2000",0,13.2,3.2,3.26
"6/26/2000",0,14.5,3.4,3.26
"6/27/2000",1.2,15.5,3.6,3.26
"6/28/2000",5.9,15.5,3.6,3.04
"6/29/2000",6.3,16.3,3.7,3.04
"6/30/2000",3.7,18.1,4,3.04
"7/1/2000",0.6,15.8,3.6,2.41
"7/2/2000",10,14.6,3.4,2.61
"7/3/2000",0.2,14.5,3.4,2.82
"7/4/2000",2,17.1,3.8,2.82
"7/5/2000",15.5,16.6,3.7,3.04
"7/6/2000",1.1,17.2,3.8,3.48
"7/7/2000",2.6,16.2,3.6,2.82
"7/8/2000",0,16.9,3.8,2.82
"7/9/2000",0,15.9,3.6,2.61
"7/10/2000",0,17.7,3.9,2.41
"7/11/2000",2,19.7,4.2,1.84
"7/12/2000",0,17.4,3.8,1.84
"7/13/2000",1.8,17.6,3.8,1.67
"7/14/2000",0.7,14.2,3.2,1.34
"7/15/2000",0.2,12.3,2.9,1.18
"7/16/2000",0,13.6,3.1,1.04
"7/17/2000",0,15.8,3.5,1.04
"7/18/2000",0,17.1,3.7,0.895
"7/19/2000",0,18.7,4,0.895
"7/20/2000",0,20.6,4.3,0.895
"7/21/2000",0,20.2,4.2,0.895
"7/22/2000",0,22.6,4.6,0.785
"7/23/2000",22.1,23.6,4.7,0.785
"7/24/2000",1,16.3,3.5,0.785
"7/25/2000",0,17.5,3.7,0.785
"7/26/2000",1.8,21.5,4.3,0.785
"7/27/2000",0.3,16.3,3.5,0.785
"7/28/2000",0,17.4,3.6,0.68
"7/29/2000",3.4,14.4,3.1,0.68
"7/30/2000",0,13.5,3,0.68
"7/31/2000",0,17.1,3.5,0.68
"8/1/2000",1.3,21.3,4.2,0.68
"8/2/2000",8.6,21.5,4.2,0.585
"8/3/2000",2.8,15.1,3.2,0.585
"8/4/2000",0,14.1,3,0.585
"8/5/2000",0,15.4,3.2,0.585
"8/6/2000",0,17.8,3.5,0.585
"8/7/2000",0,21.7,4.1,0.585
"8/8/2000",0,21.4,4.1,0.489
"8/9/2000",0,18.7,3.6,0.489
"8/10/2000",0.3,21.2,4,0.489
"8/11/2000",0.1,19.9,3.8,0.489
"8/12/2000",0.5,19.7,3.7,0.489
"8/13/2000",0,20.2,3.8,0.489
"8/14/2000",9.3,21.3,3.9,0.489
"8/15/2000",3.6,20.4,3.8,0.489
"8/16/2000",14.3,19.7,3.7,0.489
"8/17/2000",0,19.9,3.7,0.489
"8/18/2000",0,20.5,3.7,0.489
"8/19/2000",0.6,20.2,3.6,0.489
"8/20/2000",0.4,16.2,3,0.489
"8/21/2000",0.6,13.5,2.6,0.489
"8/22/2000",0.9,12.6,2.5,0.489
"8/23/2000",0,13.2,2.6,0.489
"8/24/2000",3.2,14.1,2.7,0.489
"8/25/2000",0,12.8,2.5,0.489
"8/26/2000",0,14.7,2.7,0.489
"8/27/2000",0,19.1,3.3,0.489
"8/28/2000",1,19.9,3.4,0.489
"8/29/2000",0,14.7,2.7,0.489
"8/30/2000",0,12.4,2.3,0.489
"8/31/2000",0.1,16,2.8,0.489
"9/1/2000",26.3,15.7,2.7,0.489
"9/2/2000",2.8,13.1,2.3,0.489
"9/3/2000",3,15.2,2.6,0.489
"9/4/2000",0,18.5,3,0.489
"9/5/2000",0,18.6,3,0.489
"9/6/2000",0,18.3,2.9,0.489
"9/7/2000",0,17,2.7,0.489
"9/8/2000",0,16.6,2.7,0.489
"9/9/2000",0,17.2,2.7,0.489
"9/10/2000",0,16.6,2.6,0.489
"9/11/2000",0,17.2,2.7,0.401
"9/12/2000",0,14.9,2.4,0.401
"9/13/2000",4.3,10.7,1.9,0.401
"9/14/2000",13,8.8,1.6,0.318
"9/15/2000",11.8,8.8,1.6,0.318
"9/16/2000",1.5,9.1,1.6,0.401
"9/17/2000",0.7,9.1,1.6,0.401
"9/18/2000",0,9.3,1.6,0.401
"9/19/2000",0,10.8,1.8,0.401
"9/20/2000",0,11.5,1.8,0.401
"9/21/2000",0,13,2,0.401
"9/22/2000",4.7,13.1,2,0.401
"9/23/2000",2.5,13.5,2,0.785
"9/24/2000",0,13.4,1.9,0.68
"9/25/2000",0,12.1,1.8,0.585
"9/26/2000",0,12.7,1.8,0.489
"9/27/2000",0,14.4,1.9,0.489
"9/28/2000",2.8,16.9,2.2,0.489
"9/29/2000",31.1,9.5,1.4,0.585
"9/30/2000",5.2,7.1,1.2,3.77
"10/1/2000",16.2,7.6,1.2,2.43
"10/2/2000",40.5,9.9,1.4,2.95
"10/3/2000",19.5,9.5,1.4,21.3
"10/4/2000",1.5,10.7,1.5,17.9
"10/5/2000",2.2,12.5,1.6,8
"10/6/2000",7.4,12.1,1.6,7.3
"10/7/2000",0.4,10.3,1.4,6.95
"10/8/2000",0,8.3,1.2,6.95
"10/9/2000",19.1,14.8,1.7,5.95
"10/10/2000",12.3,10,1.3,13.1
"10/11/2000",16.1,10.9,1.4,17.2
"10/12/2000",0,10.5,1.3,21.3
"10/13/2000",0,10.2,1.3,14.8
"10/14/2000",0,12.3,1.4,12.3
"10/15/2000",0.2,12,1.4,11
"10/16/2000",0.1,15.4,1.6,9.1
"10/17/2000",0,17.3,1.7,7.65
"10/18/2000",2.4,17.8,1.8,7.3
"10/19/2000",16.4,13,1.4,7.3
"10/20/2000",5.7,8.2,1,9.85
"10/21/2000",0,7.5,0.9,9.85
"10/22/2000",0,5.8,0.8,8
"10/23/2000",0.2,8.9,1,6.95
"10/24/2000",0,9.3,1,6.25
"10/25/2000",0,8.6,1,6.25
"10/26/2000",0,10.7,1.1,5.95
"10/27/2000",0,14.7,1.3,5.3
"10/28/2000",0,13.3,1.3,4.36
"10/29/2000",0,12.2,1.1,4.06
"10/30/2000",0,7,0.8,4.06
"10/31/2000",0,1,0.4,3.77
"11/1/2000",0,3.2,0.5,3.77
"11/2/2000",0,5.1,0.6,3.21
"11/3/2000",0,2,0.4,2.68
"11/4/2000",0,1.6,0.4,2.68
"11/5/2000",0,3.8,0.5,2.68
"11/6/2000",0,2,0.4,2.68
"11/7/2000",0,1.7,0.4,2.43
"11/8/2000",0,8.9,0.8,1.72
"11/9/2000",11.2,11.3,0.9,1.95
"11/10/2000",0,11.6,0.9,3.49
"11/11/2000",0,10.1,0.8,3.77
"11/12/2000",3.7,11.6,0.9,3.49
"11/13/2000",0.3,10.2,0.8,2.95
"11/14/2000",0,2.8,0.4,2.95
"11/15/2000",0,1.6,0.3,2.18
"11/16/2000",0,1.9,0.4,2.18
"11/17/2000",0,3.6,0.4,2.18
"11/18/2000",10.2,6.3,0.6,2.43
"11/19/2000",0.1,4.4,0.5,3.77
"11/20/2000",9.9,2.2,0.4,2.95
"11/21/2000",0,-2.8,0.1,4.06
"11/22/2000",0.1,-6.7,0,3.77
"11/23/2000",0.5,-4.4,0,2.95
"11/24/2000",0,-0.9,0.2,3.21
"11/25/2000",0,-2.9,0.1,2.95
"11/26/2000",0,-3.1,0.1,2.68
"11/27/2000",0,-3,0.1,2.18
"11/28/2000",0.7,-0.7,0.2,2.43
"11/29/2000",11,5.1,0.5,2.43
"11/30/2000",5,7.4,0.6,7.3
"12/1/2000",3.2,6.6,0.5,6.25
"12/2/2000",0.8,4.7,0.4,6.25
"12/3/2000",7.8,3.6,0.4,5.95
"12/4/2000",4.3,9.6,0.6,6.95
"12/5/2000",15.6,10.5,0.7,8
"12/6/2000",10.7,1.7,0.3,13.9
"12/7/2000",2.3,1,0.3,15.7
"12/8/2000",2.8,1,0.3,14.8
"12/9/2000",21.5,3.8,0.4,18.1
"12/10/2000",4.4,6.2,0.5,31.8
"12/11/2000",0.4,5.6,0.5,31.6
"12/12/2000",5.1,3.7,0.4,25.7
"12/13/2000",0,2.4,0.3,21.6
"12/14/2000",0,1.9,0.3,17.4
"12/15/2000",2.6,1.1,0.3,15.8
"12/16/2000",0,0,0.2,14.7
"12/17/2000",1.2,-1.7,0.1,11.8
"12/18/2000",0.1,0.7,0.2,8.9
"12/19/2000",6.6,3.5,0.4,9.2
"12/20/2000",0.4,2.1,0.3,9.2
"12/21/2000",0,-0.8,0.2,8.3
"12/22/2000",0,0.9,0.2,6.6
"12/23/2000",1.3,4.4,0.4,7.45
"12/24/2000",0,6.9,0.5,6.6
"12/25/2000",0,3.7,0.3,6.35
"12/26/2000",0,2.4,0.3,5.85
"12/27/2000",0,2,0.3,5.1
"12/28/2000",0,0.8,0.2,5.35
"12/29/2000",0,-0.6,0.2,5.35
"12/30/2000",0,-2.1,0.1,4.62
"12/31/2000",0,-3.3,0.1,4.16
"1/1/2001",0,-3.4,0.1,4.16
"1/2/2001",0,-4.1,0,4.16
"1/3/2001",0,-0.5,0.2,4.16
"1/4/2001",4.7,1.5,0.3,3.94
"1/5/2001",5.8,3.2,0.4,4.39
"1/6/2001",0.8,3.9,0.4,6.35
"1/7/2001",1.3,2.4,0.3,4.62
"1/8/2001",0.1,3.7,0.4,4.16
"1/9/2001",0,3.9,0.4,4.16
"1/10/2001",0,1.6,0.3,3.73
"1/11/2001",0.7,2.3,0.3,3.31
"1/12/2001",0.9,7.1,0.6,3.52
"1/13/2001",0,4.5,0.4,3.73
"1/14/2001",1.5,4.9,0.5,2.92
"1/15/2001",0,3.6,0.4,3.31
"1/16/2001",0,-0.1,0.2,3.12
"1/17/2001",0.1,-0.4,0.2,3.31
"1/18/2001",0,0.3,0.2,3.12
"1/19/2001",0,-0.3,0.2,2.92
"1/20/2001",0,0.5,0.3,2.55
"1/21/2001",9.6,4.2,0.5,2.55
"1/22/2001",2,1.9,0.4,3.52
"1/23/2001",0,0.5,0.3,3.94
"1/24/2001",0,-2.1,0.2,3.12
"1/25/2001",0,0.4,0.3,2.92
"1/26/2001",0,1.6,0.3,2.92
"1/27/2001",0,0.2,0.3,2.92
"1/28/2001",0,1,0.3,2.92
"1/29/2001",0,-1,0.2,2.92
"1/30/2001",0,-1.7,0.2,2.73
"1/31/2001",0,-2,0.2,2.37
"2/1/2001",0,-1.5,0.2,2.37
"2/2/2001",0,-1.7,0.2,2.73
"2/3/2001",0,-1.7,0.2,2.2
"2/4/2001",0,-2.2,0.2,2.37
"2/5/2001",0,-0.6,0.3,2.2
"2/6/2001",0,2.5,0.4,2.73
"2/7/2001",0,2.4,0.5,2.2
"2/8/2001",0,3.4,0.5,2.2
"2/9/2001",0,4.8,0.6,2.92
"2/10/2001",0,4.4,0.6,2.73
"2/11/2001",0,2.8,0.5,2.03
"2/12/2001",1,4.4,0.6,2.03
"2/13/2001",6,5.5,0.7,2.2
"2/14/2001",0.5,2.4,0.5,2.55
"2/15/2001",0,0.8,0.4,3.12
"2/16/2001",1.2,2.9,0.6,2.73
"2/17/2001",0.4,5.1,0.7,2.92
"2/18/2001",0,8.7,1,2.37
"2/19/2001",0,8.9,1,2.37
"2/20/2001",1.2,9,1,2.73
"2/21/2001",3.5,8.7,1,1.87
"2/22/2001",1.7,6.1,0.9,2.37
"2/23/2001",15.2,3.4,0.7,2.92
"2/24/2001",0.2,4.3,0.7,6.1
"2/25/2001",2.6,3.2,0.6,4.39
"2/26/2001",3.5,2.1,0.6,2.55
"2/27/2001",7.1,3.5,0.7,2.92
"2/28/2001",0.5,3.4,0.7,3.94
"3/1/2001",0.3,3.9,0.8,4.16
"3/2/2001",14.5,6.1,0.9,3.31
"3/3/2001",8.2,6.3,1,6.6
"3/4/2001",0.1,7.1,1.1,7.45
"3/5/2001",0,10,1.3,8
"3/6/2001",0,10.6,1.4,7.75
"3/7/2001",2.5,8.5,1.2,7.75
"3/8/2001",0,3.5,0.8,6.35
"3/9/2001",0,2.8,0.7,6.1
"3/10/2001",0,7.4,1.2,6.35
"3/11/2001",0,9.1,1.3,5.1
"3/12/2001",0,11,1.5,4.85
"3/13/2001",1.5,5.5,1,4.85
"3/14/2001",0.3,3.6,0.8,4.39
"3/15/2001",3.9,9.4,1.4,3.94
"3/16/2001",1,10.6,1.6,3.94
"3/17/2001",0.5,5.2,1,4.85
"3/18/2001",0,1.6,0.7,4.39
"3/19/2001",0,1.5,0.7,3.73
"3/20/2001",1.5,3.3,0.9,2.92
"3/21/2001",7.2,4.9,1.1,3.12
"3/22/2001",3,9.5,1.6,3.31
"3/23/2001",0.1,5,1.1,3.52
"3/24/2001",0.1,4.9,1.1,3.31
"3/25/2001",0,7.3,1.4,2.73
"3/26/2001",0,9,1.6,2.73
"3/27/2001",0,15.1,2.3,2.73
"3/28/2001",0,15.4,2.4,2.92
"3/29/2001",0,13.3,2.1,2.92
"3/30/2001",0,13,2.1,2.55
"3/31/2001",0,12.2,2.1,2.92
"4/1/2001",0,10.3,1.8,2.73
"4/2/2001",5.2,7.8,1.5,2.73
"4/3/2001",11,7.7,1.6,2.73
"4/4/2001",0,8.1,1.6,3.31
"4/5/2001",0.4,4.9,1.2,3.31
"4/6/2001",1.9,5.2,1.3,3.12
"4/7/2001",19.4,6.6,1.5,2.92
"4/8/2001",5.9,4.8,1.3,7.95
"4/9/2001",2.9,9.4,1.9,4.64
"4/10/2001",6.2,8.3,1.7,4.39
"4/11/2001",6.7,10.8,2.1,4.62
"4/12/2001",10.6,6.7,1.5,7.95
"4/13/2001",10.9,5.1,1.3,9.85
"4/14/2001",0.5,5.5,1.4,9.2
"4/15/2001",0.3,6.7,1.6,7.45
"4/16/2001",1.9,7.5,1.7,6.6
"4/17/2001",6.5,6.9,1.6,7.15
"4/18/2001",1,6.9,1.6,6.9
"4/19/2001",0,7.6,1.8,6.6
"4/20/2001",5.8,7.4,1.7,6.1
"4/21/2001",9.5,4.6,1.4,8.9
"4/22/2001",1,3.9,1.3,7.5
"4/23/2001",0,8,1.9,6.1
"4/24/2001",1.9,11.1,2.3,6.35
"4/25/2001",36.7,8.9,2,6.35
"4/26/2001",13.8,2.4,1.1,25.6
"4/27/2001",4.9,2.6,1.1,24.8
"4/28/2001",2.1,3.5,1.3,23.4
"4/29/2001",0,3.4,1.3,20.3
"4/30/2001",0,5,1.5,17.8
"5/1/2001",0,7.3,1.9,16.2
"5/2/2001",0,9.9,2.2,11.2
"5/3/2001",0,12,2.6,10.5
"5/4/2001",0,13.8,2.9,8.6
"5/5/2001",0,14.8,3.1,8.6
"5/6/2001",0,14.1,3,7.45
"5/7/2001",0,10.6,2.4,6.6
"5/8/2001",0,11.8,2.7,5.85
"5/9/2001",9.4,14.7,3.1,5.35
"5/10/2001",15.4,13.1,2.8,5.85
"5/11/2001",7.7,11.3,2.6,10.2
"5/12/2001",5.1,11.7,2.7,6.9
"5/13/2001",5.5,9.9,2.4,6.6
"5/14/2001",0,10.4,2.5,5.85
"5/15/2001",0,10.9,2.6,5.1
"5/16/2001",0,12.3,2.8,4.62
"5/17/2001",0,13.9,3.1,3.94
"5/18/2001",0,15.5,3.4,3.73
"5/19/2001",0.1,16.9,3.6,3.94
"5/20/2001",0,17,3.6,3.52
"5/21/2001",0,17.4,3.7,2.92
"5/22/2001",0,17.4,3.7,2.92
"5/23/2001",1.4,18.1,3.8,2.92
"5/24/2001",0.2,18.6,3.9,2.92
"5/25/2001",1.1,17.7,3.8,2.55
"5/26/2001",1.6,17,3.7,2.03
"5/27/2001",5.3,15.9,3.5,2.03
"5/28/2001",3.4,15.4,3.5,1.87
"5/29/2001",0.9,16.1,3.6,2.37
"5/30/2001",1.5,15.3,3.5,2.37
"5/31/2001",0.1,11,2.7,2.2
"6/1/2001",0.1,11,2.7,2.2
"6/2/2001",7.8,9.7,2.5,2.2
"6/3/2001",5,8.2,2.3,2.73
"6/4/2001",2,8.2,2.3,2.55
"6/5/2001",1.6,8.6,2.3,2.55
"6/6/2001",2.5,8.6,2.3,2.2
"6/7/2001",1,10,2.6,2.2
"6/8/2001",0,11,2.8,1.37
"6/9/2001",0.3,13.5,3.2,1.87
"6/10/2001",6.6,12.8,3.1,1.87
"6/11/2001",0,14.3,3.3,2.03
"6/12/2001",0,16.1,3.7,1.87
"6/13/2001",0,16.5,3.7,1.37
"6/14/2001",0,17.4,3.9,1.03
"6/15/2001",0,17.5,3.9,0.89
"6/16/2001",0,17.4,3.9,0.645
"6/17/2001",0,16.5,3.7,0.54
"6/18/2001",0,17.1,3.9,0.54
"6/19/2001",0,19,4.2,0.645
"6/20/2001",0,19.6,4.3,0.448
"6/21/2001",0,20.3,4.4,0.448
"6/22/2001",0,16.2,3.7,0.448
"6/23/2001",0,13.6,3.2,0.448
"6/24/2001",0,16.6,3.8,0.448
"6/25/2001",0,18.9,4.2,0.448
"6/26/2001",7.1,18.4,4.1,0.448
"6/27/2001",2.3,16.7,3.8,0.448
"6/28/2001",0.4,13.4,3.2,0.448
"6/29/2001",2,12.3,3,0.448
"6/30/2001",0.6,17.1,3.8,0.493
"7/1/2001",4.6,18.3,4,0.493
"7/2/2001",0.1,14.1,3.3,0.493
"7/3/2001",0,14,3.3,0.54
"7/4/2001",0.1,13.6,3.2,0.54
"7/5/2001",1.3,19.5,4.2,0.493
"7/6/2001",0,23.3,4.9,0.493
"7/7/2001",1.2,21.7,4.6,0.448
"7/8/2001",1,18.3,4,0.407
"7/9/2001",4.2,17.7,3.9,0.407
"7/10/2001",48.2,16.1,3.6,1.19
"7/11/2001",0.3,14.7,3.4,7.05
"7/12/2001",0,17.2,3.8,2.75
"7/13/2001",0,17.9,3.9,1.37
"7/14/2001",0,16.9,3.7,1.37
"7/15/2001",0,15.5,3.5,1.03
"7/16/2001",0,17.5,3.8,0.89
"7/17/2001",0,18.3,3.9,0.76
"7/18/2001",0,17.9,3.8,0.54
"7/19/2001",0,17.7,3.8,0.493
"7/20/2001",0,19.6,4.1,0.448
"7/21/2001",0,24.9,5,0.448
"7/22/2001",0.5,25.7,5.1,0.448
"7/23/2001",2.1,23.7,4.7,0.448
"7/24/2001",25.8,19.4,4,0.448
"7/25/2001",0.9,19.8,4.1,1.56
"7/26/2001",0,21,4.2,1.56
"7/27/2001",0,18.9,3.9,0.645
"7/28/2001",0,17.1,3.6,0.645
"7/29/2001",0,19.1,3.9,0.645
"7/30/2001",1.2,21.5,4.2,0.368
"7/31/2001",3.3,16.2,3.4,0.448
"8/1/2001",0.1,14.1,3,0.54
"8/2/2001",0,14.1,3,0.54
"8/3/2001",0,15,3.2,0.448
"8/4/2001",0,16.7,3.4,0.368
"8/5/2001",3.1,18.2,3.6,0.368
"8/6/2001",0.2,19.8,3.9,0.368
"8/7/2001",4.5,18,3.6,0.448
"8/8/2001",0.6,17.9,3.5,0.448
"8/9/2001",0,17.8,3.5,0.448
"8/10/2001",2,17.4,3.4,0.332
"8/11/2001",0.1,18.8,3.6,0.332
"8/12/2001",1.2,18.2,3.5,0.332
"8/13/2001",0,19,3.6,0.298
"8/14/2001",0.1,18.4,3.5,0.298
"8/15/2001",0.1,22.5,4.1,0.298
"8/16/2001",14,21,3.8,0.266
"8/17/2001",0,17,3.2,0.54
"8/18/2001",0,16.4,3.1,0.54
"8/19/2001",0.7,19.5,3.6,0.368
"8/20/2001",5.8,19.8,3.6,0.298
"8/21/2001",0.3,19.6,3.5,0.332
"8/22/2001",0.1,20.4,3.6,0.298
"8/23/2001",0,18.3,3.3,0.266
"8/24/2001",0,16.7,3,0.237
"8/25/2001",0,16.6,3,0.237
"8/26/2001",2.3,17.1,3,0.21
"8/27/2001",5.6,16,2.9,0.21
"8/28/2001",0,12.2,2.3,0.237
"8/29/2001",0,11.5,2.2,0.368
"8/30/2001",0,13,2.4,0.368
"8/31/2001",1.5,15.7,2.7,0.298
"9/1/2001",9.3,13.9,2.5,0.298
"9/2/2001",0,12.4,2.3,0.448
"9/3/2001",0,11.2,2.1,0.54
"9/4/2001",0,10.4,2,0.448
"9/5/2001",0,10.9,2,0.368
"9/6/2001",0,11.7,2.1,0.298
"9/7/2001",0,13.4,2.3,0.237
"9/8/2001",0,15.3,2.5,0.237
"9/9/2001",3,15.4,2.5,0.237
"9/10/2001",5.7,15,2.4,0.237
"9/11/2001",6.1,13,2.2,0.237
"9/12/2001",0.7,14.5,2.3,0.448
"9/13/2001",4.9,13.6,2.2,0.645
"9/14/2001",0,13.6,2.2,0.54
"9/15/2001",0,14.8,2.3,0.54
"9/16/2001",0,15.3,2.3,0.448
"9/17/2001",0.5,17,2.5,0.368
"9/18/2001",0.1,19.9,2.8,0.298
"9/19/2001",8.5,15.2,2.2,0.298
"9/20/2001",0,16.3,2.3,0.298
"9/21/2001",0,18.6,2.5,0.368
"9/22/2001",37.2,16,2.3,0.368
"9/23/2001",0.6,11.7,1.8,1.56
"9/24/2001",0,10.1,1.6,1.87
"9/25/2001",0,10.8,1.7,0.89
"9/26/2001",0,10.5,1.6,0.645
"9/27/2001",0,10.7,1.6,0.448
"9/28/2001",0,10,1.5,0.448
"9/29/2001",0,9.1,1.4,0.448
"9/30/2001",0,8.6,1.3,0.448
"10/1/2001",0,8.8,1.3,0.448
"10/2/2001",0,8.7,1.3,0.407
"10/3/2001",0,7.6,1.2,0.407
"10/4/2001",0,9.6,1.4,0.368
"10/5/2001",0,12.1,1.6,0.368
"10/6/2001",13,10.5,1.4,0.368
"10/7/2001",29.6,10,1.3,0.54
"10/8/2001",4.9,7.6,1.1,5.1
"10/9/2001",6.7,6.6,1,3.52
"10/10/2001",0,7.5,1.1,2.92
"10/11/2001",0,5,0.8,2.2
"10/12/2001",0,7.2,1,1.87
"10/13/2001",0,9.3,1.2,1.56
"10/14/2001",0,9.3,1.2,1.37
"10/15/2001",0,6.3,0.9,1.37
"10/16/2001",0,6,0.9,1.19
"10/17/2001",0,9.1,1.1,1.19
"10/18/2001",0,11.4,1.3,1.03
"10/19/2001",0.4,11.1,1.2,1.03
"10/20/2001",0,12.7,1.3,0.89
"10/21/2001",0,15.4,1.5,0.89
"10/22/2001",0,16.1,1.5,0.89
"10/23/2001",0,16.3,1.6,0.76
"10/24/2001",0,11.2,1.2,0.76
"10/25/2001",0,12,1.2,0.645
"10/26/2001",0,12.4,1.2,0.54
"10/27/2001",0.1,14.7,1.4,0.54
"10/28/2001",7.2,12.3,1.1,0.645
"10/29/2001",1.3,12.9,1.2,1.03
"10/30/2001",0.2,14.6,1.3,1.11
"10/31/2001",0,10.8,1,1.03
"11/1/2001",0,10.5,1,0.76
"11/2/2001",14.4,12,1.1,0.76
"11/3/2001",22.2,7.2,0.8,2.38
"11/4/2001",10.8,6.7,0.7,4.16
"11/5/2001",5.5,4.9,0.6,4.05
"11/6/2001",4.9,3.1,0.5,3.94
"11/7/2001",0.1,2.4,0.4,4.39
"11/8/2001",4.3,6.8,0.7,3.52
"11/9/2001",0,3.4,0.5,3.52
"11/10/2001",0,3.3,0.5,3.12
"11/11/2001",0,6.8,0.7,2.73
"11/12/2001",0,8.4,0.7,2.55
"11/13/2001",0,4.2,0.5,2.37
"11/14/2001",0,3.2,0.4,2.2
"11/15/2001",0,1.1,0.3,2.03
"11/16/2001",0,0.6,0.3,1.71
"11/17/2001",0.2,6.9,0.6,1.71
"11/18/2001",0,10.4,0.8,1.71
"11/19/2001",0,10.7,0.8,1.56
"11/20/2001",0.1,12.9,0.9,1.56
"11/21/2001",6.1,10.5,0.8,1.56
"11/22/2001",1.3,6.5,0.6,1.95
"11/23/2001",0,-1.4,0.2,1.71
"11/24/2001",0,-1.9,0.1,1.56
"11/25/2001",0,-0.9,0.2,1.56
"11/26/2001",0,-4.8,0,1.56
"11/27/2001",0,-5.2,0,1.46
"11/28/2001",0,-4.4,0,1.37
"11/29/2001",0,-1,0.2,1.11
"11/30/2001",0,2.6,0.3,1.37
"12/1/2001",0,-0.6,0.2,1.87
"12/2/2001",0,-0.1,0.2,1.71
"12/3/2001",0,-2.1,0.1,1.56
"12/4/2001",0,-2.6,0.1,1.37
"12/5/2001",0,-4.3,0,1.37
"12/6/2001",0,-4.2,0,2.03
"12/7/2001",0,-4.6,0,1.87
"12/8/2001",0,-3.8,0,1.71
"12/9/2001",0,-3.2,0.1,1.71
"12/10/2001",0,-3.8,0.1,1.03
"12/11/2001",0.1,-0.2,0.2,1.37
"12/12/2001",5.8,4.5,0.4,1.03
"12/13/2001",0.8,9,0.6,1.56
"12/14/2001",1.7,12.1,0.7,1.87
"12/15/2001",2.9,14.1,0.8,1.71
"12/16/2001",5.4,15.6,0.9,1.71
"12/17/2001",0,11.5,0.7,1.71
"12/18/2001",15.8,11.9,0.7,1.56
"12/19/2001",0.2,7.1,0.5,4.16
"12/20/2001",0,10.7,0.6,3.42
"12/21/2001",1.2,11.4,0.7,2.55
"12/22/2001",4.5,8.3,0.5,2.37
"12/23/2001",0.1,3.6,0.4,2.92
"12/24/2001",0,3.9,0.4,2.37
"12/25/2001",0,6,0.4,2.11
"12/26/2001",0,5.1,0.4,2.03
"12/27/2001",0,1.6,0.3,2.03
"12/28/2001",0,-0.7,0.2,1.87
"12/29/2001",0,-1.4,0.1,1.87
"12/30/2001",0,-1.5,0.1,1.71
"12/31/2001",0,-0.9,0.2,1.71
"1/1/2002",1.6,1.5,0.3,1.71
"1/2/2002",0.5,3.3,0.3,1.71
"1/3/2002",0,-0.7,0.2,2.03
"1/4/2002",0,-1.7,0.1,1.56
"1/5/2002",0,-0.4,0.2,1.56
"1/6/2002",0,1.2,0.3,1.56
"1/7/2002",0.4,1.9,0.3,1.56
"1/8/2002",3.8,4.3,0.4,1.56
"1/9/2002",0,2.6,0.3,1.71
"1/10/2002",0,-0.4,0.2,1.56
"1/11/2002",0,-1.7,0.2,1.37
"1/12/2002",0,-1.5,0.2,1.56
"1/13/2002",0,-1,0.2,1.37
"1/14/2002",0.8,0.3,0.2,1.19
"1/15/2002",0.3,2.1,0.3,1.37
"1/16/2002",0.5,4.7,0.5,1.56
"1/17/2002",2.6,4.9,0.5,1.37
"1/18/2002",0.7,1.2,0.3,1.37
"1/19/2002",0,-2.9,0.1,1.56
"1/20/2002",0,-1.4,0.2,1.19
"1/21/2002",0,-2.5,0.1,1.19
"1/22/2002",0,-1.5,0.2,1.11
"1/23/2002",2.9,2.9,0.4,1.11
"1/24/2002",2.4,8.4,0.7,1.37
"1/25/2002",2.9,10.2,0.8,1.71
"1/26/2002",1.8,4.1,0.5,1.56
"1/27/2002",8.9,6.6,0.6,1.87
"1/28/2002",15.3,3.4,0.5,3.77
"1/29/2002",5.4,2.1,0.4,6.6
"1/30/2002",0,6.4,0.6,5.1
"1/31/2002",16.3,8.3,0.7,5.35
"2/1/2002",0.7,6,0.6,11.3
"2/2/2002",1,6.3,0.7,10.3
"2/3/2002",0,6.9,0.7,8
"2/4/2002",0,2.1,0.4,6.6
"2/5/2002",0,5.5,0.6,6.35
"2/6/2002",4.3,8.7,0.8,5.35
"2/7/2002",0,8.3,0.8,5.6
"2/8/2002",0,8,0.8,5.1
"2/9/2002",0,2,0.5,4.85
"2/10/2002",6.9,5.4,0.7,4.17
"2/11/2002",7.5,4.1,0.6,4.39
"2/12/2002",6.1,2.1,0.5,4.85
"2/13/2002",43.2,5.6,0.7,7.85
"2/14/2002",23.5,9,1,28
"2/15/2002",7.9,8.2,0.9,54
"2/16/2002",13.1,7.9,0.9,44.3
"2/17/2002",0.4,8.6,1,40.3
"2/18/2002",0,8.1,1,30.6
"2/19/2002",0,10.6,1.1,24.7
"2/20/2002",0,8.1,1,18.4
"2/21/2002",0.1,8.1,1,15.4
"2/22/2002",0,6.9,0.9,14.3
"2/23/2002",0,9,1.1,9.55
"2/24/2002",0,10,1.2,8.6
"2/25/2002",0,10.5,1.2,8.3
"2/26/2002",2.4,10.1,1.2,8.6
"2/27/2002",4.7,9.6,1.2,6.9
"2/28/2002",9.3,8.8,1.1,6.6
"3/1/2002",2.4,4.6,0.8,8
"3/2/2002",4.7,-0.6,0.4,7.45
"3/3/2002",0,-2,0.3,6.9
"3/4/2002",0,-1.2,0.3,5.85
"3/5/2002",0,0.1,0.4,5.85
"3/6/2002",0,2.6,0.7,5.85
"3/7/2002",0,4.6,0.9,5.35
"3/8/2002",0.5,9.5,1.3,4.85
"3/9/2002",0.2,5.9,1,4.62
"3/10/2002",0,5.7,1,4.62
"3/11/2002",0.8,8.5,1.3,4.39
"3/12/2002",0.1,10.9,1.5,4.16
"3/13/2002",5.4,10.4,1.5,3.94
"3/14/2002",0.1,8.4,1.3,4.39
"3/15/2002",0,5.2,1,4.39
"3/16/2002",0,8.3,1.3,3.94
"3/17/2002",0,9.5,1.5,3.73
"3/18/2002",0,10,1.6,3.13
"3/19/2002",0,8.6,1.4,2.92
"3/20/2002",0.1,12.2,1.8,2.92
"3/21/2002",0,13.8,2,3.12
"3/22/2002",2.7,13.1,2,2.73
"3/23/2002",0,6.9,1.3,2.55
"3/24/2002",2.1,5.4,1.2,2.55
"3/25/2002",1.9,3.5,1,2.55
"3/26/2002",4.7,1.6,0.7,2.73
"3/27/2002",5.3,2.2,0.8,3.12
"3/28/2002",22.8,1.3,0.7,3.94
"3/29/2002",0,2.8,0.9,6.1
"3/30/2002",0,4.5,1.1,6.1
"3/31/2002",0,7,1.4,5.35
"4/1/2002",0,9.8,1.8,5.85
"4/2/2002",0.3,11.3,2,5.6
"4/3/2002",5.7,5.3,1.3,6.35
"4/4/2002",0,3,1,6.1
"4/5/2002",3.1,2.9,1,5.1
"4/6/2002",8.6,4.2,1.2,5.85
"4/7/2002",4.6,6.8,1.5,5.6
"4/8/2002",0,4.7,1.2,5.85
"4/9/2002",1.3,3,1,5.6
"4/10/2002",0.8,4.1,1.2,5.35
"4/11/2002",1.1,6.2,1.5,5.1
"4/12/2002",0.1,6.6,1.6,4.85
"4/13/2002",4.6,8.6,1.8,5.1
"4/14/2002",8.5,5.3,1.4,5.6
"4/15/2002",6.9,6.7,1.6,5.85
"4/16/2002",1.7,5.9,1.5,7.45
"4/17/2002",5.2,4.5,1.3,6.35
"4/18/2002",5.2,1.8,1,7.15
"4/19/2002",6.6,2.7,1.1,8.2
"4/20/2002",0.5,3.2,1.2,7.75
"4/21/2002",0.8,4.7,1.4,7.75
"4/22/2002",11,5,1.4,7.15
"4/23/2002",1.3,6,1.6,8.8
"4/24/2002",4.9,7.6,1.8,8.6
"4/25/2002",1.2,8.3,1.9,8.6
"4/26/2002",0,7.7,1.9,8.3
"4/27/2002",0,9.7,2.2,7.75
"4/28/2002",0,8.9,2.1,7.15
"4/29/2002",0,9.6,2.2,6.9
"4/30/2002",0,12.3,2.6,6.6
"5/1/2002",0,13.6,2.8,5.6
"5/2/2002",0,15.2,3.1,5.1
"5/3/2002",0.1,15.7,3.2,4.5
"5/4/2002",0.2,16.1,3.3,4.05
"5/5/2002",3.3,14.8,3.1,4.16
"5/6/2002",3,14.1,3,4.16
"5/7/2002",6.6,12.6,2.8,4.39
"5/8/2002",4.5,13,2.8,4.62
"5/9/2002",2.6,13.6,2.9,4.62
"5/10/2002",7.3,13.2,2.9,4.39
"5/11/2002",0,12.4,2.8,4.62
"5/12/2002",0.1,13.2,2.9,4.16
"5/13/2002",4.9,12.2,2.8,3.94
"5/14/2002",0.4,14.4,3.1,3.73
"5/15/2002",2.4,15.5,3.3,2.92
"5/16/2002",0.4,15.4,3.3,2.55
"5/17/2002",4.4,15.4,3.3,2.55
"5/18/2002",5.7,15.2,3.3,2.73
"5/19/2002",0,15.5,3.4,3.73
"5/20/2002",4.6,14,3.1,3.12
"5/21/2002",2.2,14.4,3.2,2.73
"5/22/2002",10.6,13.4,3,2.73
"5/23/2002",11,15.2,3.4,2.92
"5/24/2002",8.2,13.3,3.1,3.12
"5/25/2002",0,12.3,2.9,3.94
"5/26/2002",0,11.4,2.7,3.12
"5/27/2002",0,11.3,2.7,2.2
"5/28/2002",0,11.1,2.7,2.37
"5/29/2002",0,10.3,2.6,2.2
"5/30/2002",0,11.6,2.8,1.71
"5/31/2002",0,14.6,3.3,1.71
"6/1/2002",4.2,17.9,3.9,1.56
"6/2/2002",0.2,13.9,3.2,1.56
"6/3/2002",13.2,13.9,3.2,1.56
"6/4/2002",2.2,11.8,2.9,1.71
"6/5/2002",4,10.1,2.6,1.71
"6/6/2002",2.3,12.7,3,2.55
"6/7/2002",31.7,14,3.3,1.87
"6/8/2002",0.2,12.2,3,8.1
"6/9/2002",4.5,9.6,2.5,6.1
"6/10/2002",0,10.4,2.7,4.16
"6/11/2002",1,12.5,3,3.73
"6/12/2002",3.3,12.1,3,3.73
"6/13/2002",0,12.5,3,3.94
"6/14/2002",0,13.1,3.1,3.31
"6/15/2002",0,13.7,3.3,3.31
"6/16/2002",0,14.7,3.4,2.92
"6/17/2002",3,15.6,3.6,2.55
"6/18/2002",0,15.8,3.6,2.55
"6/19/2002",44.9,15.6,3.6,1.79
"6/20/2002",9.4,13.4,3.2,11.8
"6/21/2002",7,15.3,3.5,11.1
"6/22/2002",0.4,13.9,3.3,10.5
"6/23/2002",0,14.7,3.4,9.55
"6/24/2002",0,17.3,3.9,8.9
"6/25/2002",0,18.1,4,6.6
"6/26/2002",17.7,21,4.5,5.85
"6/27/2002",24,18.5,4.1,19
"6/28/2002",0.1,18.3,4,37.9
"6/29/2002",7.7,18.9,4.2,17.4
"6/30/2002",11.6,19.2,4.2,15.1
"7/1/2002",0,14.3,3.3,19.5
"7/2/2002",4.4,13.8,3.3,14.3
"7/3/2002",5.4,13,3.1,13.6
"7/4/2002",0,14.5,3.4,12.5
"7/5/2002",11.1,15.8,3.6,9.85
"7/6/2002",0,12.4,3,11.1
"7/7/2002",1,13.6,3.2,9.2
"7/8/2002",0,17.1,3.8,8
"7/9/2002",0,18.1,3.9,7.75
"7/10/2002",0,13.3,3.1,6.9
"7/11/2002",0,13.5,3.2,6.1
"7/12/2002",0,16,3.6,5.6
"7/13/2002",0,20.1,4.3,5.1
"7/14/2002",0,21.9,4.6,4.39
"7/15/2002",0,21.8,4.5,4.16
"7/16/2002",0.3,20.6,4.3,3.73
"7/17/2002",0,19.4,4.1,2.84
"7/18/2002",0,16.8,3.7,3.52
"7/19/2002",0,16.9,3.7,3.31
"7/20/2002",0,18.9,4,2.84
"7/21/2002",0,22.3,4.5,2.45
"7/22/2002",0,24.4,4.9,2.09
"7/23/2002",0,22.3,4.5,1.97
"7/24/2002",0,19.9,4.1,1.86
"7/25/2002",0,17.7,3.7,1.65
"7/26/2002",0,19.9,4.1,1.45
"7/27/2002",0.2,22.4,4.4,1.45
"7/28/2002",11.6,21,4.2,1.86
"7/29/2002",2.4,17.8,3.7,1.86
"7/30/2002",0,18.5,3.8,2.33
"7/31/2002",0,20.4,4.1,1.54
"8/1/2002",0,20.2,4,1.08
"8/2/2002",0,22.3,4.3,0.915
"8/3/2002",0,23.4,4.5,0.765
"8/4/2002",0,23.9,4.5,0.625
"8/5/2002",0.8,24.7,4.6,0.5
"8/6/2002",0.2,18.2,3.6,0.388
"8/7/2002",0,13.7,2.9,0.5
"8/8/2002",0,13.8,2.9,0.5
"8/9/2002",0,15.4,3.1,0.5
"8/10/2002",0,17.9,3.5,0.388
"8/11/2002",0,20.7,3.9,0.443
"8/12/2002",2.4,22.2,4.1,0.388
"8/13/2002",1.4,20.4,3.8,0.388
"8/14/2002",1.9,19,3.6,0.443
"8/15/2002",0,18.1,3.4,0.388
"8/16/2002",4.7,17.1,3.2,0.443
"8/17/2002",0,13.6,2.7,0.5
"8/18/2002",0,14.5,2.8,0.5
"8/19/2002",0,18.6,3.4,0.5
"8/20/2002",0,19.6,3.5,0.443
"8/21/2002",0,15,2.8,0.338
"8/22/2002",0,15,2.8,0.29
"8/23/2002",0,17.6,3.2,0.29
"8/24/2002",2.9,20.6,3.6,0.29
"8/25/2002",6.3,17.6,3.1,0.29
"8/26/2002",3.8,16.6,3,0.338
"8/27/2002",0,17.8,3.1,0.388
"8/28/2002",0,18.8,3.2,0.5
"8/29/2002",2.6,21.3,3.5,0.29
"8/30/2002",42,15.8,2.8,0.29
"8/31/2002",1,10.5,2,4.53
"9/1/2002",0,10.9,2.1,1.45
"9/2/2002",0,12.9,2.3,0.915
"9/3/2002",0,14.3,2.5,0.695
"9/4/2002",0.1,15.2,2.6,0.625
"9/5/2002",0,12.7,2.3,0.625
"9/6/2002",0.3,12.9,2.3,0.625
"9/7/2002",0,11.3,2,0.56
"9/8/2002",0,10,1.9,0.388
"9/9/2002",0,11.2,2,0.388
"9/10/2002",0,11.6,2,0.388
"9/11/2002",0,10.6,1.9,0.388
"9/12/2002",0,10.7,1.9,0.388
"9/13/2002",0,14.5,2.3,0.388
"9/14/2002",13.2,15.4,2.4,0.388
"9/15/2002",0,14.3,2.2,0.765
"9/16/2002",0,12.9,2,0.765
"9/17/2002",0,13,2,0.443
"9/18/2002",0,12.4,1.9,0.5
"9/19/2002",0,13.5,2.1,0.388
"9/20/2002",0.9,12.5,1.9,0.5
"9/21/2002",3.2,13.6,2,0.388
"9/22/2002",17.5,17.1,2.4,0.388
"9/23/2002",18.3,14.2,2,1.54
"9/24/2002",0,10.2,1.6,3.94
"9/25/2002",0,10.3,1.6,1.86
"9/26/2002",0,10.4,1.6,0.84
"9/27/2002",0,8.7,1.4,0.695
"9/28/2002",0,8.3,1.3,0.625
"9/29/2002",0,15,2,0.625
"9/30/2002",6.4,19.1,2.3,0.56
"10/1/2002",4.4,15.9,2,0.5
"10/2/2002",0,14.9,1.9,1.08
"10/3/2002",5.7,16.4,2,1.08
"10/4/2002",0.2,9.7,1.4,0.765
"10/5/2002",0,6.5,1.1,0.915
"10/6/2002",0,10.5,1.4,0.765
"10/7/2002",1.5,9.8,1.3,0.625
"10/8/2002",0,6.2,1,0.625
"10/9/2002",0,4,0.8,0.625
"10/10/2002",0,7.3,1.1,0.625
"10/11/2002",0,12,1.5,0.625
"10/12/2002",0.1,14.2,1.6,0.625
"10/13/2002",0,16.3,1.8,0.5
"10/14/2002",0,16.3,1.7,0.29
"10/15/2002",8.6,18.1,1.9,0.443
"10/16/2002",0,13.2,1.5,0.5
"10/17/2002",11.2,10.8,1.2,0.695
"10/18/2002",0.7,11.6,1.3,1.26
"10/19/2002",11.6,10.5,1.2,1.08
"10/20/2002",0.8,10.8,1.2,1.08
"10/21/2002",0,11.3,1.2,1.45
"10/22/2002",0.5,12,1.2,1.08
"10/23/2002",0,12.5,1.3,0.915
"10/24/2002",13.1,10.7,1.1,0.765
"10/25/2002",0,9.5,1,1.08
"10/26/2002",4.4,8.1,0.9,1.26
"10/27/2002",1.3,8,0.9,1.45
"10/28/2002",22.6,10.3,1,1.26
"10/29/2002",18,11.1,1.1,5.25
"10/30/2002",6.2,9.7,1,7.95
"10/31/2002",1.1,9.4,0.9,5.1
"11/1/2002",3.6,7.6,0.8,4.43
"11/2/2002",8.9,5.9,0.7,3.48
"11/3/2002",2.1,3.9,0.5,5.95
"11/4/2002",0.1,3.2,0.5,5.1
"11/5/2002",0.3,3.5,0.5,4.62
"11/6/2002",0,0,0.3,4.16
"11/7/2002",0,-1.5,0.2,3.73
"11/8/2002",0.9,2.8,0.5,3.31
"11/9/2002",2.9,7.6,0.7,2.84
"11/10/2002",0.7,9.5,0.8,2.84
"11/11/2002",0.4,9.3,0.8,2.84
"11/12/2002",0.2,6.6,0.6,2.84
"11/13/2002",2.3,6.9,0.6,2.33
"11/14/2002",10.1,9.4,0.8,2.58
"11/15/2002",2.1,7,0.6,3.12
"11/16/2002",0.5,6.7,0.6,4.39
"11/17/2002",2.8,9.7,0.7,3.94
"11/18/2002",1.1,9.3,0.7,3.52
"11/19/2002",6.2,8.1,0.7,3.52
"11/20/2002",10.8,9.6,0.7,4.39
"11/21/2002",4.8,5,0.5,5.1
"11/22/2002",15.3,3.3,0.4,6.6
"11/23/2002",2.3,1.5,0.3,9.2
"11/24/2002",5.3,4.3,0.5,9.7
"11/25/2002",5.8,2.1,0.3,10.5
"11/26/2002",1.1,2.3,0.3,10.7
"11/27/2002",0.2,0.5,0.2,9.2
"11/28/2002",0.7,0.3,0.3,8.3
"11/29/2002",1.5,0.7,0.3,7.75
"11/30/2002",0.3,0,0.2,6.9
"12/1/2002",0,-2.4,0.1,6.6
"12/2/2002",0,-2.1,0.1,5.6
"12/3/2002",0,0.8,0.3,5.35
"12/4/2002",0,0.5,0.3,5.6
"12/5/2002",0,-1.2,0.2,4.85
"12/6/2002",0,-5.5,0,4.39
"12/7/2002",0,-4.8,0,3.73
"12/8/2002",19.1,0.2,0.2,3.73
"12/9/2002",1.2,-1.3,0.2,3.73
"12/10/2002",13.1,-2.4,0.1,3.12
"12/11/2002",4,-2.6,0.1,4.16
"12/12/2002",13.5,-0.3,0.2,4.16
"12/13/2002",8.6,-0.3,0.2,6.9
"12/14/2002",0,-2,0.1,6.35
"12/15/2002",2,-2.9,0.1,5.6
"12/16/2002",0,-4.3,0,5.1
"12/17/2002",0,-5.7,0,5.1
"12/18/2002",0.6,-5.3,0,4.85
"12/19/2002",0.1,-3.1,0.1,4.85
"12/20/2002",0,-3.3,0.1,4.39
"12/21/2002",4.5,-0.6,0.2,4.62
"12/22/2002",0.9,1.8,0.3,7.7
"12/23/2002",0,0.5,0.2,10.2
"12/24/2002",0.1,-1.3,0.2,9.2
"12/25/2002",4.6,3.9,0.4,8.3
"12/26/2002",10.6,3.8,0.4,10.5
"12/27/2002",0.8,5.3,0.4,16.4
"12/28/2002",0.8,2.8,0.3,18.2
"12/29/2002",0,9.9,0.6,16.6
"12/30/2002",0.8,7.7,0.5,17
"12/31/2002",3,7.4,0.5,16.6
"1/1/2003",2.4,3.1,0.3,21.3
"1/2/2003",1.6,6,0.5,19.8
"1/3/2003",0.2,6.9,0.5,19.3
"1/4/2003",1.3,3.7,0.4,18.4
"1/5/2003",2.2,3.6,0.4,17.9
"1/6/2003",9.1,7.1,0.5,14.4
"1/7/2003",1.6,7.2,0.5,15.2
"1/8/2003",0.8,6.2,0.5,11
"1/9/2003",0,9.1,0.6,9.85
"1/10/2003",0.2,12.1,0.7,12.3
"1/11/2003",2.8,8,0.6,11.4
"1/12/2003",2.3,2.5,0.4,11.4
"1/13/2003",0.5,0.3,0.3,11
"1/14/2003",0.1,-1.3,0.2,9.85
"1/15/2003",0.1,0.4,0.3,9.5
"1/16/2003",0,2.7,0.4,9.5
"1/17/2003",0,1.4,0.3,8.35
"1/18/2003",0,0,0.2,6.95
"1/19/2003",5.7,0.8,0.3,8
"1/20/2003",0,-0.4,0.2,9.85
"1/21/2003",2.2,-0.8,0.2,6.95
"1/22/2003",1,-0.9,0.2,6.95
"1/23/2003",0,-3,0.1,5.95
"1/24/2003",0,-3.4,0.1,5.95
"1/25/2003",0,-3.3,0.1,5.95
"1/26/2003",0,-3.2,0.1,6.6
"1/27/2003",0,-5.8,0,5.95
"1/28/2003",0,-5.2,0,5.95
"1/29/2003",0,-4.1,0.1,5.6
"1/30/2003",0,-1.8,0.2,6.95
"1/31/2003",0,-0.8,0.2,5.95
"2/1/2003",0,-1.9,0.2,5.95
"2/2/2003",0,-1.3,0.2,4.97
"2/3/2003",0,-1,0.2,3.49
"2/4/2003",0,-2.9,0.1,4.21
"2/5/2003",0,-5.1,0,4.66
"2/6/2003",0.5,-7.9,0,8
"2/7/2003",4.4,-6.9,0,8
"2/8/2003",3.1,-4.1,0.1,8
"2/9/2003",2.6,2,0.4,5.95
"2/10/2003",4.5,-3.3,0.1,5.3
"2/11/2003",3.6,-3.5,0.1,4.97
"2/12/2003",3.3,-3.4,0.1,3.77
"2/13/2003",0,-4.3,0.1,4.97
"2/14/2003",0.1,-7.4,0,5.3
"2/15/2003",13.6,-4.2,0.1,5.3
"2/16/2003",13.8,3,0.5,12.7
"2/17/2003",1.4,0.9,0.4,23.7
"2/18/2003",0,3.3,0.6,15.4
"2/19/2003",0,3.9,0.6,12.9
"2/20/2003",0,3.4,0.6,12.2
"2/21/2003",0.1,5.1,0.8,10.5
"2/22/2003",0,3.6,0.7,11.9
"2/23/2003",0,4.7,0.7,10.5
"2/24/2003",0,7.6,1,9.05
"2/25/2003",0,6.8,0.9,7.95
"2/26/2003",0,7,1,6.25
"2/27/2003",2,6.2,0.9,6.65
"2/28/2003",2,4.5,0.8,7.05
"3/1/2003",0.7,5.9,0.9,6.1
"3/2/2003",2.9,7.6,1.1,6.8
"3/3/2003",0,5.7,1,6.8
"3/4/2003",0,8.2,1.2,5.95
"3/5/2003",0,11.2,1.4,5.95
"3/6/2003",0,12.6,1.6,4.67
"3/7/2003",0.8,13.6,1.7,4.07
"3/8/2003",1,10.8,1.5,4.43
"3/9/2003",0.1,6.9,1.1,5.45
"3/10/2003",1.4,6.8,1.1,4.92
"3/11/2003",0,7.5,1.2,3.96
"3/12/2003",0,7.5,1.2,4.19
"3/13/2003",0,8.4,1.3,3.73
"3/14/2003",0,9.6,1.4,3.73
"3/15/2003",0,10.1,1.5,3.51
"3/16/2003",3.9,10.8,1.6,2.48
"3/17/2003",4.3,7.7,1.3,2.67
"3/18/2003",1.4,6,1.1,3.96
"3/19/2003",5.5,8.8,1.4,3.51
"3/20/2003",1.2,11.4,1.8,3.08
"3/21/2003",20.2,10,1.6,3.73
"3/22/2003",1,5.7,1.2,7.65
"3/23/2003",4.3,6.1,1.2,7.05
"3/24/2003",0,6.5,1.3,7.35
"3/25/2003",0.2,5.1,1.1,6.5
"3/26/2003",3.1,7.5,1.4,6.25
"3/27/2003",5.7,6.2,1.3,6.65
"3/28/2003",0,4.6,1.1,6.95
"3/29/2003",0,1.7,0.8,6.25
"3/30/2003",0,1.1,0.7,5.7
"3/31/2003",0,2.8,0.9,5.45
"4/1/2003",0,5,1.2,4.67
"4/2/2003",0,8.2,1.6,4.67
"4/3/2003",1.8,6.2,1.4,5.45
"4/4/2003",2.8,6.3,1.4,3.29
"4/5/2003",1.4,4.3,1.2,4.43
"4/6/2003",0.5,5.1,1.2,3.96
"4/7/2003",0.3,7.2,1.5,3.51
"4/8/2003",0,5.7,1.4,2.87
"4/9/2003",0,6.5,1.5,3.08
"4/10/2003",0,10.3,2,2.87
"4/11/2003",0,12.7,2.3,2.67
"4/12/2003",1.1,13.9,2.5,2.48
"4/13/2003",0,12.3,2.3,2.48
"4/14/2003",0.4,10.1,2,2.48
"4/15/2003",0,10.2,2.1,2.48
"4/16/2003",0,10.8,2.2,2.29
"4/17/2003",0.4,3.9,1.2,2.02
"4/18/2003",2.7,2.2,1,1.93
"4/19/2003",15.2,1,0.8,1.93
"4/20/2003",5.4,0.2,0.7,2.67
"4/21/2003",0.2,0.6,0.8,3.08
"4/22/2003",3.4,2.8,1.1,2.67
"4/23/2003",0.2,2.8,1.1,2.87
"4/24/2003",0,3.5,1.2,3.29
"4/25/2003",3.2,4.7,1.4,3.08
"4/26/2003",0.2,6.3,1.7,3.73
"4/27/2003",8.1,5.7,1.6,3.51
"4/28/2003",4.9,4.9,1.5,4.19
"4/29/2003",1.8,8.1,2,5.7
"4/30/2003",3.2,9.9,2.2,4.43
"5/1/2003",5.1,7.5,1.9,5.7
"5/2/2003",1.3,4.6,1.5,6.5
"5/3/2003",1.5,4,1.4,5.7
"5/4/2003",0.9,2.8,1.2,5.55
"5/5/2003",2.2,3.5,1.3,5.45
"5/6/2003",4.5,3.6,1.3,5.45
"5/7/2003",1.2,4.4,1.5,5.45
"5/8/2003",2.2,6.8,1.9,5.15
"5/9/2003",0,9.8,2.3,5.15
"5/10/2003",0.5,8.9,2.2,4.43
"5/11/2003",0.1,8.7,2.2,4.67
"5/12/2003",1.2,8.2,2.1,4.67
"5/13/2003",0,9.9,2.4,4.43
"5/14/2003",1.9,10.7,2.5,3.96
"5/15/2003",2.7,8.9,2.3,3.73
"5/16/2003",4.6,5.3,1.7,3.96
"5/17/2003",0.1,4.9,1.6,4.43
"5/18/2003",0,6.3,1.9,4.19
"5/19/2003",0,7.9,2.1,3.96
"5/20/2003",0,10.2,2.5,3.73
"5/21/2003",0,13.5,3,2.87
"5/22/2003",0,15.9,3.5,2.29
"5/23/2003",0,13.1,3,2.29
"5/24/2003",0,10.3,2.6,2.48
"5/25/2003",0,11,2.7,2.67
"5/26/2003",0,13,3,2.48
"5/27/2003",0,13.1,3.1,2.48
"5/28/2003",0,16.2,3.6,2.29
"5/29/2003",1.6,16.8,3.7,2.11
"5/30/2003",0,16.7,3.7,2.11
"5/31/2003",0,17,3.7,1.93
"6/1/2003",13.8,16.2,3.6,1.93
"6/2/2003",3.4,15.5,3.5,3.51
"6/3/2003",0,13.4,3.1,2.87
"6/4/2003",0.2,11.5,2.8,2.48
"6/5/2003",12.4,13,3.1,2.29
"6/6/2003",3.4,12.9,3.1,2.29
"6/7/2003",18.1,11.2,2.8,2.67
"6/8/2003",0.8,13.2,3.2,3.88
"6/9/2003",3.9,14.5,3.4,3.97
"6/10/2003",0,14,3.3,2.67
"6/11/2003",0,13.1,3.2,3.08
"6/12/2003",0,16.5,3.7,2.29
"6/13/2003",0,15.4,3.5,2.11
"6/14/2003",0,15.5,3.6,2.29
"6/15/2003",5,19.3,4.2,1.76
"6/16/2003",6.9,12,2.9,1.76
"6/17/2003",5.1,9.5,2.5,2.69
"6/18/2003",1,10.4,2.7,2.58
"6/19/2003",0.3,11.4,2.9,2.29
"6/20/2003",0.3,13,3.2,2.11
"6/21/2003",2.4,17.7,4,2.11
"6/22/2003",11,18.7,4.1,1.93
"6/23/2003",3.6,18.5,4.1,3.51
"6/24/2003",0,19.2,4.2,3.29
"6/25/2003",0.5,20.5,4.4,2.48
"6/26/2003",4.7,17.4,3.9,2.11
"6/27/2003",12,13.5,3.2,2.12
"6/28/2003",5.2,11.1,2.8,3.09
"6/29/2003",0,13.3,3.2,3.64
"6/30/2003",0,16.4,3.7,2.32
"7/1/2003",0,20.4,4.4,1.76
"7/2/2003",0.7,16.9,3.8,1.59
"7/3/2003",0,16.3,3.7,1.93
"7/4/2003",0,21.4,4.6,1.76
"7/5/2003",0,23.8,5,1.43
"7/6/2003",0,18.1,4,1.43
"7/7/2003",0.4,19.4,4.2,1.43
"7/8/2003",0,19.8,4.2,1.43
"7/9/2003",0,19.3,4.2,1.43
"7/10/2003",0,21.9,4.6,1.43
"7/11/2003",0,26.8,5.5,1.28
"7/12/2003",0,20.4,4.3,1.07
"7/13/2003",6.1,20.8,4.4,0.995
"7/14/2003",3.2,17.3,3.8,0.995
"7/15/2003",0,18.2,3.9,1.07
"7/16/2003",0.7,19.7,4.2,1.14
"7/17/2003",0,19,4,0.995
"7/18/2003",0,20.8,4.3,0.995
"7/19/2003",0,20.6,4.3,0.995
"7/20/2003",0,19.5,4.1,0.995
"7/21/2003",0,19.4,4.1,0.865
"7/22/2003",0,20.4,4.2,0.8
"7/23/2003",0.7,22.4,4.5,0.515
"7/24/2003",0,18.9,3.9,0.515
"7/25/2003",13.3,14.2,3.2,0.515
"7/26/2003",1.3,14.1,3.1,0.74
"7/27/2003",0,15.7,3.4,1.14
"7/28/2003",0,17.5,3.7,0.865
"7/29/2003",0,22.4,4.4,0.625
"7/30/2003",28.9,15,3.2,0.74
"7/31/2003",1.4,14.8,3.2,2.59
"8/1/2003",7.8,16.6,3.4,1.76
"8/2/2003",0,16.3,3.4,1.76
"8/3/2003",0,18.8,3.8,1.43
"8/4/2003",0,19.6,3.9,0.995
"8/5/2003",0,20.2,3.9,0.865
"8/6/2003",0,23.9,4.5,0.74
"8/7/2003",24.3,23.9,4.5,0.74
"8/8/2003",4.9,16.1,3.3,1.76
"8/9/2003",1,16.4,3.3,1.43
"8/10/2003",0,18.4,3.6,1.14
"8/11/2003",0,19.9,3.8,0.995
"8/12/2003",0.1,21.6,4,0.865
"8/13/2003",0,20.9,3.9,0.74
"8/14/2003",0,21.3,3.9,0.68
"8/15/2003",0,22.4,4.1,0.68
"8/16/2003",0,20.3,3.7,0.625
"8/17/2003",0,18.9,3.5,0.625
"8/18/2003",0,15.8,3,0.625
"8/19/2003",0,15.1,2.9,0.625
"8/20/2003",0,16.8,3.1,0.57
"8/21/2003",0,20.6,3.6,0.415
"8/22/2003",13.3,22.3,3.9,0.323
"8/23/2003",0.4,18.6,3.3,0.57
"8/24/2003",0,20.3,3.5,0.865
"8/25/2003",0,22.2,3.8,0.625
"8/26/2003",0,22.5,3.8,0.625
"8/27/2003",0,20.3,3.4,0.515
"8/28/2003",0,18.3,3.2,0.57
"8/29/2003",0,18.2,3.1,0.464
"8/30/2003",0,19.8,3.3,0.415
"8/31/2003",0.9,22.2,3.6,0.323
"9/1/2003",16.1,17,2.9,0.323
"9/2/2003",0,16.9,2.8,0.75
"9/3/2003",0,19,3.1,1.28
"9/4/2003",0,20,3.2,0.74
"9/5/2003",0,20.4,3.2,0.57
"9/6/2003",0,19.1,3,0.415
"9/7/2003",0,15,2.5,0.415
"9/8/2003",0,14,2.4,0.515
"9/9/2003",0,17.8,2.8,0.515
"9/10/2003",1,19.5,3,0.464
"9/11/2003",12.7,18.9,2.9,0.415
"9/12/2003",35.3,15.9,2.5,0.415
"9/13/2003",0,15,2.3,5.1
"9/14/2003",0,14.4,2.3,2.39
"9/15/2003",0,15.2,2.3,1.28
"9/16/2003",0,16.6,2.5,0.995
"9/17/2003",0,15.9,2.4,1.14
"9/18/2003",0,15,2.2,1.28
"9/19/2003",2.1,15.8,2.3,1.21
"9/20/2003",0,16.8,2.4,0.995
"9/21/2003",0.5,19,2.6,0.865
"9/22/2003",12.4,18,2.5,0.74
"9/23/2003",0.5,13.3,1.9,0.865
"9/24/2003",0.1,15.9,2.2,1.14
"9/25/2003",23.7,16.6,2.2,0.93
"9/26/2003",9.9,11.8,1.7,1.93
"9/27/2003",2.8,10,1.5,3.08
"9/28/2003",7.3,12.5,1.7,2.29
"9/29/2003",5.5,10.1,1.5,1.76
"9/30/2003",0.9,11.9,1.6,2.29
"10/1/2003",3,11.5,1.6,1.93
"10/2/2003",0,9.1,1.3,1.59
"10/3/2003",0,8.9,1.3,1.59
"10/4/2003",0,11.2,1.5,1.93
"10/5/2003",31.4,12.2,1.6,1.76
"10/6/2003",30.5,7,1.1,7.05
"10/7/2003",0.6,6.4,1,13.4
"10/8/2003",0,8.8,1.2,11.3
"10/9/2003",0,12.7,1.5,7.05
"10/10/2003",0,15.5,1.8,6.8
"10/11/2003",14.8,14.3,1.7,5.95
"10/12/2003",0,10.6,1.3,7.65
"10/13/2003",0,10.8,1.3,6.25
"10/14/2003",1.1,11.1,1.3,4.92
"10/15/2003",0.3,10.6,1.2,4.19
"10/16/2003",1.2,10.6,1.2,3.96
"10/17/2003",6.2,11.1,1.3,3.29
"10/18/2003",1.8,6.5,0.9,3.51
"10/19/2003",1.9,3.6,0.6,3.29
"10/20/2003",3.6,3.1,0.6,3.08
"10/21/2003",0.3,2.9,0.6,3.08
"10/22/2003",0,1.2,0.4,2.67
"10/23/2003",0,1.2,0.5,2.87
"10/24/2003",0,3.2,0.6,2.67
"10/25/2003",0,3.1,0.6,2.48
"10/26/2003",0.5,7.5,0.9,2.48
"10/27/2003",1.2,9.2,1,2.29
"10/28/2003",2.2,8.6,0.9,2.29
"10/29/2003",0.3,6.5,0.8,2.11
"10/30/2003",9.1,4.8,0.6,2.11
"10/31/2003",0,5.2,0.7,2.67
"11/1/2003",1.8,9,0.9,2.48
"11/2/2003",3,10.7,1,2.29
"11/3/2003",20.5,13.2,1.1,2.67
"11/4/2003",3.6,7.6,0.8,5.45
"11/5/2003",5.4,4.3,0.5,6.5
"11/6/2003",1.4,1.4,0.4,6.5
"11/7/2003",0.8,4.2,0.5,6.5
"11/8/2003",7,7.1,0.7,6.5
"11/9/2003",2.4,4.7,0.6,6.5
"11/10/2003",0.1,1.1,0.4,6.5
"11/11/2003",1.3,3.2,0.5,6.25
"11/12/2003",3.5,9.7,0.8,6.5
"11/13/2003",20.4,7.8,0.7,6.8
"11/14/2003",4.6,4.5,0.5,11.9
"11/15/2003",1,4.6,0.5,11.9
"11/16/2003",3,3.1,0.4,11.2
"11/17/2003",1.9,3.2,0.4,9.5
"11/18/2003",4.9,8,0.7,8.9
"11/19/2003",6.1,6.1,0.6,8.9
"11/20/2003",18.1,1.9,0.4,10.5
"11/21/2003",2,1.4,0.3,14.4
"11/22/2003",0,-0.4,0.2,14.8
"11/23/2003",0,-0.2,0.2,12.6
"11/24/2003",0,0,0.2,11.2
"11/25/2003",0,2.6,0.4,9.85
"11/26/2003",0,5.6,0.5,9.85
"11/27/2003",0,4.5,0.4,9.2
"11/28/2003",0,3.3,0.4,8.55
"11/29/2003",0,3,0.4,7.35
"11/30/2003",0,2.1,0.3,7.65
"12/1/2003",0,0.9,0.3,6.8
"12/2/2003",0,0,0.2,6.8
"12/3/2003",0,-0.8,0.2,6.5
"12/4/2003",0,-2.5,0.1,5.7
"12/5/2003",0,-3.8,0.1,5.45
"12/6/2003",0,-3.8,0.1,5.45
"12/7/2003",0,-6.2,0,5.15
"12/8/2003",0,-6,0,4.43
"12/9/2003",0,-6.2,0,3.96
"12/10/2003",0,-2.7,0.1,3.51
"12/11/2003",0,-0.1,0.2,3.29
"12/12/2003",0,-0.3,0.2,3.29
"12/13/2003",0,-2.3,0.1,3.29
"12/14/2003",0,-1.5,0.1,3.29
"12/15/2003",0.1,1.7,0.3,3.73
"12/16/2003",0,2.8,0.3,3.51
"12/17/2003",2.8,3.5,0.3,2.87
"12/18/2003",1.9,5.6,0.4,3.29
"12/19/2003",5.6,7.1,0.5,3.29
"12/20/2003",10.7,2.9,0.3,3.4
"12/21/2003",14.2,5.6,0.4,3.96
"12/22/2003",7.8,8.6,0.6,9.2
"12/23/2003",2.3,6.8,0.5,11.9
"12/24/2003",0.3,2.5,0.3,10.8
"12/25/2003",0,-1.1,0.2,9.2
"12/26/2003",0.9,-1.8,0.1,7.95
"12/27/2003",0.1,1.3,0.3,7.95
"12/28/2003",0,-0.9,0.2,7.8
"12/29/2003",0,-3.8,0,7.35
"12/30/2003",0,-3.7,0.1,6.25
"12/31/2003",0,-2.4,0.1,4.92
"1/1/2004",0,-1.7,0.1,5.15
"1/2/2004",0,-1.6,0.1,4.92
"1/3/2004",0,-1.5,0.2,4.92
"1/4/2004",0.1,0.9,0.3,4.92
"1/5/2004",0,2.7,0.3,4.92
"1/6/2004",0,-0.8,0.2,4.67
"1/7/2004",0,3.3,0.4,3.51
"1/8/2004",0.1,8.7,0.6,3.51
"1/9/2004",14.7,5.7,0.5,3.73
"1/10/2004",2.4,2.2,0.3,4.43
"1/11/2004",0,0.8,0.2,5.45
"1/12/2004",0,-0.5,0.2,5.45
"1/13/2004",0,-3.2,0.1,3.73
"1/14/2004",0,-3.2,0.1,3.96
"1/15/2004",0.1,-3,0.1,5.45
"1/16/2004",0,-2.6,0.1,3.29
"1/17/2004",0,-1,0.2,2.87
"1/18/2004",0,-1.6,0.2,2.67
"1/19/2004",2.6,-2.2,0.2,3.29
"1/20/2004",7.3,-0.3,0.2,3.73
"1/21/2004",0.3,-4.2,0.1,4.43
"1/22/2004",0,-7.9,0,4.43
"1/23/2004",0,-5.7,0,4.67
"1/24/2004",0,-1.3,0.2,4.19
"1/25/2004",0,-1.7,0.2,3.08
"1/26/2004",0,-3.1,0.1,2.98
"1/27/2004",0,-3.7,0.1,2.87
"1/28/2004",0,-4.5,0,3.08
"1/29/2004",0,-1.7,0.2,2.87
"1/30/2004",0,-0.3,0.3,2.58
"1/31/2004",0,-2.8,0.1,2.67
"2/1/2004",0,-3.3,0.1,2.67
"2/2/2004",0,-1.7,0.2,2.67
"2/3/2004",4.3,1,0.4,2.67
"2/4/2004",11.7,3.6,0.5,2.67
"2/5/2004",3.7,4.5,0.6,6.25
"2/6/2004",0.5,2.3,0.4,10.2
"2/7/2004",0,0.7,0.4,7.95
"2/8/2004",0,3.3,0.5,6.8
"2/9/2004",1.5,7.6,0.8,6.8
"2/10/2004",0,3.5,0.6,5.95
"2/11/2004",1.1,6,0.7,5.95
"2/12/2004",10,10.9,1.1,6.25
"2/13/2004",3.3,4.2,0.6,7.65
"2/14/2004",1.3,3.2,0.6,7.95
"2/15/2004",13.6,5.8,0.8,7.65
"2/16/2004",0.9,3,0.6,8.55
"2/17/2004",0.3,-1.2,0.3,9.2
"2/18/2004",0.1,-4,0.1,9.2
"2/19/2004",0,-6.8,0,8.9
"2/20/2004",0,-6,0,8.25
"2/21/2004",0,-4,0.1,8.25
"2/22/2004",0,-2.1,0.2,7.95
"2/23/2004",0,1.3,0.5,7.65
"2/24/2004",0,4.7,0.8,4.19
"2/25/2004",1.4,5.2,0.8,4.92
"2/26/2004",0,4.1,0.7,4.92
"2/27/2004",0,4.1,0.7,5.95
"2/28/2004",0,5.7,0.9,5.95
"2/29/2004",0,7.7,1.1,5.45
"3/1/2004",0,8,1.1,5.45
"3/2/2004",0,6.6,1,5.45
"3/3/2004",0,6.1,1,3.73
"3/4/2004",0,6.9,1,3.29
"3/5/2004",6.4,7.4,1.1,3.08
"3/6/2004",0,5.2,0.9,3.08
"3/7/2004",0.6,5.3,0.9,2.98
"3/8/2004",5.8,5.2,0.9,3.08
"3/9/2004",0,4.2,0.9,3.51
"3/10/2004",0.5,6.3,1.1,3.96
"3/11/2004",0,3.9,0.9,3.96
"3/12/2004",0,4.3,0.9,3.29
"3/13/2004",4,7.9,1.2,2.87
"3/14/2004",10,7.7,1.3,3.29
"3/15/2004",6.2,8,1.3,4.21
"3/16/2004",1,5.7,1.1,7.6
"3/17/2004",0,4.1,0.9,4.19
"3/18/2004",0,7.4,1.3,5.45
"3/19/2004",0,7.6,1.4,5.45
"3/20/2004",0,8.6,1.4,5.45
"3/21/2004",0,6.9,1.3,5.45
"3/22/2004",9.5,8.1,1.4,5.15
"3/23/2004",11,4.9,1.1,6.5
"3/24/2004",8.3,0.2,0.6,8.25
"3/25/2004",3.7,1.2,0.7,7.65
"3/26/2004",12.3,1,0.7,7.35
"3/27/2004",7.4,1.6,0.8,11.9
"3/28/2004",3.4,2.1,0.8,12.2
"3/29/2004",0.5,3.8,1,14.1
"3/30/2004",11.7,7.3,1.4,13.7
"3/31/2004",2.1,3.1,1,16.4
"4/1/2004",0.5,2.4,0.9,15.2
"4/2/2004",1.4,5.8,1.3,13.3
"4/3/2004",26.4,7.3,1.5,14.1
"4/4/2004",3.9,6.5,1.4,30.9
"4/5/2004",0.4,3.5,1.1,28.5
"4/6/2004",0,3.2,1,24
"4/7/2004",0.6,5.6,1.4,20.8
"4/8/2004",0,7.6,1.6,18.1
"4/9/2004",0,6.5,1.5,15.2
"4/10/2004",0,7.2,1.6,14
"4/11/2004",0,8,1.7,13.2
"4/12/2004",1,8.9,1.8,10.3
"4/13/2004",0,6.5,1.5,8.95
"4/14/2004",7.1,10.2,2.1,7.95
"4/15/2004",8.1,5.9,1.5,7.95
"4/16/2004",2.9,1.4,0.9,7.65
"4/17/2004",5.3,2.3,1,7.95
"4/18/2004",2.4,7.5,1.7,8.6
"4/19/2004",0,8.6,1.9,11.4
"4/20/2004",0,9.2,2,9.95
"4/21/2004",0,12.9,2.6,7.35
"4/22/2004",0,13.1,2.6,6.75
"4/23/2004",0,9.7,2.1,7.35
"4/24/2004",0,15.7,3,7.65
"4/25/2004",0,15.8,3,5.85
"4/26/2004",0.5,16.3,3.1,5.3
"4/27/2004",0.6,13.2,2.7,4.76
"4/28/2004",7.6,9,2.1,5.05
"4/29/2004",1.7,5.9,1.6,6.75
"4/30/2004",1.2,7,1.8,6.75
"5/1/2004",11.4,9.5,2.2,6.75
"5/2/2004",8.7,5.5,1.6,7.65
"5/3/2004",0,6.9,1.8,7.65
"5/4/2004",0,8.4,2.1,6.45
"5/5/2004",0,9.8,2.3,4.25
"5/6/2004",0,10.9,2.5,4.13
"5/7/2004",0,11.9,2.6,4
"5/8/2004",0,11.9,2.7,3.88
"5/9/2004",0,13,2.8,3.88
"5/10/2004",0.3,14.1,3,4
"5/11/2004",0,10.8,2.5,4.25
"5/12/2004",0,11.5,2.6,3.76
"5/13/2004",0,17.7,3.6,3.76
"5/14/2004",0,21.2,4.2,3.29
"5/15/2004",0,21,4.2,2.96
"5/16/2004",0,20.4,4.1,2.85
"5/17/2004",0,18,3.7,2.63
"5/18/2004",0,16.3,3.5,2.63
"5/19/2004",0,16.6,3.6,2.03
"5/20/2004",13.2,14.5,3.2,1.85
"5/21/2004",4.6,9.7,2.4,2.8
"5/22/2004",0,12.6,2.9,3.5
"5/23/2004",0,14.1,3.2,2.63
"5/24/2004",6.8,14.4,3.2,2.63
"5/25/2004",0,15.1,3.4,2.43
"5/26/2004",3.5,17.4,3.8,2.03
"5/27/2004",2.9,17.6,3.8,1.66
"5/28/2004",2,17.4,3.8,1.66
"5/29/2004",8.9,16.1,3.6,1.85
"5/30/2004",0.6,16,3.6,2.43
"5/31/2004",25.3,15.7,3.5,2.13
"6/1/2004",14.3,14.5,3.3,7.05
"6/2/2004",11.6,12.7,3,6.45
"6/3/2004",5.3,11.8,2.9,7.05
"6/4/2004",26.7,11.4,2.8,5.85
"6/5/2004",10.8,9.9,2.6,20.9
"6/6/2004",5.4,10.3,2.6,25
"6/7/2004",7.9,11,2.7,19.9
"6/8/2004",3.9,11.1,2.8,29
"6/9/2004",5.2,13.8,3.2,24.5
"6/10/2004",29.2,13.4,3.2,22.2
"6/11/2004",8,11.8,2.9,40.3
"6/12/2004",3.1,12.6,3.1,37.7
"6/13/2004",0.2,13.2,3.2,31.6
"6/14/2004",0,17.1,3.8,24.5
"6/15/2004",3.7,18.7,4.1,19.9
"6/16/2004",0.9,17.3,3.9,15.2
"6/17/2004",0.1,17.9,4,12.1
"6/18/2004",0,15.9,3.7,9.95
"6/19/2004",5.5,9.8,2.6,9.25
"6/20/2004",6.5,7.9,2.3,9.25
"6/21/2004",0.4,11.7,2.9,8.6
"6/22/2004",4.3,13.5,3.2,7.35
"6/23/2004",5.2,14.6,3.4,6.75
"6/24/2004",4.8,15.3,3.5,7.35
"6/25/2004",1.2,13.6,3.3,6.15
"6/26/2004",0.4,14.3,3.4,5.85
"6/27/2004",0,17.2,3.9,5.05
"6/28/2004",0,18.4,4.1,4.25
"6/29/2004",0.2,20.1,4.4,3.52
"6/30/2004",3.3,16.1,3.7,3.64
"7/1/2004",0.5,14.2,3.3,3.41
"7/2/2004",3.3,15.8,3.6,3.41
"7/3/2004",19,18.3,4,3.29
"7/4/2004",10.3,14.5,3.4,6
"7/5/2004",11.6,13.3,3.2,7.95
"7/6/2004",22.1,12.7,3,10.6
"7/7/2004",2.8,12.5,3,19.9
"7/8/2004",0.1,15.2,3.5,18.6
"7/9/2004",4.9,16.2,3.6,14
"7/10/2004",5.1,13.6,3.2,12.5
"7/11/2004",4.3,14.4,3.3,12.1
"7/12/2004",2.3,15.3,3.5,11.7
"7/13/2004",0,15.8,3.6,10.6
"7/14/2004",0,17.2,3.8,7.95
"7/15/2004",0,19.1,4.1,7.35
"7/16/2004",0.2,21.4,4.5,6.75
"7/17/2004",0,19.2,4.1,5.85
"7/18/2004",0,19,4,4.76
"7/19/2004",0,20.9,4.3,4.76
"7/20/2004",0.4,23.9,4.8,3.76
"7/21/2004",21,18.8,4,5.6
"7/22/2004",0,17.8,3.8,7.05
"7/23/2004",0,18.6,3.9,5.3
"7/24/2004",0,19.5,4,4.5
"7/25/2004",0,18.4,3.8,3.52
"7/26/2004",0,20,4.1,3.07
"7/27/2004",0,20.5,4.1,2.85
"7/28/2004",0,17.3,3.6,2.85
"7/29/2004",0,22.3,4.4,2.63
"7/30/2004",0,24.4,4.7,2.43
"7/31/2004",0,24.6,4.7,2.03
"8/1/2004",6.3,20,4,1.85
"8/2/2004",4.3,22.6,4.4,4.5
"8/3/2004",23.1,21.2,4.1,10.5
"8/4/2004",0,17.1,3.5,12.8
"8/5/2004",0,18.1,3.6,6.1
"8/6/2004",0,22,4.2,4.76
"8/7/2004",0.5,24.6,4.6,3.81
"8/8/2004",0,24.5,4.5,3.17
"8/9/2004",14.7,17.4,3.4,2.97
"8/10/2004",0.1,15.9,3.2,3.93
"8/11/2004",0,15.9,3.2,2.78
"8/12/2004",0,16.6,3.2,2.23
"8/13/2004",0,15.8,3.1,2.06
"8/14/2004",11.2,14.1,2.8,2.06
"8/15/2004",0,14.2,2.8,2.87
"8/16/2004",0,16.3,3.1,2.23
"8/17/2004",0,20.2,3.7,1.98
"8/18/2004",0,23.6,4.2,1.74
"8/19/2004",1.4,22.4,4,1.67
"8/20/2004",0.7,20.9,3.7,1.82
"8/21/2004",0,18.5,3.3,1.45
"8/22/2004",2,17.4,3.2,1.38
"8/23/2004",0.3,17.6,3.2,1.38
"8/24/2004",0,19,3.3,1.31
"8/25/2004",0,22.1,3.7,1.31
"8/26/2004",0,21.9,3.7,1.06
"8/27/2004",0,20.6,3.5,1.06
"8/28/2004",15.4,23.3,3.8,1.06
"8/29/2004",5.1,14.2,2.6,1.18
"8/30/2004",17.6,14.2,2.6,1.9
"8/31/2004",18.4,10.8,2.1,5.5
"9/1/2004",0.1,10.7,2,3.25
"9/2/2004",1,14.9,2.6,1.98
"9/3/2004",2.7,15.4,2.6,1.74
"9/4/2004",2.8,11.4,2.1,1.59
"9/5/2004",0,8.6,1.7,1.67
"9/6/2004",0,10.2,1.9,1.74
"9/7/2004",1.2,14.7,2.4,1.45
"9/8/2004",0.3,12,2.1,1.45
"9/9/2004",1.9,10.8,1.9,1.31
"9/10/2004",0,14,2.3,1.18
"9/11/2004",0.7,15.5,2.5,1.18
"9/12/2004",0,13.4,2.2,1.18
"9/13/2004",0.8,16.4,2.5,1.12
"9/14/2004",0,14.7,2.3,1.06
"9/15/2004",0.1,13.1,2.1,1.18
"9/16/2004",0,14.3,2.2,1.06
"9/17/2004",0,18.1,2.6,1.06
"9/18/2004",0,15.2,2.3,1.06
"9/19/2004",0,14,2.1,1
"9/20/2004",0,13.8,2.1,1
"9/21/2004",28.4,17.2,2.4,1
"9/22/2004",11.6,12,1.8,2.59
"9/23/2004",2.6,11.2,1.7,2.97
"9/24/2004",0,11.1,1.7,1.9
"9/25/2004",0,13.6,1.9,1.52
"9/26/2004",4.1,16,2.1,1.38
"9/27/2004",7.9,13.9,1.9,1.25
"9/28/2004",5.4,10.9,1.6,2.23
"9/29/2004",0,11.8,1.7,1.9
"9/30/2004",2.3,12.5,1.7,1.59
"10/1/2004",0.4,12.4,1.7,1.59
"10/2/2004",34.8,11.3,1.5,1.52
"10/3/2004",21,9.5,1.4,9.5
"10/4/2004",19.7,8.9,1.3,14.1
"10/5/2004",13.2,8.6,1.2,23.2
"10/6/2004",6.3,6.5,1,19.9
"10/7/2004",4.3,8.2,1.2,21.9
"10/8/2004",0,9.2,1.3,17.6
"10/9/2004",2.9,9.3,1.2,14.8
"10/10/2004",4.5,8.6,1.2,12.6
"10/11/2004",0.3,8.8,1.2,11.7
"10/12/2004",0.1,7.7,1.1,9.85
"10/13/2004",0.1,8.1,1.1,8.7
"10/14/2004",0,9.1,1.2,7.25
"10/15/2004",5.2,7.3,1,6.8
"10/16/2004",10,4.7,0.8,7.4
"10/17/2004",0.2,2.3,0.6,8.55
"10/18/2004",0,2.7,0.6,7.25
"10/19/2004",4.3,4.3,0.7,6.5
"10/20/2004",0.8,7.6,1,6.35
"10/21/2004",5.1,5,0.7,5.4
"10/22/2004",3.5,4.2,0.7,6.1
"10/23/2004",3.6,5.7,0.8,5.8
"10/24/2004",9.1,6.6,0.8,6.5
"10/25/2004",10.7,10.8,1.1,7.25
"10/26/2004",2.1,6.5,0.8,10.3
"10/27/2004",0.8,10.3,1.1,8.9
"10/28/2004",15.4,9.3,1,10.2
"10/29/2004",0,6,0.7,14.4
"10/30/2004",4.3,3.8,0.6,12.9
"10/31/2004",1.5,2.9,0.5,12.6
"11/1/2004",2.1,2.5,0.5,11.9
"11/2/2004",5.6,5.5,0.7,10.2
"11/3/2004",2.4,8.6,0.9,9.2
"11/4/2004",3.8,10.4,1,9.5
"11/5/2004",0,6.3,0.7,8.9
"11/6/2004",0,5.5,0.6,7.25
"11/7/2004",0,7.9,0.8,6.35
"11/8/2004",0,6.1,0.6,6.65
"11/9/2004",0.4,9.2,0.8,6.95
"11/10/2004",14.3,9.8,0.8,7.55
"11/11/2004",4.8,9.3,0.8,8.55
"11/12/2004",6.8,4.7,0.5,8.55
"11/13/2004",5.4,2.5,0.4,9.85
"11/14/2004",8.4,4.1,0.5,11.9
"11/15/2004",9.7,8.9,0.7,11.5
"11/16/2004",7.9,6.2,0.6,15.2
"11/17/2004",9.6,2.4,0.4,15.8
"11/18/2004",15.2,3.2,0.4,18
"11/19/2004",14.2,8.7,0.7,28.2
"11/20/2004",19.6,6.4,0.6,38.1
"11/21/2004",7.9,10.8,0.8,50.5
"11/22/2004",0.3,9.6,0.7,47
"11/23/2004",0,7.6,0.6,35.6
"11/24/2004",0,8.1,0.6,28.4
"11/25/2004",0.5,11.5,0.8,22.3
"11/26/2004",9.3,10.7,0.7,18.8
"11/27/2004",0,5.7,0.5,17.6
"11/28/2004",0,9.8,0.7,14.8
"11/29/2004",0,7.7,0.6,11.9
"11/30/2004",1.8,7.4,0.6,9.85
"12/1/2004",1.2,8,0.6,9.2
"12/2/2004",8.8,10.4,0.7,6.35
"12/3/2004",3.3,6.7,0.5,8.2
"12/4/2004",12.1,6.6,0.5,10.2
"12/5/2004",5.3,1.8,0.3,14.1
"12/6/2004",9.4,3.1,0.4,12.6
"12/7/2004",3.9,6.4,0.5,16
"12/8/2004",0.6,3.5,0.4,13.3
"12/9/2004",0.2,1.9,0.3,12.9
"12/10/2004",0.1,0.3,0.2,13.3
"12/11/2004",0.3,-1.7,0.1,11.9
"12/12/2004",12.7,2,0.3,8.9
"12/13/2004",0,1.1,0.3,15.2
"12/14/2004",0,-0.5,0.2,10.5
"12/15/2004",0.6,6,0.4,11.2
"12/16/2004",0.1,7.7,0.5,10.8
"12/17/2004",0,6.8,0.5,9.85
"12/18/2004",0,7.4,0.5,8.9
"12/19/2004",0.1,8.8,0.6,7.25
"12/20/2004",0,6.5,0.5,5
"12/21/2004",0,6.2,0.5,8.2
"12/22/2004",0,5.3,0.4,5.8
"12/23/2004",0.5,5,0.4,5.8
"12/24/2004",0.1,4.9,0.4,5.55
"12/25/2004",0.4,1.1,0.2,5.25
"12/26/2004",0.5,-1.3,0.2,4.04
"12/27/2004",0,-1.9,0.1,3.17
"12/28/2004",0,-6.3,0,4.04
"12/29/2004",0,-4.5,0,4.04
"12/30/2004",0,-3.9,0,3.59
"12/31/2004",0,-5.5,0,3.38
"1/1/2005",0,-6.8,0,3.17
"1/2/2005",0,-8.1,0,2.59
"1/3/2005",0,-11.1,0,2.41
"1/4/2005",0,-8.3,0,2.41
"1/5/2005",0.3,0.2,0.2,2.41
"1/6/2005",0.3,5,0.4,2.59
"1/7/2005",0.5,5.6,0.5,3.38
"1/8/2005",1.1,5,0.4,3.27
"1/9/2005",0,5,0.4,2.78
"1/10/2005",0,7.5,0.5,2.59
"1/11/2005",0,11.2,0.7,2.59
"1/12/2005",4.1,8.9,0.6,2.78
"1/13/2005",3.2,9.3,0.6,2.97
"1/14/2005",1.4,7.6,0.6,2.97
"1/15/2005",0,6.8,0.5,3.17
"1/16/2005",0,6,0.5,2.59
"1/17/2005",0,5.7,0.5,2.32
"1/18/2005",0.1,3.1,0.4,2.59
"1/19/2005",0,4.5,0.5,2.06
"1/20/2005",0,3.9,0.4,2.23
"1/21/2005",0,4.6,0.5,2.41
"1/22/2005",0,4.4,0.5,2.41
"1/23/2005",0.3,7.2,0.6,1.98
"1/24/2005",3.3,7.2,0.6,2.06
"1/25/2005",4.1,4.8,0.5,2.06
"1/26/2005",6.2,0.4,0.3,2.41
"1/27/2005",6.5,3.9,0.5,2.97
"1/28/2005",0,5.4,0.6,4.04
"1/29/2005",0,2.3,0.4,3.59
"1/30/2005",0,1,0.3,2.78
"1/31/2005",0,2.6,0.4,2.59
"2/1/2005",0,1.9,0.4,3.15
"2/2/2005",0,-0.4,0.3,3.7
"2/3/2005",0,-0.7,0.2,2.59
"2/4/2005",0,2.6,0.5,2.78
"2/5/2005",0,2.7,0.5,2.87
"2/6/2005",0,2,0.4,2.23
"2/7/2005",0,1.6,0.4,2.23
"2/8/2005",0,1.6,0.4,2.23
"2/9/2005",0,3.5,0.5,2.23
"2/10/2005",0,4.3,0.6,2.23
"2/11/2005",0,3.2,0.5,2.06
"2/12/2005",0,3.4,0.6,2.06
"2/13/2005",0,2.9,0.5,1.9
"2/14/2005",0,3.1,0.5,1.9
"2/15/2005",0,1.2,0.4,1.9
"2/16/2005",0.1,-0.9,0.3,1.9
"2/17/2005",2.2,0.3,0.4,1.98
"2/18/2005",0,2.2,0.5,1.98
"2/19/2005",0.7,1.5,0.5,1.98
"2/20/2005",0.8,1.4,0.5,1.9
"2/21/2005",4.8,-0.2,0.4,1.98
"2/22/2005",1.6,-1.9,0.2,2.23
"2/23/2005",0.5,-3.5,0.1,1.9
"2/24/2005",0,-6.6,0,1.74
"2/25/2005",0,-6.2,0,2.14
"2/26/2005",1.3,-2.2,0.2,2.3
"2/27/2005",3.7,-0.2,0.4,1.9
"2/28/2005",0.8,-3.3,0.2,1.82
"3/1/2005",0.2,-3.4,0.1,1.74
"3/2/2005",0.3,-1.6,0.3,1.74
"3/3/2005",0,0.4,0.5,1.74
"3/4/2005",0,-1.5,0.3,1.9
"3/5/2005",0,-3.2,0.2,2.06
"3/6/2005",0.1,-1.5,0.3,1.9
"3/7/2005",0,3,0.7,1.74
"3/8/2005",0,0.5,0.5,1.9
"3/9/2005",0,4,0.8,1.98
"3/10/2005",0,4.6,0.9,1.74
"3/11/2005",0,5.6,1,1.74
"3/12/2005",0,6.1,1.1,1.9
"3/13/2005",0,6.9,1.2,1.59
"3/14/2005",0,7.8,1.3,1.9
"3/15/2005",0,8.2,1.3,1.67
"3/16/2005",0,9.4,1.4,1.59
"3/17/2005",0,9.9,1.5,1.45
"3/18/2005",0,10.1,1.6,1.31
"3/19/2005",0,8.2,1.4,1.31
"3/20/2005",1.4,11.3,1.7,1.45
"3/21/2005",6.6,9.8,1.6,1.45
"3/22/2005",4.3,9.9,1.6,1.74
"3/23/2005",2.6,6.4,1.2,1.74
"3/24/2005",0.1,4.5,1,1.59
"3/25/2005",0,2,0.8,1.45
"3/26/2005",0,0,0.6,1.38
"3/27/2005",0,0.2,0.6,1.45
"3/28/2005",0,0.6,0.6,1.38
"3/29/2005",0,2.1,0.8,1.31
"3/30/2005",0,7.7,1.5,1.31
"3/31/2005",0,12.3,2.1,1.31
"4/1/2005",7.1,6.2,1.4,1.31
"4/2/2005",0.1,3.3,1,1.59
"4/3/2005",3,4.6,1.2,1.45
"4/4/2005",0.5,5.5,1.3,1.18
"4/5/2005",12.1,5.9,1.4,1.31
"4/6/2005",13.3,10.2,1.9,1.9
"4/7/2005",8.7,10.7,2,4.25
"4/8/2005",0.6,9.9,1.9,5.95
"4/9/2005",2,10.6,2,4.67
"4/10/2005",3.6,8.7,1.8,4.89
"4/11/2005",4.4,4.8,1.3,4.63
"4/12/2005",4.3,5.6,1.4,4.9
"4/13/2005",0.8,6.4,1.5,5.2
"4/14/2005",2.2,7.1,1.6,4.22
"4/15/2005",4.9,7.1,1.6,4.27
"4/16/2005",0.1,6.4,1.6,5.35
"4/17/2005",0,7.3,1.7,4.75
"4/18/2005",0,9.1,2,4.16
"4/19/2005",0,11.3,2.3,3.7
"4/20/2005",0,14.7,2.8,3.61
"4/21/2005",0,14.6,2.8,2.78
"4/22/2005",4.4,10,2.2,3.49
"4/23/2005",0.3,13,2.6,3.51
"4/24/2005",11.4,10.9,2.3,2.68
"4/25/2005",2.3,7.9,1.9,3.49
"4/26/2005",3.3,9.5,2.1,3.27
"4/27/2005",0,11.2,2.4,2.87
"4/28/2005",0.1,12.6,2.6,2.87
"4/29/2005",1.1,11.3,2.4,2.23
"4/30/2005",0.1,11.4,2.5,2.23
"5/1/2005",2.1,11.3,2.5,2.14
"5/2/2005",9.1,9.7,2.2,2.41
"5/3/2005",0.1,10.6,2.4,3.07
"5/4/2005",0,9.9,2.3,2.41
"5/5/2005",0,11.8,2.6,2.41
"5/6/2005",0,9.1,2.2,2.06
"5/7/2005",2.1,8.1,2,2.06
"5/8/2005",3.8,10.2,2.4,1.9
"5/9/2005",0.7,11.9,2.7,1.9
"5/10/2005",5.9,14.3,3.1,2.06
"5/11/2005",2.7,14.5,3.1,1.9
"5/12/2005",4.8,12.6,2.8,2.06
"5/13/2005",3.4,11.6,2.6,2.06
"5/14/2005",1.8,12.7,2.9,1.9
"5/15/2005",0.6,11.3,2.6,1.74
"5/16/2005",0,12.6,2.9,1.9
"5/17/2005",0,15.8,3.4,1.74
"5/18/2005",0.6,14.3,3.2,1.31
"5/19/2005",26.3,11.8,2.8,1.31
"5/20/2005",0,11.4,2.7,4.34
"5/21/2005",0,9.9,2.5,2.59
"5/22/2005",0,12.5,2.9,1.74
"5/23/2005",0,16.2,3.5,1.74
"5/24/2005",0,18.1,3.9,1.59
"5/25/2005",0,20.7,4.3,1.31
"5/26/2005",4.8,16.8,3.7,1.31
"5/27/2005",11,14,3.2,1.6
"5/28/2005",3.3,11.9,2.9,2.5
"5/29/2005",1.1,15.6,3.5,1.74
"5/30/2005",3.8,13,3.1,1.59
"5/31/2005",0,13,3.1,1.31
"6/1/2005",13.3,16.3,3.7,1.06
"6/2/2005",0.7,13.4,3.2,2.23
"6/3/2005",0.3,11.4,2.8,2.15
"6/4/2005",0,14.6,3.4,1.45
"6/5/2005",0,17.3,3.9,1.31
"6/6/2005",0,21,4.5,1.45
"6/7/2005",0,21.5,4.6,1.31
"6/8/2005",0.1,21,4.5,1.06
"6/9/2005",0,21.5,4.6,0.83
"6/10/2005",15.1,17.2,3.8,0.725
"6/11/2005",1.5,13.1,3.1,1.06
"6/12/2005",8.5,10.9,2.8,1.45
"6/13/2005",14.8,10.7,2.7,2.06
"6/14/2005",17.9,11.9,2.9,2.59
"6/15/2005",0.8,14.2,3.4,7
"6/16/2005",0,17,3.8,4.05
"6/17/2005",0,15,3.5,2.87
"6/18/2005",0,17.8,4,2.66
"6/19/2005",18.6,22,4.7,1.98
"6/20/2005",4.6,18.8,4.1,5.65
"6/21/2005",10.7,17.6,3.9,3.87
"6/22/2005",8.4,16.8,3.8,4.73
"6/23/2005",0.2,15,3.5,4.75
"6/24/2005",0,14.4,3.4,3.66
"6/25/2005",0,14.4,3.4,3.36
"6/26/2005",0,16.9,3.8,2.47
"6/27/2005",0,18.1,4,2.77
"6/28/2005",1,18.2,4,1.37
"6/29/2005",14.2,16.4,3.7,2.4
"6/30/2005",2.1,16.4,3.7,3.52
"7/1/2005",2.3,15.6,3.6,3.02
"7/2/2005",1.6,17.1,3.8,2.62
"7/3/2005",0.1,18.4,4,1.89
"7/4/2005",0,20.2,4.4,1.89
"7/5/2005",13.6,20.2,4.4,1.71
"7/6/2005",0,12.7,3.1,5.85
"7/7/2005",0,14.7,3.4,3.33
"7/8/2005",0,16.2,3.6,2.59
"7/9/2005",24.3,19.2,4.2,2.16
"7/10/2005",1.9,12,2.9,4.26
"7/11/2005",5.5,10.6,2.7,3.89
"7/12/2005",0.4,11.1,2.8,2.66
"7/13/2005",0,13.7,3.2,2.81
"7/14/2005",0,17.3,3.8,2.19
"7/15/2005",0,20.6,4.3,1.98
"7/16/2005",0,22.5,4.7,1.71
"7/17/2005",0.2,20,4.2,1.55
"7/18/2005",0,18.8,4,1.39
"7/19/2005",2.8,15.2,3.4,1.25
"7/20/2005",10.8,12.6,3,1.39
"7/21/2005",1.9,13.1,3,1.71
"7/22/2005",0,14.6,3.3,1.71
"7/23/2005",0,15.9,3.5,1.39
"7/24/2005",0.4,19.3,4,1.25
"7/25/2005",0,17.1,3.6,1.25
"7/26/2005",0,14,3.1,1.11
"7/27/2005",0,17,3.6,1.25
"7/28/2005",0,21.3,4.3,0.975
"7/29/2005",0,23.3,4.6,0.975
"7/30/2005",16.6,20.6,4.1,0.735
"7/31/2005",0.1,14.3,3.1,0.975
"8/1/2005",0,16.6,3.4,1.25
"8/2/2005",0.6,20.1,4,1.25
"8/3/2005",0.2,19.3,3.8,0.975
"8/4/2005",0.5,20.1,4,0.735
"8/5/2005",1.1,20.7,4,0.63
"8/6/2005",0,17.4,3.5,0.63
"8/7/2005",0,18,3.6,0.68
"8/8/2005",0.5,18.8,3.7,0.63
"8/9/2005",2.3,17.1,3.4,0.53
"8/10/2005",5.8,16.5,3.3,0.53
"8/11/2005",0,17,3.3,0.44
"8/12/2005",0,19.6,3.7,0.975
"8/13/2005",0,19.4,3.6,0.975
"8/14/2005",1.7,21.2,3.9,0.735
"8/15/2005",0,18.2,3.4,0.735
"8/16/2005",0,20.4,3.8,0.53
"8/17/2005",0,21.8,3.9,0.735
"8/18/2005",0,22,3.9,0.63
"8/19/2005",0,20.4,3.7,0.63
"8/20/2005",0,20.5,3.7,0.63
"8/21/2005",0,22.7,3.9,0.53
"8/22/2005",3.5,21.4,3.7,0.53
"8/23/2005",2.6,16.3,3,0.53
"8/24/2005",6.6,10.8,2.2,0.44
"8/25/2005",0,11.9,2.3,0.53
"8/26/2005",2.1,14.5,2.7,0.735
"8/27/2005",7,14.3,2.6,0.735
"8/28/2005",0,10.5,2.1,0.795
"8/29/2005",0,12,2.3,0.735
"8/30/2005",0,12.8,2.4,0.735
"8/31/2005",0,13,2.4,0.63
"9/1/2005",0,12.6,2.3,0.63
"9/2/2005",0,13.2,2.4,0.53
"9/3/2005",0.8,13.8,2.4,0.53
"9/4/2005",0.4,11.4,2.1,0.44
"9/5/2005",0,9.7,1.9,0.358
"9/6/2005",0,12.2,2.1,0.358
"9/7/2005",8,15.4,2.5,0.25
"9/8/2005",8.9,16.4,2.6,0.358
"9/9/2005",2.9,15.7,2.5,0.53
"9/10/2005",1.2,13.6,2.2,0.735
"9/11/2005",5.9,13.3,2.2,0.795
"9/12/2005",21.3,13.9,2.2,0.735
"9/13/2005",0.7,12.2,2,0.63
"9/14/2005",3.9,11.6,1.9,1.91
"9/15/2005",0.3,13.3,2.1,1.32
"9/16/2005",2.8,12.3,2,1.25
"9/17/2005",0.1,12.8,2,0.91
"9/18/2005",0.2,14.2,2.1,0.85
"9/19/2005",0,16.7,2.4,0.91
"9/20/2005",0,19.2,2.6,0.975
"9/21/2005",0.5,17,2.4,0.63
"9/22/2005",37.4,12.6,1.9,0.85
"9/23/2005",25.6,11.4,1.7,1.96
"9/24/2005",32.8,10.9,1.7,3.44
"9/25/2005",13.3,8.1,1.4,8.5
"9/26/2005",2.6,7.8,1.3,19.9
"9/27/2005",5.9,7.6,1.3,16.8
"9/28/2005",1,7.6,1.3,12
"9/29/2005",1.3,8.9,1.4,11.8
"9/30/2005",4.3,9.4,1.4,8.7
"10/1/2005",6.3,11.4,1.6,7.75
"10/2/2005",3.3,9.3,1.4,7.2
"10/3/2005",3.4,8.9,1.3,7
"10/4/2005",2.5,12,1.6,5.6
"10/5/2005",22.7,13.9,1.7,5.65
"10/6/2005",1.3,10.1,1.4,18.3
"10/7/2005",6.7,10.1,1.4,9.9
"10/8/2005",3.8,9.2,1.3,15.3
"10/9/2005",0,8.5,1.2,10.8
"10/10/2005",0.4,13.7,1.6,8.35
"10/11/2005",20.6,17.4,1.9,7.95
"10/12/2005",4.6,12.3,1.5,11.6
"10/13/2005",14.9,12.6,1.5,15.2
"10/14/2005",1.2,10.8,1.3,17.3
"10/15/2005",6.6,8.3,1.1,16.3
"10/16/2005",4.5,7.5,1,12.3
"10/17/2005",2.4,9.4,1.1,13
"10/18/2005",0.5,9,1.1,11.2
"10/19/2005",0,9.2,1.1,13.2
"10/20/2005",1,8.1,1,8.35
"10/21/2005",10.1,3.4,0.6,8.5
"10/22/2005",5.7,3.2,0.6,9.5
"10/23/2005",4.4,3.1,0.6,9.7
"10/24/2005",5.6,3.2,0.6,9.1
"10/25/2005",0,3.5,0.6,16.5
"10/26/2005",0,3.3,0.6,9.5
"10/27/2005",0,3.6,0.6,12.4
"10/28/2005",0,5.6,0.7,8.95
"10/29/2005",0,8.2,0.9,11.7
"10/30/2005",0,6.8,0.8,5.6
"10/31/2005",0.1,6,0.7,4.59
"11/1/2005",0.9,8.5,0.9,4.58
"11/2/2005",0.5,11.7,1,4.58
"11/3/2005",0.1,12.5,1.1,6.65
"11/4/2005",0,11,1,4.55
"11/5/2005",0,8.6,0.8,5.7
"11/6/2005",0.5,5,0.6,4.5
"11/7/2005",2.2,3.9,0.5,2.66
"11/8/2005",4.6,4.7,0.6,3.7
"11/9/2005",0.3,5.3,0.6,4.58
"11/10/2005",3.5,5.6,0.6,4.58
"11/11/2005",3.9,5.4,0.6,4.31
"11/12/2005",0.2,3.6,0.5,7.35
"11/13/2005",0.2,4.1,0.5,4.29
"11/14/2005",0.4,8.1,0.7,2.45
"11/15/2005",0.5,2.3,0.4,3.12
"11/16/2005",0,0.5,0.3,3.32
"11/17/2005",0,-1.8,0.1,3.21
"11/18/2005",0.6,-1.6,0.2,3.32
"11/19/2005",0,-1.9,0.2,3.09
"11/20/2005",0,-4.6,0,2.87
"11/21/2005",0,-5.3,0,0.735
"11/22/2005",0,-6.6,0,0.975
"11/23/2005",0.2,-5.6,0,1.71
"11/24/2005",0.6,1.9,0.3,3.09
"11/25/2005",0,4.3,0.4,2.87
"11/26/2005",0,-0.1,0.2,2.76
"11/27/2005",0,-2.7,0.1,2.66
"11/28/2005",0,-2.8,0.1,2.26
"11/29/2005",0,-4.9,0,2.26
"11/30/2005",18.8,-0.4,0.2,2.84
"12/1/2005",0.9,2,0.3,8.1
"12/2/2005",2.5,4.6,0.4,4.07
"12/3/2005",0,5.1,0.4,4.33
"12/4/2005",0.6,7.3,0.5,3.23
"12/5/2005",0,3.4,0.4,3.35
"12/6/2005",0.5,0.5,0.2,3.96
"12/7/2005",7.8,4,0.4,5.3
"12/8/2005",2.9,8.7,0.6,5.95
"12/9/2005",1.3,8.8,0.6,4.31
"12/10/2005",9.6,9.5,0.6,7.2
"12/11/2005",0.7,3.7,0.4,5.5
"12/12/2005",0,4.5,0.4,7.75
"12/13/2005",3.2,7.8,0.5,7.75
"12/14/2005",2.6,3.4,0.4,6.85
"12/15/2005",8.4,3.2,0.4,10.2
"12/16/2005",1,4.2,0.4,7.05
"12/17/2005",0.3,6.1,0.4,7.6
"12/18/2005",0.3,6.4,0.5,5.15
"12/19/2005",4.6,9.9,0.6,6.15
"12/20/2005",2.2,13,0.7,7.9
"12/21/2005",1.2,5.9,0.5,6.85
"12/22/2005",4.9,3.1,0.3,6.3
"12/23/2005",7.7,4.3,0.4,7.2
"12/24/2005",5,0.7,0.3,9.45
"12/25/2005",11.7,-0.6,0.2,9.1
"12/26/2005",0.8,-2,0.1,9.45
"12/27/2005",0.7,-2.3,0.1,9.1
"12/28/2005",0.4,-1.1,0.2,8.9
"12/29/2005",1.7,4.2,0.4,12
"12/30/2005",0.8,8.3,0.5,10.3
"12/31/2005",20.3,8,0.6,11.2
"1/1/2006",6.8,1.9,0.3,20.631
"1/2/2006",12.4,6.7,0.5,22.613
"1/3/2006",6.9,8.5,0.6,28.868
"1/4/2006",2.1,5.3,0.4,28.559
"1/5/2006",1.1,6.4,0.5,24.513
"1/6/2006",20.3,6.7,0.5,20.707
"1/7/2006",8.1,0.1,0.2,23.134
"1/8/2006",0.4,-0.8,0.2,20.421
"1/9/2006",0.3,2,0.3,19.268
"1/10/2006",12.4,3.4,0.4,18.257
"1/11/2006",1.3,3.6,0.4,21.229
"1/12/2006",0.5,7.4,0.5,19.17
"1/13/2006",7.3,9,0.6,18.135
"1/14/2006",3.9,5.1,0.5,19.65
"1/15/2006",4.2,3.4,0.4,18.166
"1/16/2006",8.7,1.7,0.3,17.38
"1/17/2006",1.3,-1.7,0.2,18.734
"1/18/2006",0,-5.3,0,17.756
"1/19/2006",0.1,-6.1,0,11.779
"1/20/2006",0.1,-3.7,0.1,13.526
"1/21/2006",0,-3,0.1,11.045
"1/22/2006",0,-1.8,0.2,9.009
"1/23/2006",6.5,1.8,0.4,7.815
"1/24/2006",18.6,6.6,0.6,13.822
"1/25/2006",6.9,8.2,0.7,30.326
"1/26/2006",1.7,5.1,0.5,28.555
"1/27/2006",4.3,5.9,0.6,24.3
"1/28/2006",0.1,3.7,0.5,22.321
"1/29/2006",0,1.7,0.3,18.733
"1/30/2006",0.2,3.5,0.5,16.985
"1/31/2006",0.1,2.3,0.4,15.16
"2/1/2006",0,2.9,0.5,11.419
"2/2/2006",1.2,7.2,0.7,11.228
"2/3/2006",22.3,5.7,0.6,10.38
"2/4/2006",12.1,1.6,0.4,17.725
"2/5/2006",6.3,1.2,0.4,16.471
"2/6/2006",0.6,2.1,0.4,19.297
"2/7/2006",3.5,0.8,0.4,20.152
"2/8/2006",0.4,1.4,0.4,16.774
"2/9/2006",4.9,2.5,0.5,17.191
"2/10/2006",1.4,2.9,0.5,16.078
"2/11/2006",4.7,0.3,0.4,14.484
"2/12/2006",0.2,-1.3,0.2,13.094
"2/13/2006",2.3,-3,0.1,12.864
"2/14/2006",0.5,-0.3,0.3,11.475
"2/15/2006",0,2.5,0.5,14.304
"2/16/2006",0,-0.7,0.3,12.222
"2/17/2006",0,0.4,0.4,8.457
"2/18/2006",5.6,2.3,0.5,10.251
"2/19/2006",3.9,2.9,0.6,7.324
"2/20/2006",6.2,4.6,0.7,7.563
"2/21/2006",1.9,4.9,0.7,10.329
"2/22/2006",0,7.2,0.9,8.919
"2/23/2006",7.7,5.2,0.8,11.037
"2/24/2006",3.1,6,0.9,8.743
"2/25/2006",0.6,7.8,1,11.398
"2/26/2006",0,9.9,1.2,8.845
"2/27/2006",2.4,9.8,1.2,8.241
"2/28/2006",6.9,7.4,1,9.138
"3/1/2006",0.7,5.9,0.9,10.336
"3/2/2006",5.7,5.9,0.9,7.636
"3/3/2006",5.1,7.6,1.1,11.031
"3/4/2006",0,5.5,0.9,8.987
"3/5/2006",0.3,9.7,1.3,7.043
"3/6/2006",0.7,6.5,1,6.274
"3/7/2006",0,5,0.9,8.164
"3/8/2006",0,7.9,1.2,6.861
"3/9/2006",0,11.2,1.5,6.739
"3/10/2006",0,9.5,1.4,5.329
"3/11/2006",0.5,9.2,1.3,8.821
"3/12/2006",5.8,6.7,1.1,6.174
"3/13/2006",4.8,6.6,1.1,4.45
"3/14/2006",0.1,7.2,1.2,6.272
"3/15/2006",1.7,7.7,1.3,5.366
"3/16/2006",0.1,7.1,1.2,4.989
"3/17/2006",0,5.2,1,4.287
"3/18/2006",0,5.9,1.1,5.16
"3/19/2006",0.4,6.9,1.3,3.649
"3/20/2006",0.4,8.1,1.4,2.949
"3/21/2006",8.1,7.3,1.3,4.22
"3/22/2006",0,7.1,1.3,5.131
"3/23/2006",0,9.7,1.6,3.93
"3/24/2006",0,12.5,1.9,4.953
"3/25/2006",2.8,13,2,3.373
"3/26/2006",0.1,7.1,1.4,3.621
"3/27/2006",0,4.8,1.1,2.984
"3/28/2006",0,10.2,1.8,3.366
"3/29/2006",0.1,10.1,1.8,3.096
"3/30/2006",0.2,12.6,2.1,3.392
"3/31/2006",0.6,12.9,2.1,2.875
"4/1/2006",6.5,8.2,1.6,3.203
"4/2/2006",5.8,2,0.9,3.152
"4/3/2006",3.5,2,0.8,3.773
"4/4/2006",8.7,4.9,1.2,3.17
"4/5/2006",6.4,2.8,0.9,6.464
"4/6/2006",8,3.5,1.1,4.936
"4/7/2006",22.3,4.1,1.1,7.671
"4/8/2006",5.6,4.5,1.2,12.579
"4/9/2006",6,2.5,1,11.028
"4/10/2006",4.6,1.6,0.9,13.167
"4/11/2006",3,1.9,0.9,12.394
"4/12/2006",2.4,4.4,1.2,11.632
"4/13/2006",0.1,5.7,1.4,10.975
"4/14/2006",1.9,2.2,0.9,10.862
"4/15/2006",0.8,1.6,0.9,9.847
"4/16/2006",24.4,3.3,1.1,7.814
"4/17/2006",11.3,5.4,1.4,22.802
"4/18/2006",0,3.5,1.2,31.773
"4/19/2006",0,5.7,1.5,26.045
"4/20/2006",2.1,7.7,1.8,21.55
"4/21/2006",0.7,8.6,1.9,18.467
"4/22/2006",0,11.3,2.3,16.521
"4/23/2006",1.8,10.4,2.2,14.531
"4/24/2006",21.8,10.2,2.2,9.523
"4/25/2006",1.5,7.2,1.8,17.509
"4/26/2006",4.6,8.4,2,15.431
"4/27/2006",0.3,11.8,2.5,14.276
"4/28/2006",0,13.6,2.8,13.858
"4/29/2006",0,15.2,3,11.994
"4/30/2006",0,17.1,3.3,8.799
"5/1/2006",0,13.9,2.9,8.491
"5/2/2006",0,12.2,2.6,8.538
"5/3/2006",13.1,16.1,3.2,7.016
"5/4/2006",3.8,9.1,2.2,10.185
"5/5/2006",0.5,8.7,2.1,8.867
"5/6/2006",0,10.7,2.5,7.599
"5/7/2006",17.7,14.5,3,6.205
"5/8/2006",7,8.3,2.1,11.478
"5/9/2006",0.5,8.7,2.2,10.691
"5/10/2006",0,10.4,2.4,8.504
"5/11/2006",7.4,12,2.7,8.047
"5/12/2006",2,9.9,2.4,8.267
"5/13/2006",5.9,13.4,2.9,7.263
"5/14/2006",1.1,13.5,3,6.682
"5/15/2006",0,15.1,3.2,6.319
"5/16/2006",8.7,12.7,2.9,4.554
"5/17/2006",6.5,13,3,3.65
"5/18/2006",6,10.3,2.5,4.035
"5/19/2006",6.8,11.4,2.7,3.782
"5/20/2006",1.9,11.7,2.8,3.624
"5/21/2006",3.2,13.8,3.1,3.349
"5/22/2006",15.4,14.7,3.3,2.794
"5/23/2006",0.7,14.3,3.2,6.535
"5/24/2006",8.7,13,3,6.337
"5/25/2006",7.4,13.2,3.1,8.068
"5/26/2006",3.8,12.3,2.9,8.275
"5/27/2006",0,11.7,2.8,8.358
"5/28/2006",0.2,14,3.2,6.4
"5/29/2006",0.1,13.8,3.2,6.789
"5/30/2006",0.4,12.5,3,5.815
"5/31/2006",0,17.2,3.8,5.842
"6/1/2006",0,21.8,4.6,4.553
"6/2/2006",8.3,15.4,3.5,5.191
"6/3/2006",5.6,12.2,3,5.604
"6/4/2006",2.3,10.5,2.7,4.96
"6/5/2006",0,9.9,2.6,4.754
"6/6/2006",0.2,13,3.1,3.911
"6/7/2006",0,16.7,3.8,4.043
"6/8/2006",19.2,17.2,3.9,3.532
"6/9/2006",0.3,10.3,2.7,6.007
"6/10/2006",0.9,10,2.6,4.128
"6/11/2006",3.2,7.6,2.2,3.575
"6/12/2006",0,11.6,2.9,3.804
"6/13/2006",0,15.1,3.5,3.385
"6/14/2006",0,16.2,3.7,3.078
"6/15/2006",0,16.8,3.8,3.039
"6/16/2006",0,17,3.8,2.672
"6/17/2006",0,17.9,4,2.194
"6/18/2006",11.2,19.2,4.2,2.218
"6/19/2006",3.9,16.8,3.8,3.448
"6/20/2006",0.1,15.3,3.5,2.812
"6/21/2006",0,17.4,3.9,2.457
"6/22/2006",0,17.9,4,2.151
"6/23/2006",0,19.1,4.2,1.899
"6/24/2006",2.1,23.2,4.9,1.632
"6/25/2006",19,18.1,4,1.576
"6/26/2006",17.4,15.6,3.6,3.778
"6/27/2006",1.6,16,3.7,6.401
"6/28/2006",0,20.1,4.4,3.629
"6/29/2006",0,22.3,4.8,2.705
"6/30/2006",0,21.4,4.6,2.334
"7/1/2006",10.8,23.8,5,2.221
"7/2/2006",0,21.3,4.6,2.664
"7/3/2006",0,24.5,5.1,2.219
"7/4/2006",11.3,22,4.7,1.883
"7/5/2006",0,18.6,4.1,3.297
"7/6/2006",0,16.6,3.7,1.926
"7/7/2006",0,14.7,3.4,1.593
"7/8/2006",0.1,15.9,3.6,1.451
"7/9/2006",0,14.9,3.4,1.405
"7/10/2006",0,17.3,3.8,1.147
"7/11/2006",0,21.3,4.5,1.146
"7/12/2006",0,23.6,4.8,1.262
"7/13/2006",0,23.4,4.8,1.165
"7/14/2006",0,22.5,4.7,0.988
"7/15/2006",0,21.8,4.6,1.073
"7/16/2006",0,22.9,4.7,0.991
"7/17/2006",13.4,24.2,4.9,0.888
"7/18/2006",9.3,18.2,3.9,1.42
"7/19/2006",3.6,17.3,3.8,1.643
"7/20/2006",0.1,17.1,3.7,1.568
"7/21/2006",0,19.5,4.1,1.311
"7/22/2006",0,20.9,4.3,1.215
"7/23/2006",0.3,21.8,4.4,0.978
"7/24/2006",1.5,21.9,4.4,0.869
"7/25/2006",11.9,19.5,4,0.837
"7/26/2006",0,21.8,4.4,1.788
"7/27/2006",0,24.2,4.8,1.188
"7/28/2006",0.5,22.8,4.5,0.771
"7/29/2006",2.8,20.3,4.1,0.885
"7/30/2006",9.7,22.2,4.4,0.735
"7/31/2006",3.4,19.5,3.9,1.553
"8/1/2006",0,18.3,3.7,2.942
"8/2/2006",0,20,4,1.561
"8/3/2006",0,23.1,4.4,1.234
"8/4/2006",0,24.4,4.6,0.947
"8/5/2006",0,23.8,4.5,0.9
"8/6/2006",12.9,23.7,4.5,0.937
"8/7/2006",0.3,22.3,4.2,4.76
"8/8/2006",0.1,22,4.2,1.973
"8/9/2006",15,22.7,4.2,1.43
"8/10/2006",6.1,18.1,3.5,3.247
"8/11/2006",6.1,16.7,3.3,2.803
"8/12/2006",0,16.6,3.2,2.133
"8/13/2006",7.9,14.8,3,1.697
"8/14/2006",0,14.9,3,2.103
"8/15/2006",0,15.3,3,1.643
"8/16/2006",0,19.5,3.6,1.325
"8/17/2006",0.7,17.4,3.3,1.204
"8/18/2006",2,15.5,3,1.145
"8/19/2006",0,18,3.3,1.176
"8/20/2006",0,19.6,3.5,0.983
"8/21/2006",6.6,21,3.7,0.782
"8/22/2006",0.3,21.1,3.7,1.216
"8/23/2006",0.7,19.9,3.5,0.98
"8/24/2006",0.2,15.6,2.9,0.627
"8/25/2006",8.1,14.3,2.7,0.76
"8/26/2006",0.7,16.3,2.9,1.143
"8/27/2006",0,18.8,3.2,1.154
"8/28/2006",0,17.5,3,0.831
"8/29/2006",0,16.5,2.9,0.681
"8/30/2006",2.6,17.5,3,0.627
"8/31/2006",7.8,18.6,3.1,0.582
"9/1/2006",1.8,15.7,2.7,0.876
"9/2/2006",1.8,12.5,2.3,0.909
"9/3/2006",0,12.4,2.3,0.896
"9/4/2006",0,14.3,2.5,0.771
"9/5/2006",0.5,15.8,2.6,0.768
"9/6/2006",0.1,19,3,0.556
"9/7/2006",46,14.1,2.4,4.817
"9/8/2006",4.8,11.3,2,5.932
"9/9/2006",1.1,13,2.2,2.236
"9/10/2006",0,15.2,2.4,1.728
"9/11/2006",5,16.5,2.6,1.882
"9/12/2006",13.1,15.7,2.5,1.957
"9/13/2006",26,12.9,2.1,3.115
"9/14/2006",7,10.5,1.8,8.098
"9/15/2006",3.4,10,1.7,6.6
"9/16/2006",19.2,7.8,1.5,7.362
"9/17/2006",2.5,7.2,1.4,11.466
"9/18/2006",1.9,6.5,1.3,9.148
"9/19/2006",1,7.6,1.4,7.779
"9/20/2006",16.9,9.8,1.6,7.979
"9/21/2006",3.1,10,1.6,11.309
"9/22/2006",7.3,13,1.9,8.7
"9/23/2006",4.9,15.4,2.2,9.104
"9/24/2006",0,15.4,2.2,8.376
"9/25/2006",0,14.3,2,6.808
"9/26/2006",0.4,13.2,1.9,6.03
"9/27/2006",1.6,12.9,1.8,5.136
"9/28/2006",0,13,1.8,4.756
"9/29/2006",9.7,13.1,1.8,4.281
"9/30/2006",3.1,14.5,1.9,5.681
"10/1/2006",6.1,15.8,2,5.049
"10/2/2006",10.4,14.8,1.9,4.996
"10/3/2006",2.5,12.5,1.6,7.915
"10/4/2006",0,8.2,1.2,6.487
"10/5/2006",0,5.5,1,5.413
"10/6/2006",0,5.1,0.9,4.798
"10/7/2006",0,5.1,0.9,4.43
"10/8/2006",0,5.9,1,4.173
"10/9/2006",0,8.8,1.2,3.831
"10/10/2006",0,12.2,1.5,3.597
"10/11/2006",0,14.1,1.6,3.292
"10/12/2006",1.4,14.9,1.7,3.061
"10/13/2006",0,13.9,1.6,2.823
"10/14/2006",0,14.8,1.6,2.594
"10/15/2006",0,12.9,1.4,2.44
"10/16/2006",0,11.5,1.3,2.432
"10/17/2006",0.1,9,1.1,2.339
"10/18/2006",0,10.3,1.2,2.233
"10/19/2006",32.3,10,1.1,2.838
"10/20/2006",20.2,10,1.1,9.201
"10/21/2006",0.1,9.9,1.1,10.851
"10/22/2006",9.3,12.3,1.3,7.832
"10/23/2006",3.2,11.1,1.2,8.765
"10/24/2006",2.3,9.6,1,7.488
"10/25/2006",10.1,9.4,1,7.675
"10/26/2006",4.6,7.2,0.8,11.052
"10/27/2006",10.4,7.7,0.9,10.724
"10/28/2006",4.4,7.1,0.8,11.792
"10/29/2006",0.9,7.1,0.8,12.122
"10/30/2006",0,12.4,1.1,10.649
"10/31/2006",2,13.3,1.2,9.558
"11/1/2006",0,9.7,1,8.828
"11/2/2006",0,10.9,1,7.892
"11/3/2006",0.3,13.4,1.1,7.089
"11/4/2006",21.2,13.6,1.1,7.204
"11/5/2006",14.9,11.1,1,16.381
"11/6/2006",0,7.4,0.7,17.821
"11/7/2006",0,7.1,0.7,15.979
"11/8/2006",0,8.5,0.8,12.612
"11/9/2006",7.1,8.7,0.8,13.301
"11/10/2006",13.9,8.1,0.7,10.268
"11/11/2006",0.8,7.3,0.7,13.745
"11/12/2006",1.4,7,0.7,11.132
"11/13/2006",1.3,7.5,0.7,12.056
"11/14/2006",0,7.8,0.7,8.788
"11/15/2006",3.3,10.5,0.8,10.457
"11/16/2006",1.3,8.7,0.7,8.138
"11/17/2006",1.6,6.8,0.6,9.608
"11/18/2006",35.8,8,0.7,6.541
"11/19/2006",0.2,11.1,0.8,28.477
"11/20/2006",0,11.6,0.8,23.845
"11/21/2006",0.4,9.4,0.7,20.084
"11/22/2006",0.1,7.3,0.6,16.986
"11/23/2006",0,5.9,0.5,14.959
"11/24/2006",0,7.1,0.6,10.833
"11/25/2006",0,7.2,0.6,10.503
"11/26/2006",0.3,5.9,0.5,7.128
"11/27/2006",1.7,7.5,0.6,6.88
"11/28/2006",0,5.8,0.5,6.254
"11/29/2006",0,6.4,0.5,5.955
"11/30/2006",0,5,0.4,6.258
"12/1/2006",0,4.6,0.4,5.649
"12/2/2006",0,8.1,0.6,7.037
"12/3/2006",0.3,10,0.7,4.48
"12/4/2006",5.1,12.3,0.8,3.034
"12/5/2006",3.4,9.7,0.6,6.037
"12/6/2006",0,5.4,0.5,4.916
"12/7/2006",1.5,6.1,0.5,4.461
"12/8/2006",5,6.9,0.5,3.8
"12/9/2006",12.4,9.5,0.6,6.33
"12/10/2006",0.4,8.4,0.6,8.036
"12/11/2006",1.1,8.4,0.6,5.106
"12/12/2006",0.1,6.7,0.5,6.353
"12/13/2006",0.2,4.6,0.4,5.372
"12/14/2006",2.1,4.8,0.4,4.96
"12/15/2006",0.1,0,0.2,4.816
"12/16/2006",0.1,2.1,0.3,5.155
"12/17/2006",0.1,3.4,0.3,4.082
"12/18/2006",3.1,4,0.4,3.671
"12/19/2006",2.4,3.7,0.4,4.67
"12/20/2006",4.3,2,0.3,4.29
"12/21/2006",0.4,0,0.2,5.234
"12/22/2006",0,-1.4,0.1,4.24
"12/23/2006",0,-1.5,0.2,4.836
"12/24/2006",0.1,-2.9,0.1,4.244
"12/25/2006",0,-3.3,0.1,2.732
"12/26/2006",1.5,0.5,0.2,3.434
"12/27/2006",5.9,6.5,0.5,3.613
"12/28/2006",0,8.4,0.5,4.889
"12/29/2006",9.2,6.5,0.5,3.741
"12/30/2006",15.3,6.6,0.5,6.245
"12/31/2006",8.8,4.5,0.4,10.689
"1/1/2007",5.6,0.5,0.2,12.869
"1/2/2007",1.3,-2.7,0.1,11.516
"1/3/2007",0.6,-2.4,0.1,10.77
"1/4/2007",0,-5.9,0,8.805
"1/5/2007",4.9,-8.6,0,8.551
"1/6/2007",10.2,-1.5,0.2,9.21
"1/7/2007",2.2,-0.2,0.2,6.524
"1/8/2007",11.1,-0.6,0.2,6.956
"1/9/2007",3.4,1.5,0.3,11.103
"1/10/2007",17.1,4.3,0.4,16.618
"1/11/2007",6.3,3.7,0.4,40.707
"1/12/2007",2,-1.2,0.2,38.585
"1/13/2007",0.5,-2.3,0.1,28.761
"1/14/2007",0.4,-1,0.2,22.422
"1/15/2007",0,0.9,0.3,19.012
"1/16/2007",0,1.7,0.3,16.71
"1/17/2007",0,5.3,0.5,14.686
"1/18/2007",20.6,4.5,0.5,14.424
"1/19/2007",0.9,2.8,0.4,17.525
"1/20/2007",6.1,4.4,0.5,16.957
"1/21/2007",0.5,4.8,0.5,15.341
"1/22/2007",1.2,9.4,0.7,12.092
"1/23/2007",15,7.2,0.6,13.116
"1/24/2007",4.9,4.3,0.5,19.22
"1/25/2007",0.4,10.3,0.8,18.356
"1/26/2007",8.4,6.3,0.6,18.357
"1/27/2007",0.2,3.1,0.4,18.242
"1/28/2007",3.2,7.1,0.6,16.6
"1/29/2007",9,7.4,0.7,15.785
"1/30/2007",4.3,6.1,0.6,17.212
"1/31/2007",0,2.3,0.4,16.647
"2/1/2007",3.5,6.6,0.7,15.643
"2/2/2007",0.6,4.8,0.5,13.795
"2/3/2007",0,3.1,0.5,12.945
"2/4/2007",7.5,5.9,0.6,10.188
"2/5/2007",3.6,8.4,0.8,11.602
"2/6/2007",0.1,7.6,0.8,11.503
"2/7/2007",0,8.9,0.9,10.282
"2/8/2007",9.8,7.8,0.8,9.753
"2/9/2007",1.3,5.2,0.6,11.369
"2/10/2007",4.5,5.1,0.6,12.398
"2/11/2007",4,7.2,0.8,10.337
"2/12/2007",0,8.2,0.9,10.965
"2/13/2007",8.8,7.3,0.8,9.704
"2/14/2007",1.3,5.6,0.7,12.216
"2/15/2007",6.4,11.4,1.1,11.109
"2/16/2007",4.4,7.2,0.9,10.681
"2/17/2007",25,6,0.8,12.224
"2/18/2007",1.9,2.3,0.5,21.65
"2/19/2007",0,4.4,0.7,20.715
"2/20/2007",0,9.6,1.1,18.308
"2/21/2007",4,5.8,0.8,15.829
"2/22/2007",0.1,1,0.4,15.116
"2/23/2007",6.2,2.3,0.6,13.701
"2/24/2007",14.9,7.1,1,13.795
"2/25/2007",12.1,7.7,1,19.102
"2/26/2007",3.6,1.7,0.5,22.149
"2/27/2007",0,0.1,0.4,20.412
"2/28/2007",0,3.1,0.7,18.04
"3/1/2007",0.1,5.5,0.9,16.211
"3/2/2007",3.5,5.6,0.9,15.378
"3/3/2007",8.5,2.9,0.7,15.683
"3/4/2007",0.8,-0.3,0.4,12.081
"3/5/2007",13,2.1,0.6,10.157
"3/6/2007",3,1.8,0.6,13.935
"3/7/2007",1.2,2.2,0.7,13.312
"3/8/2007",2.4,3.5,0.8,12.562
"3/9/2007",0,2.8,0.7,11.457
"3/10/2007",0,6.1,1,10.866
"3/11/2007",0,9.1,1.3,6.081
"3/12/2007",0,8.8,1.3,8.543
"3/13/2007",0,6.1,1.1,8.3
"3/14/2007",0.8,4,0.9,8.427
"3/15/2007",7.6,3.5,0.8,6.443
"3/16/2007",0,3.3,0.9,6.405
"3/17/2007",6.3,8.2,1.3,5.429
"3/18/2007",5.7,9.4,1.5,6.992
"3/19/2007",14.9,7.9,1.3,9.416
"3/20/2007",0.4,2.5,0.8,11.803
"3/21/2007",0,1.7,0.7,12.902
"3/22/2007",0,2.3,0.8,9.089
"3/23/2007",0,5.6,1.2,8.913
"3/24/2007",0,9.7,1.6,9.734
"3/25/2007",0.7,7.4,1.4,6.626
"3/26/2007",1.3,8.1,1.5,7.938
"3/27/2007",11.2,4.1,1,6.646
"3/28/2007",10.3,0.4,0.6,9.555
"3/29/2007",3.7,2.9,0.9,9.985
"3/30/2007",0.1,0.3,0.6,10.893
"3/31/2007",1.3,1,0.7,7.998
"4/1/2007",0.8,6.5,1.4,6.236
"4/2/2007",0,9.9,1.8,6.971
"4/3/2007",0,12.2,2.1,6.195
"4/4/2007",0,13.8,2.3,6.237
"4/5/2007",0,12,2.1,6.282
"4/6/2007",0,10.6,2,5.431
"4/7/2007",0,9.8,1.9,4.816
"4/8/2007",0,8.2,1.7,3.455
"4/9/2007",0,4.6,1.3,3.433
"4/10/2007",0,6,1.4,3.436
"4/11/2007",0,7.8,1.7,3.523
"4/12/2007",0,9.9,2,3.355
"4/13/2007",0,7.2,1.6,3.092
"4/14/2007",0,6.2,1.5,2.694
"4/15/2007",3.4,6.4,1.5,2.98
"4/16/2007",0,5,1.4,2.232
"4/17/2007",0.2,7.9,1.8,2.565
"4/18/2007",0.4,9.9,2.1,2.506
"4/19/2007",7.8,6.3,1.6,2.426
"4/20/2007",0.3,4.7,1.4,2.738
"4/21/2007",8.1,5.4,1.5,2.446
"4/22/2007",0.4,7.6,1.8,2.459
"4/23/2007",5.3,6.6,1.7,2.362
"4/24/2007",7.8,5.5,1.5,2.588
"4/25/2007",20.4,5.5,1.5,3.413
"4/26/2007",13.8,7,1.8,5.861
"4/27/2007",4.1,8.7,2,7.85
"4/28/2007",1.3,10.8,2.3,9.382
"4/29/2007",8.4,11.8,2.5,9.549
"4/30/2007",1.8,9.3,2.1,9.399
"5/1/2007",0,10.5,2.4,8.502
"5/2/2007",0,13.9,2.9,7.69
"5/3/2007",0,16.6,3.3,6.994
"5/4/2007",0,17.4,3.4,6.095
"5/5/2007",0,17.7,3.5,5.347
"5/6/2007",0,18.2,3.6,4.604
"5/7/2007",2.2,16,3.3,4.382
"5/8/2007",0,17.7,3.6,4.269
"5/9/2007",0,13.2,2.9,3.659
"5/10/2007",0,11.2,2.5,3.34
"5/11/2007",2.4,10.8,2.5,3.132
"5/12/2007",16.4,10.6,2.5,3.222
"5/13/2007",20.9,3,1.3,3.873
"5/14/2007",0,4.6,1.5,6.22
"5/15/2007",4.3,6.4,1.8,6.386
"5/16/2007",6.2,10.6,2.5,6.341
"5/17/2007",6.1,11.1,2.6,6.88
"5/18/2007",4.8,9.4,2.4,6.874
"5/19/2007",0.2,7.3,2,7.226
"5/20/2007",0,8.4,2.2,6.491
"5/21/2007",0,10.1,2.5,5.803
"5/22/2007",0,12.6,2.9,5.272
"5/23/2007",0,15.5,3.4,5.046
"5/24/2007",0.1,15.6,3.4,4.43
"5/25/2007",9.5,14.1,3.2,3.892
"5/26/2007",0.3,12.2,2.9,4.358
"5/27/2007",0,16,3.6,3.996
"5/28/2007",14.8,20.3,4.3,3.407
"5/29/2007",6.7,13.3,3.1,3.455
"5/30/2007",1,12,2.9,4.45
"5/31/2007",21.1,9.9,2.6,4.171
"6/1/2007",0,11.8,2.9,5.89
"6/2/2007",0.1,12.8,3,7.144
"6/3/2007",5.4,13,3.1,7.62
"6/4/2007",1.5,13.1,3.1,7.879
"6/5/2007",0.1,11.5,2.8,7.326
"6/6/2007",0,11.9,2.9,6.664
"6/7/2007",0,13.3,3.2,5.823
"6/8/2007",11.6,13.2,3.1,5.192
"6/9/2007",0,12.7,3.1,5.29
"6/10/2007",1.5,11.3,2.8,5.04
"6/11/2007",1.6,9.6,2.5,4.313
"6/12/2007",1.9,10.7,2.7,4.313
"6/13/2007",1.2,9.6,2.5,3.911
"6/14/2007",0,9.7,2.5,3.646
"6/15/2007",0,11.1,2.8,3.58
"6/16/2007",0,13.6,3.2,3.458
"6/17/2007",4.2,16.8,3.8,3.13
"6/18/2007",4.3,14.7,3.5,2.764
"6/19/2007",0,17.7,3.9,2.947
"6/20/2007",7.4,20.3,4.4,2.501
"6/21/2007",3,19.8,4.3,2.25
"6/22/2007",0,16.2,3.7,2.25
"6/23/2007",0,11,2.8,2.24
"6/24/2007",0.6,12.7,3.1,2.073
"6/25/2007",0,15,3.5,1.784
"6/26/2007",0,18.1,4,1.677
"6/27/2007",0.5,20,4.4,1.555
"6/28/2007",3.8,21.7,4.6,1.438
"6/29/2007",0,21.2,4.5,1.407
"6/30/2007",1,22.5,4.8,1.4
"7/1/2007",6.9,20.4,4.4,1.366
"7/2/2007",17.6,19.3,4.2,1.407
"7/3/2007",5.3,16.3,3.7,1.517
"7/4/2007",0.4,14.8,3.4,1.815
"7/5/2007",0,16,3.6,1.89
"7/6/2007",0,16.8,3.8,1.768
"7/7/2007",0,19.2,4.2,1.562
"7/8/2007",0.3,21.4,4.5,1.39
"7/9/2007",0,23.6,4.9,1.232
"7/10/2007",5.3,23.2,4.8,1.067
"7/11/2007",8.2,18.4,4,0.916
"7/12/2007",0,19.1,4.1,1.144
"7/13/2007",13.6,19.3,4.1,1.28
"7/14/2007",0.4,18.3,4,1.502
"7/15/2007",6.6,18.6,4,1.625
"7/16/2007",0.1,17,3.7,1.728
"7/17/2007",0,18.4,3.9,1.728
"7/18/2007",0,19.3,4.1,1.674
"7/19/2007",0,21.8,4.5,1.291
"7/20/2007",0,25.8,5.1,1.133
"7/21/2007",0,27.1,5.3,1.012
"7/22/2007",1.6,19.4,4,0.752
"7/23/2007",0,17.2,3.7,0.624
"7/24/2007",0,19,4,0.615
"7/25/2007",0,23.6,4.7,0.613
"7/26/2007",8.8,22.8,4.6,0.563
"7/27/2007",0,19,3.9,0.512
"7/28/2007",0,18.3,3.8,0.508
"7/29/2007",0,20.3,4.1,0.508
"7/30/2007",0,21.1,4.2,0.462
"7/31/2007",2.8,20.8,4.1,0.389
"8/1/2007",0,21.9,4.3,0.336
"8/2/2007",0,23.6,4.5,0.325
"8/3/2007",0,22.6,4.3,0.32
"8/4/2007",0,22.9,4.4,0.263
"8/5/2007",0.9,22.6,4.3,0.212
"8/6/2007",11.7,18.5,3.7,0.266
"8/7/2007",6.6,16.6,3.3,0.293
"8/8/2007",8.4,14.2,3,0.332
"8/9/2007",0,15.6,3.1,0.453
"8/10/2007",0,19.1,3.7,0.546
"8/11/2007",9.2,19.4,3.7,0.606
"8/12/2007",0.4,21.6,4,0.669
"8/13/2007",1.8,19.4,3.6,0.774
"8/14/2007",0,17.6,3.4,0.733
"8/15/2007",0,16.7,3.2,0.629
"8/16/2007",0,18.3,3.4,0.602
"8/17/2007",0,18.1,3.4,0.509
"8/18/2007",0,17.9,3.3,0.421
"8/19/2007",0,19.7,3.6,0.41
"8/20/2007",0.7,19.3,3.5,0.41
"8/21/2007",0.4,19.2,3.4,0.41
"8/22/2007",0.1,18.6,3.3,0.41
"8/23/2007",14.7,18.7,3.3,0.413
"8/24/2007",2.8,17.1,3.1,0.438
"8/25/2007",0.3,16.5,3,0.469
"8/26/2007",0,17.3,3.1,0.495
"8/27/2007",4.4,15.9,2.8,0.425
"8/28/2007",0,12.4,2.3,0.421
"8/29/2007",1.1,12.8,2.4,0.47
"8/30/2007",0.2,11.7,2.2,0.356
"8/31/2007",0.3,11.1,2.1,0.398
"9/1/2007",0,11.6,2.2,0.398
"9/2/2007",0.3,12.3,2.3,0.335
"9/3/2007",5.4,12.7,2.3,0.328
"9/4/2007",0,11.6,2.1,0.383
"9/5/2007",0.3,12.8,2.3,0.335
"9/6/2007",2.4,15.6,2.6,0.325
"9/7/2007",12.9,16.6,2.7,0.335
"9/8/2007",4.1,14.4,2.4,0.387
"9/9/2007",0.1,14.3,2.3,0.335
"9/10/2007",17.9,16.4,2.6,0.355
"9/11/2007",2.1,14.9,2.4,0.587
"9/12/2007",15.8,12.1,2,0.89
"9/13/2007",0,11.6,1.9,0.982
"9/14/2007",1.5,11.8,2,1.02
"9/15/2007",5.1,11.9,2,1.06
"9/16/2007",2.9,11.5,1.9,1.249
"9/17/2007",11.7,12.5,2,1.35
"9/18/2007",19.3,12.1,1.9,2
"9/19/2007",13.6,11.6,1.9,6.2
"9/20/2007",5.4,10.1,1.7,7.1
"9/21/2007",0.2,9.8,1.6,5.7
"9/22/2007",0,10.3,1.6,4.8
"9/23/2007",0,11.1,1.7,4
"9/24/2007",10.6,11.7,1.7,4.7
"9/25/2007",0.7,7.9,1.3,4.8
"9/26/2007",0,9.3,1.5,3.1
"9/27/2007",3.6,11.2,1.6,2.6
"9/28/2007",0,8.6,1.4,2.4
"9/29/2007",0,6.3,1.1,3.063
"9/30/2007",0.3,8.8,1.3,2.827
"10/1/2007",0.6,12.8,1.7,2.988
"10/2/2007",4.7,14.9,1.9,3.134
"10/3/2007",0.4,16.5,2,2.627
"10/4/2007",14.6,16.8,2,2.632
"10/5/2007",6.2,12.1,1.6,3.262
"10/6/2007",0,12,1.5,3.939
"10/7/2007",0,13.7,1.7,2.879
"10/8/2007",0,14.4,1.7,2.137
"10/9/2007",0,16,1.8,2.068
"10/10/2007",0,15.6,1.8,2.068
"10/11/2007",0,14.9,1.7,2.065
"10/12/2007",0,14.5,1.6,1.89
"10/13/2007",0.4,14.2,1.6,1.677
"10/14/2007",2.8,14.6,1.6,1.772
"10/15/2007",1,13.8,1.5,1.728
"10/16/2007",0,12.5,1.4,1.648
"10/17/2007",0,13,1.4,1.506
"10/18/2007",0.5,13.4,1.4,1.25
"10/19/2007",0.1,13.7,1.4,1.083
"10/20/2007",0,9.2,1.1,1.188
"10/21/2007",0,7.9,1,1.367
"10/22/2007",0,8.5,1,1.432
"10/23/2007",0,11.7,1.2,1.183
"10/24/2007",0.1,12.9,1.3,1.058
"10/25/2007",1.8,12.5,1.2,0.98
"10/26/2007",0.5,14.1,1.3,1.119
"10/27/2007",3.6,15.5,1.4,1.119
"10/28/2007",3.9,14.4,1.3,1.376
"10/29/2007",4.1,13.1,1.2,1.296
"10/30/2007",1.8,11.5,1.1,1.583
"10/31/2007",0.1,10.6,1,1.811
"11/1/2007",1.4,8.8,0.9,1.566
"11/2/2007",0.5,5.5,0.7,1.323
"11/3/2007",0.4,5,0.6,1.562
"11/4/2007",0,1.6,0.4,1.466
"11/5/2007",0,-1.6,0.2,1.16
"11/6/2007",0,-0.7,0.2,1.187
"11/7/2007",0,2.9,0.5,1.277
"11/8/2007",0,3,0.5,1.35
"11/9/2007",0,3.7,0.5,1.673
"11/10/2007",0.3,10.7,0.9,1.654
"11/11/2007",0,14.3,1.1,1.479
"11/12/2007",15.5,12.6,1,1.074
"11/13/2007",0,7.2,0.7,2.002
"11/14/2007",0,6.7,0.6,2.068
"11/15/2007",5.4,9,0.7,1.968
"11/16/2007",6,11.1,0.8,2.228
"11/17/2007",12.1,6.4,0.6,3.401
"11/18/2007",0,-1.3,0.2,4.726
"11/19/2007",0,-2.4,0.1,3.981
"11/20/2007",0,0.2,0.3,3.108
"11/21/2007",1.4,3.7,0.4,2.282
"11/22/2007",0.7,6,0.5,2.199
"11/23/2007",0.9,6.2,0.5,1.808
"11/24/2007",0,6.8,0.6,1.585
"11/25/2007",0,8.2,0.6,1.714
"11/26/2007",18.5,7.2,0.6,1.911
"11/27/2007",0,3.4,0.4,3.509
"11/28/2007",0,1.5,0.3,3.511
"11/29/2007",0,0.5,0.3,3.308
"11/30/2007",0,2.8,0.3,2.545
"12/1/2007",0.1,3.6,0.4,3.041
"12/2/2007",3,4.5,0.4,2.779
"12/3/2007",1.2,6.1,0.5,2.557
"12/4/2007",0,2.3,0.3,3.13
"12/5/2007",0,-1.7,0.2,3.008
"12/6/2007",1.8,-2.1,0.1,2.792
"12/7/2007",3.5,-1.3,0.2,2.662
"12/8/2007",1.4,2.9,0.3,2.814
"12/9/2007",0,4.7,0.4,2.647
"12/10/2007",0,0.8,0.2,2.345
"12/11/2007",0,-1.2,0.1,2.273
"12/12/2007",0,-2,0.1,2.257
"12/13/2007",2.6,-3,0.1,2.038
"12/14/2007",1.1,-4.4,0,1.597
"12/15/2007",0.6,-2.8,0.1,1.572
"12/16/2007",12.4,2.3,0.3,1.831
"12/17/2007",6,5.8,0.4,2.571
"12/18/2007",0,2.6,0.3,5.099
"12/19/2007",0,0.4,0.2,4.605
"12/20/2007",0.3,5.3,0.4,4.705
"12/21/2007",0.1,6.7,0.5,3.453
"12/22/2007",1.1,10,0.6,2.401
"12/23/2007",6.4,10.1,0.6,2.062
"12/24/2007",5.4,10.4,0.6,2.264
"12/25/2007",16,8.1,0.5,3.674
"12/26/2007",7.6,-0.7,0.2,9.188
"12/27/2007",0.3,-4.1,0,9.26
"12/28/2007",1.9,-3.4,0.1,7.659
"12/29/2007",3.3,0.1,0.2,7.688
"12/30/2007",8,5.5,0.4,6.613
"12/31/2007",14.5,6.9,0.5,10.979
"1/1/2008",8.6,5.7,0.5,18.188
"1/2/2008",20.1,5.6,0.5,20.819
"1/3/2008",0,2.1,0.3,34.496
"1/4/2008",0,1.6,0.3,25.4
"1/5/2008",10.6,5.4,0.4,20.765
"1/6/2008",4,5.9,0.5,22.601
"1/7/2008",3.6,7,0.5,19.513
"1/8/2008",0.3,5.3,0.4,17.368
"1/9/2008",3.7,8.7,0.6,12.991
"1/10/2008",7.6,6.1,0.5,12.707
"1/11/2008",1.2,7.3,0.6,13.571
"1/12/2008",4.1,6.2,0.5,10.23
"1/13/2008",0.3,5.2,0.5,9.008
"1/14/2008",0.2,6.3,0.5,6.985
"1/15/2008",0,6.5,0.5,10.682
"1/16/2008",0,1.9,0.3,6.256
"1/17/2008",0,0.8,0.3,6.161
"1/18/2008",0,-0.3,0.2,5.61
"1/19/2008",0,-1.3,0.2,5.909
"1/20/2008",0,1.1,0.3,4.768
"1/21/2008",0,5.7,0.5,3.26
"1/22/2008",1.3,6.6,0.6,5.285
"1/23/2008",0.4,8.1,0.7,4.166
"1/24/2008",0,4.3,0.5,4.057
"1/25/2008",1.1,2.6,0.4,3.44
"1/26/2008",0.7,4,0.5,3.642
"1/27/2008",0,4.1,0.5,3.223
"1/28/2008",5.2,2,0.4,2.54
"1/29/2008",0,2.9,0.4,4.834
"1/30/2008",0,-0.6,0.2,3.088
"1/31/2008",0,-1.8,0.2,2.838
"2/1/2008",2,0.6,0.3,2.855
"2/2/2008",3.6,3.7,0.5,2.797
"2/3/2008",0.2,0.5,0.3,2.89
"2/4/2008",0.8,-1.9,0.2,2.619
"2/5/2008",0.6,-5.3,0,2.54
"2/6/2008",7.4,-2,0.2,2.473
"2/7/2008",12.4,0.8,0.4,2.99
"2/8/2008",0.9,-1.1,0.3,4.054
"2/9/2008",0,-0.9,0.3,3.858
"2/10/2008",0.4,3.4,0.6,3.494
"2/11/2008",3.3,3.1,0.6,4.106
"2/12/2008",13.7,4.5,0.6,5.683
"2/13/2008",4.4,1.7,0.5,11.159
"2/14/2008",1.3,-1.3,0.2,11.848
"2/15/2008",0,-1.7,0.2,8.557
"2/16/2008",1.7,-0.4,0.3,10.469
"2/17/2008",0.3,3.2,0.6,6.344
"2/18/2008",8.2,3.4,0.6,6.516
"2/19/2008",5.4,0.3,0.4,10.989
"2/20/2008",6,-4.6,0.1,8.284
"2/21/2008",2.4,-5,0,9.103
"2/22/2008",1.2,-6.7,0,7.252
"2/23/2008",1.9,-2.3,0.2,9.516
"2/24/2008",0,0.3,0.4,5.764
"2/25/2008",0,5.3,0.8,5.203
"2/26/2008",5.2,5.4,0.8,9.297
"2/27/2008",7.6,3.5,0.7,10.54
"2/28/2008",0,5.1,0.8,15.694
"2/29/2008",0,3.6,0.7,12.939
"3/1/2008",2,0.7,0.5,13.023
"3/2/2008",0.4,0.6,0.5,10.165
"3/3/2008",0.1,-1.9,0.3,10.61
"3/4/2008",0,-1.4,0.3,8.006
"3/5/2008",0.3,0.2,0.4,9.65
"3/6/2008",0.2,-0.5,0.4,6.043
"3/7/2008",0.1,-0.2,0.4,5.91
"3/8/2008",0,4.9,0.9,4.993
"3/9/2008",0,5.4,1,5.137
"3/10/2008",0,4,0.8,5.202
"3/11/2008",0,0.6,0.5,4.824
"3/12/2008",0,-0.5,0.4,4.677
"3/13/2008",0,2.2,0.7,4.134
"3/14/2008",5.8,4.1,0.9,5.083
"3/15/2008",1.8,6.3,1.2,4.226
"3/16/2008",3.1,4.6,1,5.332
"3/17/2008",0.7,4.4,1,4.398
"3/18/2008",0.2,3.7,0.9,5.528
"3/19/2008",0,4,1,3.958
"3/20/2008",0.9,4.7,1,6.485
"3/21/2008",1.8,7.9,1.4,4.365
"3/22/2008",0,9.6,1.6,5.869
"3/23/2008",0,11.7,1.8,3.834
"3/24/2008",0,12.7,2,3.055
"3/25/2008",0,13.3,2,6.157
"3/26/2008",21,9.9,1.7,5.059
"3/27/2008",1,2.8,0.9,11.302
"3/28/2008",0,2,0.8,6.908
"3/29/2008",0,2.3,0.9,7.624
"3/30/2008",0,2,0.8,6.674
"3/31/2008",0,1.4,0.8,5.53
"4/1/2008",10.4,0.2,0.6,6.873
"4/2/2008",0.1,1.4,0.8,7.903
"4/3/2008",0,0.2,0.6,5.411
"4/4/2008",0,0.6,0.7,6.229
"4/5/2008",0,3.6,1.1,4.522
"4/6/2008",0,8.2,1.6,4.171
"4/7/2008",0,9.1,1.8,3.79
"4/8/2008",0,6.8,1.5,4.32
"4/9/2008",0,6.7,1.5,3.484
"4/10/2008",0.7,9.2,1.9,4.122
"4/11/2008",0.1,9.5,1.9,3.694
"4/12/2008",0,8.5,1.8,2.983
"4/13/2008",5.6,8,1.7,3.066
"4/14/2008",0,8.2,1.8,3.276
"4/15/2008",0,7.7,1.7,3.327
"4/16/2008",0.6,9.6,2,2.92
"4/17/2008",10.2,8.4,1.8,3.499
"4/18/2008",0,9.1,2,3.885
"4/19/2008",0,12.8,2.5,3.273
"4/20/2008",0,13.5,2.6,2.617
"4/21/2008",0,15.3,2.9,2.433
"4/22/2008",5.8,14.5,2.8,2.709
"4/23/2008",5.9,8.6,1.9,2.598
"4/24/2008",0,8.8,2,3.211
"4/25/2008",0,9.2,2.1,2.626
"4/26/2008",0,11.8,2.5,2.102
"4/27/2008",0.3,13,2.7,2.16
"4/28/2008",9,13,2.6,2.218
"4/29/2008",8.7,10.3,2.3,4.186
"4/30/2008",1.3,9.8,2.2,5.335
"5/1/2008",3.4,8.5,2,2.801
"5/2/2008",4.1,6.6,1.7,2.502
"5/3/2008",5.4,6.8,1.8,3.286
"5/4/2008",0,8.5,2.1,3.408
"5/5/2008",0,10.7,2.4,3.755
"5/6/2008",0,14,2.9,3.501
"5/7/2008",1.3,13.2,2.9,3.344
"5/8/2008",15.9,12.7,2.8,3.677
"5/9/2008",5.2,7.3,1.9,7.689
"5/10/2008",0.1,6.2,1.8,6.918
"5/11/2008",0.4,8.8,2.2,5.33
"5/12/2008",4.7,6.6,1.9,5.759
"5/13/2008",1.2,5.9,1.8,6.361
"5/14/2008",0,7.9,2.1,6.28
"5/15/2008",0,12,2.8,4.985
"5/16/2008",12.7,14.5,3.2,6.162
"5/17/2008",16.6,14.1,3.1,10.541
"5/18/2008",27.5,12.9,2.9,14.365
"5/19/2008",3.2,8.6,2.2,23.783
"5/20/2008",1.1,9.7,2.4,20.797
"5/21/2008",4.8,8.7,2.3,16.973
"5/22/2008",0.1,11.5,2.8,14.636
"5/23/2008",0.3,14.6,3.3,11.449
"5/24/2008",1.3,17.3,3.7,9.543
"5/25/2008",6.5,14.1,3.2,7.982
"5/26/2008",1.2,14.7,3.3,8.765
"5/27/2008",4.6,11.9,2.8,7.164
"5/28/2008",0,11.4,2.8,7.104
"5/29/2008",0,13.8,3.2,6.393
"5/30/2008",0,18.9,4.1,5.872
"5/31/2008",13.4,17,3.8,4.953
"6/1/2008",6,11.9,2.9,5.791
"6/2/2008",19.1,9.6,2.5,6.818
"6/3/2008",1.1,11.9,2.9,10.324
"6/4/2008",0,15.5,3.5,8.024
"6/5/2008",0,18.6,4.1,6.935
"6/6/2008",0,22.2,4.7,7.231
"6/7/2008",0,22.6,4.7,4.903
"6/8/2008",2,19.5,4.2,4.548
"6/9/2008",0.6,19.6,4.3,4.181
"6/10/2008",0.3,21,4.5,3.923
"6/11/2008",0,22.5,4.8,4.343
"6/12/2008",0,20,4.3,2.761
"6/13/2008",0,16.3,3.7,3.186
"6/14/2008",0,16.3,3.7,2.643
"6/15/2008",0,17.1,3.8,2.267
"6/16/2008",0,18,4,2.062
"6/17/2008",0,19.2,4.2,1.959
"6/18/2008",0,20.5,4.4,1.9
"6/19/2008",0.2,20.3,4.4,1.748
"6/20/2008",0.7,16.9,3.8,1.607
"6/21/2008",34.8,14.3,3.4,1.918
"6/22/2008",1,9.5,2.6,6.962
"6/23/2008",7.6,8.3,2.3,3.163
"6/24/2008",0.2,9.7,2.6,3.587
"6/25/2008",0,10.9,2.8,2.529
"6/26/2008",0,13.7,3.2,2.281
"6/27/2008",0,16.3,3.7,2.254
"6/28/2008",0,18.8,4.1,1.889
"6/29/2008",0.3,16,3.7,1.592
"6/30/2008",0.1,16.3,3.7,1.414
"7/1/2008",1.7,14.7,3.4,1.388
"7/2/2008",0,13,3.1,1.283
"7/3/2008",0.2,16.5,3.7,1.288
"7/4/2008",0.6,18.4,4.1,1.31
"7/5/2008",28.1,15.3,3.5,1.477
"7/6/2008",0.6,12.9,3.1,3.111
"7/7/2008",48.2,9.8,2.5,3.27
"7/8/2008",1.3,10.8,2.7,15.16
"7/9/2008",0.1,13.6,3.2,8.581
"7/10/2008",1.8,14.3,3.3,5.936
"7/11/2008",0,15.7,3.5,5.342
"7/12/2008",0,17.7,3.9,4.686
"7/13/2008",0,18.7,4,4.09
"7/14/2008",0,20.7,4.3,3.704
"7/15/2008",0,20.9,4.4,3.563
"7/16/2008",0,20.1,4.2,3.209
"7/17/2008",0,18.1,3.9,2.968
"7/18/2008",0,18.1,3.8,2.461
"7/19/2008",0,17.8,3.8,2.255
"7/20/2008",0,17.1,3.7,1.86
"7/21/2008",0,17.6,3.8,1.643
"7/22/2008",0,21.1,4.3,1.442
"7/23/2008",4.1,20.3,4.2,1.265
"7/24/2008",0.1,18.8,3.9,1.095
"7/25/2008",0,18.1,3.8,1.217
"7/26/2008",0,18.8,3.9,1.021
"7/27/2008",9.3,19.2,3.9,0.908
"7/28/2008",0,19.8,4,1.076
"7/29/2008",1.3,20.7,4.1,0.94
"7/30/2008",0,18.1,3.7,0.748
"7/31/2008",0,19.9,4,0.597
"8/1/2008",0,20.8,4.1,0.526
"8/2/2008",2.4,17.5,3.6,0.431
"8/3/2008",0.9,18.1,3.7,0.705
"8/4/2008",0,17.3,3.5,0.688
"8/5/2008",1.8,17,3.4,0.452
"8/6/2008",6,17.4,3.5,0.262
"8/7/2008",0.5,16.3,3.3,0.542
"8/8/2008",0,19.4,3.8,0.42
"8/9/2008",0.6,20.8,4,0.777
"8/10/2008",14.4,17.4,3.4,0.478
"8/11/2008",1.1,16.6,3.3,1.498
"8/12/2008",3.5,14.6,3,1.08
"8/13/2008",0.4,15.3,3,0.59
"8/14/2008",0.4,14.8,3,0.567
"8/15/2008",0,16.3,3.2,0.567
"8/16/2008",0,17.1,3.2,0.567
"8/17/2008",0,18.2,3.4,0.493
"8/18/2008",0,19,3.5,0.256
"8/19/2008",0,21,3.8,0.241
"8/20/2008",12.6,18.1,3.3,0.208
"8/21/2008",5.4,16.4,3,0.444
"8/22/2008",0,15.8,2.9,0.902
"8/23/2008",1.8,16.8,3.1,0.52
"8/24/2008",0.6,15,2.8,0.247
"8/25/2008",0.2,15,2.7,0.253
"8/26/2008",0.8,14.3,2.6,0.239
"8/27/2008",4.1,14.1,2.6,0.208
"8/28/2008",1.2,11.9,2.3,0.208
"8/29/2008",0.1,12.4,2.3,0.208
"8/30/2008",0,12.3,2.3,0.208
"8/31/2008",0,13,2.4,0.208
"9/1/2008",0,12.1,2.3,0.208
"9/2/2008",0,12.1,2.2,0.208
"9/3/2008",0,12,2.2,0.208
"9/4/2008",0,13.6,2.4,0.215
"9/5/2008",0,15.2,2.6,0.253
"9/6/2008",0,14,2.4,0.21
"9/7/2008",0,11.6,2.1,0.208
"9/8/2008",0,10.4,1.9,0.229
"9/9/2008",0,10.6,1.9,0.208
"9/10/2008",0,10.1,1.8,0.208
"9/11/2008",0,10.6,1.9,0.208
"9/12/2008",0.1,11.3,1.9,0.208
"9/13/2008",0,9.5,1.7,0.208
"9/14/2008",0,8.9,1.6,0.208
"9/15/2008",0,9.7,1.7,0.208
"9/16/2008",0,9.9,1.7,0.208
"9/17/2008",0,12.1,1.9,0.208
"9/18/2008",9.2,12.1,1.9,0.476
"9/19/2008",9.4,11.7,1.8,0.612
"9/20/2008",0.2,9.7,1.6,0.737
"9/21/2008",5.5,11.5,1.8,0.865
"9/22/2008",2.4,9.2,1.5,0.768
"9/23/2008",0,7.9,1.3,0.955
"9/24/2008",0.5,8.5,1.4,1.61
"9/25/2008",7.7,9.6,1.5,2.219
"9/26/2008",1.4,11.6,1.7,2.42
"9/27/2008",3.8,13.2,1.9,1.828
"9/28/2008",0,10.8,1.6,1.025
"9/29/2008",0,11.8,1.7,0.702
"9/30/2008",0.9,15,2,0.536
"10/1/2008",17.1,11.1,1.6,0.411
"10/2/2008",1.7,7.9,1.2,1.618
"10/3/2008",0.1,8.1,1.2,1.442
"10/4/2008",2.9,8.8,1.3,0.959
"10/5/2008",1,7.2,1.1,0.634
"10/6/2008",0.2,6.5,1,0.579
"10/7/2008",0.7,7.9,1.1,0.717
"10/8/2008",1,8.8,1.2,0.551
"10/9/2008",2,10,1.3,0.437
"10/10/2008",1,10,1.3,0.344
"10/11/2008",0,8.9,1.2,0.267
"10/12/2008",0,11.5,1.4,0.345
"10/13/2008",0.6,12.9,1.5,0.363
"10/14/2008",12.4,13.4,1.5,0.319
"10/15/2008",8.9,10.2,1.2,0.276
"10/16/2008",0.5,7.9,1,0.721
"10/17/2008",1.8,6.4,0.9,1.155
"10/18/2008",2.3,7.5,0.9,0.892
"10/19/2008",2.7,10.2,1.1,0.611
"10/20/2008",2.5,10.2,1.1,0.432
"10/21/2008",6.1,13,1.3,0.405
"10/22/2008",0,9.3,1,0.728
"10/23/2008",0,8.9,1,0.989
"10/24/2008",0,11.9,1.2,0.757
"10/25/2008",0,11.9,1.2,0.526
"10/26/2008",0,9.6,1,0.37
"10/27/2008",0.1,10.2,1,0.249
"10/28/2008",4.2,12.6,1.2,0.21
"10/29/2008",3.4,9.9,1,0.208
"10/30/2008",0,5.7,0.7,0.225
"10/31/2008",2.5,6.9,0.8,0.403
"11/1/2008",2.1,10.4,1,0.405
"11/2/2008",0.1,9.1,0.9,0.405
"11/3/2008",0.1,7.1,0.7,0.405
"11/4/2008",12.1,11.5,1,0.405
"11/5/2008",1.5,7.5,0.7,0.562
"11/6/2008",0.4,8.2,0.8,1.262
"11/7/2008",8.1,11.9,1,1.24
"11/8/2008",0.5,6.6,0.7,1.223
"11/9/2008",0,5.1,0.6,1.545
"11/10/2008",2.7,7.1,0.7,1.23
"11/11/2008",7.7,10.6,0.8,0.979
"11/12/2008",45.7,8,0.7,1.183
"11/13/2008",5.7,5.7,0.6,4.909
"11/14/2008",1.5,1.8,0.4,5.438
"11/15/2008",7.8,1.2,0.3,4.956
"11/16/2008",1.4,3.1,0.4,4.437
"11/17/2008",9.2,2.8,0.4,4.087
"11/18/2008",13,1.3,0.3,4.094
"11/19/2008",3.4,1.8,0.4,5.183
"11/20/2008",1.8,3.9,0.4,5.729
"11/21/2008",8.2,1.7,0.3,6.213
"11/22/2008",0.5,-1.5,0.2,5.995
"11/23/2008",1.6,-1.4,0.2,5.438
"11/24/2008",7.2,-0.6,0.2,4.93
"11/25/2008",20.6,4.2,0.4,5.331
"11/26/2008",3.2,3.2,0.4,9.175
"11/27/2008",8.7,2.3,0.4,11.076
"11/28/2008",3.6,-1.2,0.2,11.826
"11/29/2008",25.3,2.9,0.4,12.263
"11/30/2008",8.8,6.1,0.5,15.613
"12/1/2008",1.9,4.6,0.4,19.475
"12/2/2008",0.4,5.5,0.5,19.845
"12/3/2008",0.1,4.6,0.4,19.237
"12/4/2008",0.3,7.6,0.5,17.109
"12/5/2008",0.8,7.4,0.5,15.001
"12/6/2008",2.2,6.3,0.5,13.325
"12/7/2008",0,5.4,0.4,11.446
"12/8/2008",0,0.6,0.2,8.886
"12/9/2008",0.2,0.1,0.2,7.506
"12/10/2008",0,0.3,0.2,6.838
"12/11/2008",0,1.7,0.3,5.87
"12/12/2008",6.4,4.9,0.4,5.149
"12/13/2008",16.4,7.7,0.5,4.792
"12/14/2008",1.1,2.8,0.3,5.498
"12/15/2008",0,-1,0.2,5.961
"12/16/2008",0,1.1,0.3,5.86
"12/17/2008",0,5.6,0.4,5.856
"12/18/2008",0.7,6.9,0.5,5.756
"12/19/2008",2,7.7,0.5,5.399
"12/20/2008",0.1,6.4,0.5,5.263
"12/21/2008",4.2,5.7,0.4,4.292
"12/22/2008",13.3,8,0.5,4.104
"12/23/2008",12.2,7.4,0.5,4.915
"12/24/2008",0.2,4.3,0.4,7.113
"12/25/2008",1,-1.3,0.2,7.529
"12/26/2008",0,-7.8,0,NA
"12/27/2008",0,-8.1,0,NA
"12/28/2008",0.1,-7.8,0,NA
"12/29/2008",0,-9.1,0,NA
"12/30/2008",1.1,-7.6,0,NA
"12/31/2008",1,-7.7,0,NA
"1/1/2009",0.8,-6.3,0,3.4
"1/2/2009",6.4,-5.3,0,3.5
"1/3/2009",1.4,-2.9,0.1,3.6
"1/4/2009",7.8,-1.6,0.1,5.371
"1/5/2009",0.4,-3.1,0.1,4.525
"1/6/2009",0,-2.8,0.1,3.829
"1/7/2009",0,-5.4,0,3.928
"1/8/2009",6.4,-2.3,0.1,3.873
"1/9/2009",1.5,1.5,0.3,3.828
"1/10/2009",1.3,-0.4,0.2,3.845
"1/11/2009",0,-2,0.1,4.169
"1/12/2009",0.1,-4.3,0,3.501
"1/13/2009",0,-3.8,0.1,3.439
"1/14/2009",0,-0.7,0.2,3.968
"1/15/2009",0,3.3,0.4,3.596
"1/16/2009",0,5,0.5,3.426
"1/17/2009",2.5,5.3,0.5,3.009
"1/18/2009",2.6,4.7,0.5,3.184
"1/19/2009",4.4,4.4,0.4,3.899
"1/20/2009",10.9,2.1,0.4,4.357
"1/21/2009",0.3,5.6,0.5,6.216
"1/22/2009",0.2,11.2,0.8,5.883
"1/23/2009",0,9.2,0.7,5.591
"1/24/2009",1.2,7.9,0.7,5.16
"1/25/2009",0,6.2,0.6,4.44
"1/26/2009",0.2,1.6,0.3,3.964
"1/27/2009",0.4,0.9,0.3,4.041
"1/28/2009",0.8,-2.5,0.2,4.273
"1/29/2009",0,-1.2,0.2,3.966
"1/30/2009",0.1,-0.8,0.2,3.884
"1/31/2009",0,-1.9,0.2,3.839
"2/1/2009",0,-1.6,0.2,3.778
"2/2/2009",0,0.5,0.3,3.115
"2/3/2009",0,0,0.3,3.299
"2/4/2009",0.9,1,0.3,3.726
"2/5/2009",5.7,4.8,0.6,3.281
"2/6/2009",0,1.2,0.4,3.322
"2/7/2009",0,5.2,0.6,2.87
"2/8/2009",0,4.2,0.6,2.489
"2/9/2009",0,4.4,0.6,2.011
"2/10/2009",3.4,8.4,0.9,1.696
"2/11/2009",1.1,7.6,0.8,1.898
"2/12/2009",1.1,9.4,1,2.276
"2/13/2009",10.8,5.7,0.7,2.334
"2/14/2009",10.4,8.1,0.9,2.392
"2/15/2009",2.6,3.3,0.6,3.493
"2/16/2009",0.2,2,0.5,4.279
"2/17/2009",0,5.2,0.7,4.102
"2/18/2009",0.2,7.4,0.9,3.785
"2/19/2009",0.6,5.6,0.8,3.897
"2/20/2009",0,7.3,0.9,3.524
"2/21/2009",0,5.6,0.8,3.571
"2/22/2009",0,6,0.8,2.919
"2/23/2009",0.5,8.4,1,2.485
"2/24/2009",0.3,10.1,1.2,2.267
"2/25/2009",1.6,12.6,1.4,2.453
"2/26/2009",7.4,8,1.1,2.287
"2/27/2009",0,4.2,0.8,2.593
"2/28/2009",0,8,1.1,2.715
"3/1/2009",0,11.1,1.3,3.044
"3/2/2009",0,10.4,1.3,2.279
"3/3/2009",0,9.1,1.2,1.875
"3/4/2009",0,13.4,1.6,1.66
"3/5/2009",2.1,7.7,1.1,1.449
"3/6/2009",1.9,6.5,1,1.351
"3/7/2009",0,5.4,0.9,1.564
"3/8/2009",0,6,1,1.397
"3/9/2009",0,6.9,1.1,1.488
"3/10/2009",0,8.8,1.3,1.224
"3/11/2009",0,8.7,1.3,1.294
"3/12/2009",0,9.8,1.4,1.034
"3/13/2009",0,7.6,1.3,1.16
"3/14/2009",0.4,5.8,1.1,0.94
"3/15/2009",0.7,8.1,1.3,0.841
"3/16/2009",0,7.9,1.3,0.63
"3/17/2009",0,6.3,1.1,0.567
"3/18/2009",3.5,9.5,1.5,0.567
"3/19/2009",3.4,5.2,1.1,0.673
"3/20/2009",0.1,4.2,1,1.108
"3/21/2009",0,5.1,1.1,1.547
"3/22/2009",0,4.2,1,1.091
"3/23/2009",0,7.7,1.4,0.839
"3/24/2009",0,6.6,1.3,0.944
"3/25/2009",0.9,6.1,1.3,1.344
"3/26/2009",0,6.9,1.4,1.371
"3/27/2009",0.1,10.7,1.8,1.36
"3/28/2009",1,7.9,1.5,1.275
"3/29/2009",0,4.4,1.1,1.273
"3/30/2009",0,5.3,1.2,1.253
"3/31/2009",0,6,1.3,1.129
"4/1/2009",0,8.6,1.6,1.028
"4/2/2009",0,10.6,1.9,0.949
"4/3/2009",0,10.6,1.9,0.908
"4/4/2009",0,6.3,1.4,0.985
"4/5/2009",0,6.8,1.5,0.995
"4/6/2009",0,7.1,1.5,0.918
"4/7/2009",0,6.3,1.4,0.908
"4/8/2009",0,9.3,1.8,0.818
"4/9/2009",0,10.7,2,0.635
"4/10/2009",0,12,2.2,0.489
"4/11/2009",0,11.4,2.1,0.407
"4/12/2009",0,5.8,1.4,0.405
"4/13/2009",0.1,5.4,1.4,0.405
"4/14/2009",0,7.7,1.7,0.405
"4/15/2009",0,7.3,1.7,0.556
"4/16/2009",0,5.8,1.5,0.692
"4/17/2009",0,5,1.4,0.64
"4/18/2009",0,6.8,1.6,0.589
"4/19/2009",0,9.1,2,0.567
"4/20/2009",0,4.9,1.4,0.567
"4/21/2009",0,4.8,1.4,0.556
"4/22/2009",0,5.5,1.5,0.508
"4/23/2009",0,6.9,1.7,0.46
"4/24/2009",0,10.2,2.2,0.415
"4/25/2009",1.9,13.9,2.7,0.405
"4/26/2009",15.1,11.7,2.4,0.468
"4/27/2009",5.9,9.9,2.2,1.455
"4/28/2009",2.4,11.5,2.5,1.874
"4/29/2009",3.7,9,2.1,1.504
"4/30/2009",0,9.8,2.2,1.394
"5/1/2009",0,10.7,2.4,1.121
"5/2/2009",0,14.6,3,0.752
"5/3/2009",1.9,16.4,3.3,0.745
"5/4/2009",16.9,17,3.4,0.661
"5/5/2009",13.3,12.4,2.7,1.861
"5/6/2009",5.3,6.8,1.8,3.094
"5/7/2009",2.3,4.1,1.4,2.981
"5/8/2009",5.8,6.1,1.7,2.123
"5/9/2009",10.3,8.3,2.1,2.631
"5/10/2009",0.5,11.9,2.7,3.432
"5/11/2009",16,11.1,2.6,2.517
"5/12/2009",7.4,11,2.6,4.523
"5/13/2009",5.2,13.4,2.9,4.013
"5/14/2009",0,13.7,3,3.801
"5/15/2009",2.6,17.3,3.6,2.562
"5/16/2009",0,17.9,3.7,2.605
"5/17/2009",7.7,15.2,3.3,2.126
"5/18/2009",0,14.2,3.2,2.72
"5/19/2009",17.9,14.6,3.2,2.491
"5/20/2009",0.7,12.6,2.9,5.931
"5/21/2009",3.2,11.7,2.8,4.111
"5/22/2009",0.2,11.6,2.8,3.462
"5/23/2009",0,13.8,3.1,3.457
"5/24/2009",1.6,14.7,3.3,2.545
"5/25/2009",2.7,15.8,3.5,2.734
"5/26/2009",0,16.2,3.6,2.619
"5/27/2009",0,16.7,3.7,1.945
"5/28/2009",0,13.4,3.1,1.833
"5/29/2009",0,14.2,3.3,1.578
"5/30/2009",0,16.3,3.6,1.448
"5/31/2009",1.3,15.4,3.5,1.338
"6/1/2009",8.6,8.7,2.4,1.355
"6/2/2009",2.5,12.7,3,1.632
"6/3/2009",3.6,14.6,3.4,1.551
"6/4/2009",1.8,17.7,3.9,1.631
"6/5/2009",0.6,16.3,3.7,1.226
"6/6/2009",0,19.3,4.2,1.132
"6/7/2009",11.2,18.5,4.1,1.068
"6/8/2009",0.6,17.4,3.9,1.149
"6/9/2009",0,18.2,4,1.138
"6/10/2009",0,21,4.5,0.964
"6/11/2009",5,21.5,4.6,0.733
"6/12/2009",6.4,18.4,4.1,0.663
"6/13/2009",3.4,16.7,3.8,1.062
"6/14/2009",0.2,15.8,3.6,1.075
"6/15/2009",0.1,16,3.6,0.805
"6/16/2009",6.1,14.3,3.3,0.734
"6/17/2009",0.3,14.2,3.4,0.92
"6/18/2009",0,15,3.5,0.893
"6/19/2009",9.3,14.6,3.4,0.704
"6/20/2009",3.1,14.2,3.4,0.916
"6/21/2009",19.4,13.1,3.1,1.346
"6/22/2009",2.7,11.9,2.9,2.433
"6/23/2009",6.5,12.6,3.1,1.672
"6/24/2009",0.2,12.3,3,1.203
"6/25/2009",2.9,13.1,3.2,1.526
"6/26/2009",7.1,13.5,3.2,1.353
"6/27/2009",0.7,11.4,2.8,1.596
"6/28/2009",13.3,14.4,3.4,1.271
"6/29/2009",3.5,14.1,3.3,1.801
"6/30/2009",6.2,12.3,3,1.79
"7/1/2009",1.3,14.7,3.4,1.661
"7/2/2009",10,13.3,3.2,1.716
"7/3/2009",1.1,12.7,3,2.791
"7/4/2009",6.1,14.1,3.3,2.132
"7/5/2009",2.9,12.3,3,2.248
"7/6/2009",0.1,14.1,3.3,2.26
"7/7/2009",0,15.5,3.6,1.81
"7/8/2009",0,17.3,3.8,1.412
"7/9/2009",0,18.5,4,1.443
"7/10/2009",6.5,17.8,3.9,1.251
"7/11/2009",2.3,17.5,3.8,1.32
"7/12/2009",0,18.5,4,1.275
"7/13/2009",0.3,20.2,4.3,1.122
"7/14/2009",5.9,19,4.1,1.062
"7/15/2009",0,19,4.1,1.145
"7/16/2009",0.2,20.2,4.3,1.014
"7/17/2009",1.3,19.1,4.1,0.783
"7/18/2009",4.1,15.1,3.4,0.783
"7/19/2009",3.7,13.9,3.2,0.848
"7/20/2009",0,16.1,3.5,0.961
"7/21/2009",0,16.1,3.5,0.842
"7/22/2009",3.3,18.8,3.9,0.77
"7/23/2009",0.7,20,4.1,0.824
"7/24/2009",6.8,19.5,4,0.674
"7/25/2009",8.2,16.6,3.5,0.782
"7/26/2009",0.3,18.4,3.8,1.118
"7/27/2009",0,19.8,4,1.071
"7/28/2009",0,20.1,4.1,0.825
"7/29/2009",0,21.2,4.2,0.631
"7/30/2009",0,22.2,4.4,0.541
"7/31/2009",0,18.4,3.7,0.481
"8/1/2009",0,17.4,3.6,0.467
"8/2/2009",0,20.4,4,0.468
"8/3/2009",0,22.4,4.3,0.447
"8/4/2009",17.1,21.9,4.2,0.452
"8/5/2009",4.3,20.4,4,2.39
"8/6/2009",0.8,19.7,3.8,1.328
"8/7/2009",5.4,19.1,3.7,1.522
"8/8/2009",0,21.7,4.1,1.247
"8/9/2009",0,22.6,4.2,1.051
"8/10/2009",0,23.9,4.4,0.739
"8/11/2009",9,19.5,3.7,0.721
"8/12/2009",0,22.4,4.1,0.748
"8/13/2009",0.2,23.4,4.2,0.704
"8/14/2009",0,22.8,4.2,0.704
"8/15/2009",1,21.7,3.9,0.872
"8/16/2009",6.9,17.9,3.4,0.935
"8/17/2009",0.1,19.8,3.6,1.656
"8/18/2009",0,20.8,3.7,0.918
"8/19/2009",0,20.7,3.7,0.671
"8/20/2009",0,21.3,3.8,0.634
"8/21/2009",0,22,3.8,0.633
"8/22/2009",0,22.1,3.8,0.633
"8/23/2009",0,23.1,3.9,0.463
"8/24/2009",0.8,23.1,3.9,0.428
"8/25/2009",13.3,21.5,3.7,0.667
"8/26/2009",5.7,17.6,3.1,1.965
"8/27/2009",32.1,17.3,3,1.326
"8/28/2009",4.2,13.9,2.5,4.912
"8/29/2009",1.6,14.1,2.6,3.066
"8/30/2009",0.2,16.6,2.9,1.625
"8/31/2009",0,20,3.3,1.231
"9/1/2009",25.6,16.5,2.8,1.813
"9/2/2009",5.9,14.1,2.5,5.417
"9/3/2009",0.1,15,2.6,4.295
"9/4/2009",0,17.6,2.9,3.155
"9/5/2009",0.2,19.5,3.1,2.588
"9/6/2009",0.5,15,2.5,2.116
"9/7/2009",0.1,14.6,2.4,2.106
"9/8/2009",0,14.2,2.4,1.934
"9/9/2009",0,15.1,2.5,1.796
"9/10/2009",0,13,2.2,1.443
"9/11/2009",0,16.2,2.6,1.462
"9/12/2009",15.4,15.8,2.5,1.399
"9/13/2009",3.4,11.1,1.9,2.977
"9/14/2009",0,9.1,1.6,2.586
"9/15/2009",0,10.6,1.8,1.923
"9/16/2009",0,14.9,2.3,1.751
"9/17/2009",0,15.9,2.4,1.581
"9/18/2009",0,16,2.3,1.422
"9/19/2009",0,15.8,2.3,1.443
"9/20/2009",0.1,15.3,2.2,1.348
"9/21/2009",0.2,15.5,2.2,1.351
"9/22/2009",0.1,15.1,2.1,1.219
"9/23/2009",0.1,14.8,2.1,1.31
"9/24/2009",0,13.9,2,1.225
"9/25/2009",0,14.4,2,1.271
"9/26/2009",0,15.3,2.1,1.129
"9/27/2009",0,15.1,2,1.165
"9/28/2009",0,14.6,2,1.129
"9/29/2009",0,14.7,1.9,1.046
"9/30/2009",0,14.8,1.9,0.782
"10/1/2009",0,14.9,1.9,0.705
"10/2/2009",0,14.8,1.9,0.673
"10/3/2009",0,12.4,1.6,0.648
"10/4/2009",0,10.5,1.5,0.946
"10/5/2009",0,14.1,1.8,0.926
"10/6/2009",1.9,15.7,1.9,0.854
"10/7/2009",1,15.2,1.8,0.808
"10/8/2009",0,16.8,1.9,0.864
"10/9/2009",0,17.9,2,1.004
"10/10/2009",9.8,16.6,1.9,0.92
"10/11/2009",5.9,13.1,1.5,1.42
"10/12/2009",9.4,9.9,1.2,1.744
"10/13/2009",4.2,6,0.9,2.715
"10/14/2009",1.8,5.1,0.8,1.904
"10/15/2009",10.8,6.8,1,1.836
"10/16/2009",3.5,9.8,1.2,2.323
"10/17/2009",0,10.2,1.2,3.205
"10/18/2009",0,13.8,1.4,2.036
"10/19/2009",0,14,1.5,1.532
"10/20/2009",0,13,1.4,1.334
"10/21/2009",0,12.2,1.3,1.351
"10/22/2009",1.2,12,1.2,1.363
"10/23/2009",0.7,11.7,1.2,1.518
"10/24/2009",0,5.4,0.7,1.651
"10/25/2009",0,2.4,0.5,1.536
"10/26/2009",0,3.8,0.6,1.615
"10/27/2009",0,3.7,0.6,1.612
"10/28/2009",0,-1,0.3,1.557
"10/29/2009",0,-1.6,0.2,1.565
"10/30/2009",0,-0.7,0.3,1.446
"10/31/2009",0,-0.8,0.3,1.615
"11/1/2009",0,0.2,0.3,1.615
"11/2/2009",0,3,0.5,1.615
"11/3/2009",1.1,8.5,0.8,1.578
"11/4/2009",8.9,11.4,1,1.176
"11/5/2009",5.9,11.2,1,1.045
"11/6/2009",15.3,13.1,1.1,1.628
"11/7/2009",2.2,8.9,0.8,2.467
"11/8/2009",6.5,9.6,0.8,2.024
"11/9/2009",0.5,8.8,0.8,1.853
"11/10/2009",1.3,6.8,0.7,1.587
"11/11/2009",4.2,7,0.7,1.43
"11/12/2009",3.3,5,0.6,1.609
"11/13/2009",0.9,4.6,0.5,1.959
"11/14/2009",0.1,4,0.5,1.606
"11/15/2009",0.1,5,0.5,1.432
"11/16/2009",0.2,8.7,0.7,1.523
"11/17/2009",0,8.7,0.7,1.321
"11/18/2009",4.8,8.6,0.7,1.438
"11/19/2009",3.7,8.9,0.7,1.622
"11/20/2009",3.4,7.3,0.6,1.681
"11/21/2009",0,6.4,0.5,1.759
"11/22/2009",1.3,5.5,0.5,1.626
"11/23/2009",0.1,4.3,0.5,1.401
"11/24/2009",1.6,3.7,0.4,1.563
"11/25/2009",0.5,8,0.6,1.477
"11/26/2009",1.7,8.8,0.6,1.534
"11/27/2009",1.8,8.1,0.6,1.407
"11/28/2009",3.7,7.5,0.6,1.52
"11/29/2009",4.3,7.7,0.6,NA
"11/30/2009",9.2,6.1,0.5,NA
"12/1/2009",3.8,3.5,0.4,NA
"12/2/2009",9.3,2,0.3,NA
"12/3/2009",5.8,-2.1,0.1,NA
"12/4/2009",1.5,-2.2,0.1,NA
"12/5/2009",0.1,-1.6,0.2,NA
"12/6/2009",0,-3.2,0.1,NA
"12/7/2009",0.1,-1.2,0.2,NA
"12/8/2009",4.8,5.1,0.4,NA
"12/9/2009",0,5.5,0.4,NA
"12/10/2009",3.5,7,0.5,NA
"12/11/2009",10.5,12,0.7,NA
"12/12/2009",3.8,5.5,0.4,NA
"12/13/2009",0,2.3,0.3,NA
"12/14/2009",1.1,-0.7,0.2,NA
"12/15/2009",1.3,-1,0.2,NA
"12/16/2009",0.2,-2,0.1,NA
"12/17/2009",1.2,7.7,0.5,NA
"12/18/2009",15.3,9.7,0.6,NA
"12/19/2009",3.6,6.2,0.4,NA
"12/20/2009",1.8,5.8,0.4,NA
"12/21/2009",0.6,4.5,0.4,NA
"12/22/2009",1.4,2.9,0.3,NA
"12/23/2009",1.5,5,0.4,NA
"12/24/2009",1.4,8.3,0.5,NA
"12/25/2009",5.5,11.6,0.7,NA
"12/26/2009",3.7,6.8,0.5,NA
"12/27/2009",6.8,4,0.4,NA
"12/28/2009",1.2,2.1,0.3,NA
"12/29/2009",0.1,-0.2,0.2,NA
"12/30/2009",0.2,4,0.3,NA
"12/31/2009",9.9,7.1,0.5,NA
"1/1/2010",0.9,4.8,0.4,NA
"1/2/2010",12,6.7,0.5,NA
"1/3/2010",2.5,8.1,0.6,NA
"1/4/2010",1.7,6.5,0.5,NA
"1/5/2010",7.3,7,0.5,NA
"1/6/2010",2.3,7,0.5,NA
"1/7/2010",0.2,7.8,0.5,NA
"1/8/2010",0,6.4,0.5,NA
"1/9/2010",0,5,0.4,NA
"1/10/2010",0,5.6,0.5,NA
"1/11/2010",0,8,0.6,NA
"1/12/2010",0,7.6,0.6,NA
"1/13/2010",4.1,9,0.6,NA
"1/14/2010",0.1,4.5,0.4,NA
"1/15/2010",10.4,3.6,0.4,NA
"1/16/2010",10.2,5.9,0.5,NA
"1/17/2010",0.1,2.3,0.3,NA
"1/18/2010",17,4,0.4,NA
"1/19/2010",4.2,4.5,0.4,NA
"1/20/2010",2.2,0,0.3,NA
"1/21/2010",0,-0.2,0.2,NA
"1/22/2010",0.3,-2.8,0.1,NA
"1/23/2010",0.1,-2.3,0.1,NA
"1/24/2010",2.4,-3.1,0.1,NA
"1/25/2010",2.1,-2.7,0.1,NA
"1/26/2010",0.3,-3.9,0,NA
"1/27/2010",0,-3.4,0.1,NA
"1/28/2010",0,-3.3,0.1,NA
"1/29/2010",0,-3.6,0.1,NA
"1/30/2010",0,-2.6,0.1,NA
"1/31/2010",0.1,-3,0.1,NA
"2/1/2010",0,-2.3,0.2,NA
"2/2/2010",0,-2,0.2,NA
"2/3/2010",0,-3.6,0.1,NA
"2/4/2010",0,-4.2,0.1,NA
"2/5/2010",0,-3.4,0.1,NA
"2/6/2010",0.4,-1.8,0.2,NA
"2/7/2010",2.5,1.3,0.4,NA
"2/8/2010",0,1.2,0.4,NA
"2/9/2010",0,3.6,0.5,NA
"2/10/2010",0,4.6,0.6,NA
"2/11/2010",0,5.7,0.7,NA
"2/12/2010",0,6.7,0.8,NA
"2/13/2010",0,6.7,0.8,NA
"2/14/2010",0,7.8,0.9,NA
"2/15/2010",0,7,0.8,NA
"2/16/2010",0,8.5,1,NA
"2/17/2010",0,4.2,0.6,NA
"2/18/2010",0,4.8,0.7,NA
"2/19/2010",0,6.1,0.8,NA
"2/20/2010",0,9.3,1.1,NA
"2/21/2010",13.6,9.2,1.1,NA
"2/22/2010",8.1,4.4,0.7,NA
"2/23/2010",0,2.1,0.5,NA
"2/24/2010",0,4.5,0.7,NA
"2/25/2010",0.1,6.8,0.9,NA
"2/26/2010",0,6.5,0.9,NA
"2/27/2010",0.4,7.2,1,NA
"2/28/2010",3.4,6.1,0.9,NA
"3/1/2010",0.4,5,0.8,NA
"3/2/2010",0,5.4,0.9,NA
"3/3/2010",0,10.8,1.4,NA
"3/4/2010",3.5,15.5,1.8,NA
"3/5/2010",0,6.2,1,NA
"3/6/2010",0,8.1,1.2,NA
"3/7/2010",2.2,9.9,1.3,NA
"3/8/2010",19.8,5.9,1,NA
"3/9/2010",0.3,1.8,0.6,NA
"3/10/2010",5.1,1,0.6,NA
"3/11/2010",12,3.2,0.8,NA
"3/12/2010",1.6,1.4,0.6,NA
"3/13/2010",0.2,1,0.6,NA
"3/14/2010",0,3.3,0.8,NA
"3/15/2010",0,5.5,1,NA
"3/16/2010",0,6.3,1.1,NA
"3/17/2010",0,6.3,1.2,NA
"3/18/2010",0,6,1.1,NA
"3/19/2010",0,4.7,1,NA
"3/20/2010",0,3.9,0.9,NA
"3/21/2010",0.2,4.7,1.1,NA
"3/22/2010",0,2.6,0.8,NA
"3/23/2010",0.2,2.3,0.8,NA
"3/24/2010",0,0.2,0.6,NA
"3/25/2010",0,2.2,0.8,NA
"3/26/2010",0.2,5.4,1.2,NA
"3/27/2010",0,8.4,1.5,NA
"3/28/2010",0,10.7,1.8,NA
"3/29/2010",0,12.3,2,NA
"3/30/2010",0,10.7,1.8,NA
"3/31/2010",1.8,11,1.9,NA
"4/1/2010",5.3,9.1,1.7,NA
"4/2/2010",5.4,9.3,1.8,NA
"4/3/2010",14.7,13.8,2.3,NA
"4/4/2010",1,7.9,1.6,NA
"4/5/2010",1.8,8,1.6,NA
"4/6/2010",6.4,8.8,1.8,NA
"4/7/2010",6.7,7.8,1.6,NA
"4/8/2010",2.4,6.5,1.5,NA
"4/9/2010",1,5.8,1.4,NA
"4/10/2010",2,5,1.3,NA
"4/11/2010",3.6,3.8,1.1,NA
"4/12/2010",10,2.2,0.9,NA
"4/13/2010",2.8,-0.1,0.7,NA
"4/14/2010",1.3,3.3,1.1,NA
"4/15/2010",11.8,5.1,1.4,NA
"4/16/2010",4.9,4.6,1.3,NA
"4/17/2010",13,4.3,1.3,NA
"4/18/2010",10.5,3.4,1.2,NA
"4/19/2010",3.7,5.2,1.4,NA
"4/20/2010",4.5,8.2,1.8,NA
"4/21/2010",0,11.2,2.3,NA
"4/22/2010",0,14.3,2.7,NA
"4/23/2010",0,13.4,2.6,NA
"4/24/2010",0,11.3,2.4,NA
"4/25/2010",5.7,12.6,2.6,NA
"4/26/2010",57.3,9.8,2.2,NA
"4/27/2010",8.6,5.8,1.6,NA
"4/28/2010",0.9,7.3,1.8,NA
"4/29/2010",8.9,8.5,2,NA
"4/30/2010",4.6,9.3,2.2,NA
"5/1/2010",4.6,8.9,2.1,NA
"5/2/2010",1,9.2,2.2,NA
"5/3/2010",0.9,8.2,2,NA
"5/4/2010",0,6.7,1.8,NA
"5/5/2010",0,8.1,2,NA
"5/6/2010",0,10.1,2.3,NA
"5/7/2010",0,13.2,2.8,NA
"5/8/2010",0,16,3.3,NA
"5/9/2010",0,16.7,3.4,NA
"5/10/2010",0,17.8,3.6,NA
"5/11/2010",0,20.3,4.1,NA
"5/12/2010",0.2,19.6,3.9,NA
"5/13/2010",0.2,18.4,3.7,NA
"5/14/2010",4.7,18.3,3.8,NA
"5/15/2010",0.1,17.9,3.7,NA
"5/16/2010",0,15.3,3.3,NA
"5/17/2010",0,14.6,3.2,NA
"5/18/2010",0,13.9,3.1,NA
"5/19/2010",0,14.8,3.3,NA
"5/20/2010",0,16,3.5,NA
"5/21/2010",0,16,3.4,NA
"5/22/2010",0,12.1,2.8,NA
"5/23/2010",0,10.5,2.6,NA
"5/24/2010",0,10.7,2.6,NA
"5/25/2010",6.2,12.3,2.9,NA
"5/26/2010",1.8,12.3,2.9,NA
"5/27/2010",7.1,12.7,3,NA
"5/28/2010",7,10.9,2.7,NA
"5/29/2010",2.7,12.3,2.9,NA
"5/30/2010",11.7,13.5,3.2,NA
"5/31/2010",9.5,10.5,2.6,NA
"6/1/2010",0.1,14.5,3.3,NA
"6/2/2010",12.5,14.9,3.4,NA
"6/3/2010",0.4,15.8,3.6,NA
"6/4/2010",1,18.1,4,NA
"6/5/2010",0.2,21.6,4.6,NA
"6/6/2010",11.4,20.5,4.4,NA
"6/7/2010",1.4,13.8,3.3,NA
"6/8/2010",0,13.8,3.3,NA
"6/9/2010",8.1,18.8,4.1,NA
"6/10/2010",6,15.5,3.5,NA
"6/11/2010",11.5,10.8,2.7,NA
"6/12/2010",4.1,8.9,2.4,NA
"6/13/2010",1.6,11.9,2.9,NA
"6/14/2010",8.7,12.5,3.1,NA
"6/15/2010",6.3,12.1,3,NA
"6/16/2010",0.1,12.4,3,NA
"6/17/2010",0,13.8,3.3,NA
"6/18/2010",0,16.4,3.7,NA
"6/19/2010",0,19,4.2,NA
"6/20/2010",0,22.7,4.8,NA
"6/21/2010",0,23.8,5,NA
"6/22/2010",0,17.8,4,NA
"6/23/2010",0,17.9,4,NA
"6/24/2010",0,19.3,4.2,NA
"6/25/2010",7.1,15.6,3.6,NA
"6/26/2010",0.7,15.7,3.6,NA
"6/27/2010",0.7,18.8,4.2,NA
"6/28/2010",0.4,16,3.7,NA
"6/29/2010",0,18.1,4,NA
"6/30/2010",0,17.7,4,NA
"7/1/2010",20,16.3,3.7,NA
"7/2/2010",4.9,18.2,4,NA
"7/3/2010",4.1,15.9,3.6,NA
"7/4/2010",0.2,16,3.6,NA
"7/5/2010",0.8,17.3,3.8,NA
"7/6/2010",0,18.7,4.1,NA
"7/7/2010",0.1,15.8,3.6,NA
"7/8/2010",0,15,3.4,NA
"7/9/2010",0,16.7,3.7,NA
"7/10/2010",0.4,16.4,3.7,NA
"7/11/2010",0.4,17.6,3.8,NA
"7/12/2010",0,20.3,4.3,NA
"7/13/2010",3.1,17.2,3.8,NA
"7/14/2010",0,13.8,3.2,NA
"7/15/2010",0,14.7,3.3,NA
"7/16/2010",0,17.5,3.8,NA
"7/17/2010",0,18.8,4,NA
"7/18/2010",0,20.6,4.3,NA
"7/19/2010",5.2,23.2,4.7,NA
"7/20/2010",0,26.9,5.3,NA
"7/21/2010",0.1,19.5,4.1,NA
"7/22/2010",0,20.4,4.2,NA
"7/23/2010",0,21.8,4.4,NA
"7/24/2010",0,20.7,4.2,NA
"7/25/2010",0,19.7,4.1,NA
"7/26/2010",11.9,21.5,4.3,NA
"7/27/2010",18,17.6,3.7,NA
"7/28/2010",1.5,16.3,3.5,NA
"7/29/2010",0,18.8,3.8,NA
"7/30/2010",1.8,17.6,3.6,NA
"7/31/2010",0.6,16.7,3.5,NA
"8/1/2010",11.1,13.7,3,NA
"8/2/2010",0.8,13.3,2.9,NA
"8/3/2010",0,15.3,3.2,NA
"8/4/2010",0.7,16.8,3.4,NA
"8/5/2010",0,18,3.6,NA
"8/6/2010",0,18.5,3.7,NA
"8/7/2010",0,20.2,3.9,NA
"8/8/2010",0,23.6,4.4,NA
"8/9/2010",0,25.8,4.7,NA
"8/10/2010",0,26.5,4.8,NA
"8/11/2010",0,26.8,4.8,NA
"8/12/2010",4.8,24.1,4.4,NA
"8/13/2010",0,18.5,3.5,NA
"8/14/2010",0,17.6,3.4,NA
"8/15/2010",0,21.7,4,NA
"8/16/2010",0.1,22.6,4.1,NA
"8/17/2010",1.3,20.2,3.7,NA
"8/18/2010",0.2,19.8,3.6,NA
"8/19/2010",0,19.2,3.5,NA
"8/20/2010",0,19.3,3.5,NA
"8/21/2010",7.5,17.5,3.2,NA
"8/22/2010",8.6,16.5,3.1,NA
"8/23/2010",0.6,16.8,3.1,NA
"8/24/2010",5.7,14.2,2.7,NA
"8/25/2010",0,14.7,2.7,NA
"8/26/2010",0,16.8,3,NA
"8/27/2010",0,13.1,2.5,NA
"8/28/2010",0,10.9,2.2,NA
"8/29/2010",0,10.7,2.1,NA
"8/30/2010",0,12.1,2.3,NA
"8/31/2010",0,17.3,2.9,NA
"9/1/2010",0,19.1,3.1,0.264
"9/2/2010",5.5,20.5,3.3,0.284
"9/3/2010",0.1,16.4,2.7,0.289
"9/4/2010",14.7,14.1,2.5,0.283
"9/5/2010",3.1,14.3,2.4,0.684
"9/6/2010",0.3,15.6,2.6,0.865
"9/7/2010",3.6,16.3,2.7,0.703
"9/8/2010",0.3,15.3,2.5,0.32
"9/9/2010",0,19.2,3,0.274
"9/10/2010",15.8,15.7,2.5,0.308
"9/11/2010",19.4,11.7,2,0.994
"9/12/2010",6.1,9.8,1.7,1.811
"9/13/2010",7.3,7.6,1.5,1.576
"9/14/2010",2.8,9.5,1.7,1.556
"9/15/2010",4.3,11.3,1.9,1.164
"9/16/2010",0.3,13.2,2.1,0.976
"9/17/2010",0.1,11.1,1.8,1.059
"9/18/2010",0,10.4,1.7,0.94
"9/19/2010",0,10.7,1.7,0.781
"9/20/2010",0,10.3,1.7,0.697
"9/21/2010",0,11.4,1.8,0.585
"9/22/2010",0.2,12.6,1.9,0.586
"9/23/2010",0.2,13.8,2,0.585
"9/24/2010",0.6,13.5,1.9,0.569
"9/25/2010",0,15.1,2.1,0.536
"9/26/2010",17.6,13.6,1.9,0.551
"9/27/2010",9.2,12.9,1.8,1.187
"9/28/2010",8.2,12.7,1.8,1.637
"9/29/2010",6.6,12.7,1.7,2.296
"9/30/2010",0.2,13.1,1.8,1.362
"10/1/2010",2,10.5,1.5,1.664
"10/2/2010",8.2,10.6,1.5,1.185
"10/3/2010",7.7,9.2,1.3,1.337
"10/4/2010",6.3,9,1.3,1.817
"10/5/2010",2.1,9,1.3,3.05
"10/6/2010",10.2,7.5,1.1,1.612
"10/7/2010",2.9,6.7,1.1,1.951
"10/8/2010",7,7.5,1.1,1.66
"10/9/2010",0.1,8.1,1.1,2.546
"10/10/2010",2.4,9.4,1.2,1.815
"10/11/2010",12.1,10.8,1.3,1.731
"10/12/2010",0,9.7,1.2,2.396
"10/13/2010",0.5,8.5,1.1,2.022
"10/14/2010",0.4,11.4,1.3,1.967
"10/15/2010",0,11.6,1.4,1.837
"10/16/2010",0,13,1.4,2.251
"10/17/2010",6,15.3,1.6,1.644
"10/18/2010",0.1,8.3,1,1.463
"10/19/2010",0,6.1,0.8,2.624
"10/20/2010",0,6,0.8,1.586
"10/21/2010",0,7.1,0.9,1.879
"10/22/2010",0,9.6,1.1,1.385
"10/23/2010",3.2,12.9,1.3,1.589
"10/24/2010",16.5,13,1.3,1.365
"10/25/2010",5.6,9.9,1.1,2.906
"10/26/2010",4.6,8.4,0.9,5.199
"10/27/2010",0.6,8.2,0.9,3.728
"10/28/2010",0,13.8,1.3,2.846
"10/29/2010",9.5,9.5,1,2.339
"10/30/2010",5.7,7,0.8,4.46
"10/31/2010",3.3,8.7,0.9,2.751
"11/1/2010",8.7,8.9,0.9,2.684
"11/2/2010",1.6,8.1,0.8,3.918
"11/3/2010",7.1,9,0.9,4.45
"11/4/2010",1.6,6.2,0.7,6.03
"11/5/2010",0,3.5,0.5,4.267
"11/6/2010",0.1,3.1,0.5,7.054
"11/7/2010",0,3.8,0.5,3.239
"11/8/2010",0.2,6.5,0.7,2.434
"11/9/2010",12.5,11.2,0.9,4.165
"11/10/2010",7.6,9.4,0.8,7.518
"11/11/2010",0.4,2.6,0.4,11.456
"11/12/2010",4.5,2.1,0.4,5.824
"11/13/2010",2.8,3.6,0.5,7.965
"11/14/2010",2.8,6.1,0.6,4.382
"11/15/2010",4.3,3.9,0.5,4.772
"11/16/2010",0.8,1.5,0.3,6.052
"11/17/2010",0.1,-0.2,0.2,5.828
"11/18/2010",0,-4.1,0.1,5.321
"11/19/2010",0,-2.8,0.1,5.08
"11/20/2010",0,-2.8,0.1,4.889
"11/21/2010",0,-5.2,0,3.664
"11/22/2010",0,-7,0,4.403
"11/23/2010",0,-5,0,3.568
"11/24/2010",0,-2.4,0.1,3.284
"11/25/2010",8.9,1.5,0.3,3.367
"11/26/2010",8,2.1,0.3,5.403
"11/27/2010",5.5,4.7,0.5,6.212
"11/28/2010",8.5,2.1,0.3,9.953
"11/29/2010",15.2,2.8,0.4,9.087
"11/30/2010",3.6,0.1,0.2,20.232
"12/1/2010",0,-1.1,0.2,17.278
"12/2/2010",0.2,-1.8,0.1,14.339
"12/3/2010",0.2,-1.2,0.2,12.471
"12/4/2010",2.4,-2.8,0.1,8.152
"12/5/2010",4.8,-1,0.2,7.122
"12/6/2010",2,-0.7,0.2,7.098
"12/7/2010",0,-2.1,0.1,7.78
"12/8/2010",0,-1,0.2,6.651
"12/9/2010",1,1.7,0.3,7.333
"12/10/2010",14.7,5.7,0.4,5.984
"12/11/2010",2,5.7,0.5,16.461
"12/12/2010",3.7,8.2,0.6,14.054
"12/13/2010",0.3,8,0.6,14.189
"12/14/2010",0,4.4,0.4,14.975
"12/15/2010",0,4.7,0.4,14.326
"12/16/2010",0.3,4.1,0.4,12.753
"12/17/2010",0,4.2,0.4,13.24
"12/18/2010",0.3,5.1,0.4,9.28
"12/19/2010",2.3,4.7,0.4,8.322
"12/20/2010",6.8,0.7,0.2,6.618
"12/21/2010",0,-1.3,0.2,12.198
"12/22/2010",0,-3.9,0.1,6.415
"12/23/2010",1.1,-1.7,0.1,6.375
"12/24/2010",3.7,0.7,0.2,6.862
"12/25/2010",0.4,0.9,0.2,8.201
"12/26/2010",0.5,5.6,0.4,5.042
"12/27/2010",0.2,8.1,0.5,4.241
"12/28/2010",0.4,7.6,0.5,6.613
"12/29/2010",0,6.8,0.5,4.924
"12/30/2010",0,7.6,0.5,6.639
"12/31/2010",0,7.4,0.5,4.794
"1/1/2011",0,7,0.5,7.014
"1/2/2011",5,6.2,0.5,4.549
"1/3/2011",5.2,7.2,0.5,2.717
"1/4/2011",0.6,9.5,0.6,5.421
"1/5/2011",0,9,0.6,4.539
"1/6/2011",0,8.1,0.5,4.938
"1/7/2011",0.1,8.3,0.6,3.628
"1/8/2011",9.7,6,0.5,4.174
"1/9/2011",1.7,2.2,0.3,4.64
"1/10/2011",15.1,-1.6,0.2,3.558
"1/11/2011",7.8,-2.6,0.1,4.591
"1/12/2011",4.8,-4.3,0,4.266
"1/13/2011",8.1,1.1,0.3,5.734
"1/14/2011",2,3.1,0.4,11.605
"1/15/2011",0,2.4,0.4,16.282
"1/16/2011",0.8,6.1,0.5,10.884
"1/17/2011",13.9,6.5,0.6,15.16
"1/18/2011",0.7,3.3,0.4,25.195
"1/19/2011",0,1.8,0.3,23.316
"1/20/2011",0,4.7,0.5,17.002
"1/21/2011",0,5.4,0.5,17.252
"1/22/2011",0,3.5,0.4,13.165
"1/23/2011",0,3,0.4,10.312
"1/24/2011",0,3.7,0.5,8.594
"1/25/2011",0.1,6.3,0.6,9.606
"1/26/2011",18,6,0.6,9.406
"1/27/2011",11.3,2.1,0.4,16.147
"1/28/2011",14.2,5.6,0.6,18.432
"1/29/2011",0.1,1.9,0.4,26.522
"1/30/2011",0,-4.3,0.1,23.115
"1/31/2011",0,-5.2,0,20.679
"2/1/2011",0,-3,0.1,19.127
"2/2/2011",1.1,0.5,0.3,11.907
"2/3/2011",0,1.1,0.4,11.689
"2/4/2011",2.6,3.1,0.5,12.249
"2/5/2011",2.1,4.3,0.5,11.309
"2/6/2011",5.6,2.9,0.5,8.534
"2/7/2011",6.9,1.6,0.4,11.87
"2/8/2011",25.4,-0.5,0.3,11.842
"2/9/2011",12.8,0.2,0.3,32.545
"2/10/2011",3.8,-3.2,0.1,29.892
"2/11/2011",1.3,-2.8,0.1,24.589
"2/12/2011",0.1,-5.6,0,21.865
"2/13/2011",0,-6.7,0,15.269
"2/14/2011",0.5,-4.1,0.1,15.456
"2/15/2011",4.7,-1.4,0.3,11.282
"2/16/2011",4.4,2.2,0.5,14.845
"2/17/2011",4.9,2.2,0.5,12.882
"2/18/2011",12.4,5.5,0.7,17.905
"2/19/2011",20.3,6.1,0.8,26.907
"2/20/2011",22.8,7.9,0.9,48.11
"2/21/2011",8.7,8.1,1,59.889
"2/22/2011",2.8,3,0.6,59.103
"2/23/2011",2.6,1.1,0.5,46.554
"2/24/2011",8.4,3.3,0.7,37.671
"2/25/2011",0,3.4,0.7,33.897
"2/26/2011",0,3.5,0.7,27.078
"2/27/2011",5.9,7,1,22.984
"2/28/2011",0.7,4.2,0.8,22.842
"3/1/2011",0.4,5.6,0.9,16.317
"3/2/2011",0.4,9.1,1.2,13.334
"3/3/2011",13.7,7.5,1.1,11.32
"3/4/2011",1.3,4.4,0.8,15.547
"3/5/2011",5.5,2.2,0.6,13.902
"3/6/2011",5.5,0.1,0.5,13.151
"3/7/2011",0.6,0.5,0.5,12.495
"3/8/2011",0.1,5.8,1,11.755
"3/9/2011",0,10,1.4,10.987
"3/10/2011",0,9.2,1.3,10.773
"3/11/2011",0,10.1,1.4,8.776
"3/12/2011",0,12.2,1.7,9.146
"3/13/2011",0,11.5,1.6,7.526
"3/14/2011",0,11.2,1.6,7.527
"3/15/2011",0,9.8,1.5,6.909
"3/16/2011",0,8,1.3,6.64
"3/17/2011",0,6.6,1.2,5.842
"3/18/2011",1,6.4,1.2,5.835
"3/19/2011",0,4.6,1,5.468
"3/20/2011",0,3.6,0.9,4.958
"3/21/2011",7.1,4.6,1,4.864
"3/22/2011",6.9,3.4,0.9,6.438
"3/23/2011",0.9,4.5,1,6.203
"3/24/2011",0,8.4,1.5,4.96
"3/25/2011",2.3,9.2,1.6,4.656
"3/26/2011",9.3,5.7,1.2,5.214
"3/27/2011",1.7,3.6,1,6.449
"3/28/2011",1.2,3.7,1,5.632
"3/29/2011",0,5.1,1.2,5.423
"3/30/2011",0,6.9,1.4,5.176
"3/31/2011",0,8.9,1.7,4.351
"4/1/2011",0.5,12.8,2.1,4.296
"4/2/2011",1.6,10.1,1.8,4.277
"4/3/2011",8.2,9.8,1.8,4.329
"4/4/2011",0.1,11.2,2,5.363
"4/5/2011",0,9.9,1.9,5.074
"4/6/2011",13.9,13.1,2.3,5.238
"4/7/2011",11.7,7.9,1.6,6.969
"4/8/2011",0.7,6.7,1.5,8.783
"4/9/2011",0,7.9,1.7,7.807
"4/10/2011",3.6,8.7,1.8,6.835
"4/11/2011",1.6,6,1.4,7.52
"4/12/2011",11.9,6.7,1.5,7.16
"4/13/2011",7.3,5.1,1.4,9.67
"4/14/2011",2.8,6.4,1.5,8.465
"4/15/2011",1.5,3.8,1.2,7.494
"4/16/2011",0.2,4.3,1.3,7.06
"4/17/2011",3.9,5.8,1.5,6.973
"4/18/2011",3.5,4.1,1.3,6.094
"4/19/2011",3.1,5.8,1.5,6.809
"4/20/2011",6.7,9.9,2.1,6.934
"4/21/2011",2.2,9.1,2,7.272
"4/22/2011",1.8,9.5,2.1,7.101
"4/23/2011",3,8,1.9,5.936
"4/24/2011",0.7,6.9,1.7,6.286
"4/25/2011",0.3,9.8,2.2,5.448
"4/26/2011",6.7,8.1,1.9,6.009
"4/27/2011",3,10.5,2.3,6.304
"4/28/2011",0,11,2.4,5.664
"4/29/2011",0.7,13.9,2.8,5.106
"4/30/2011",0,13.5,2.8,4.721
"5/1/2011",0.3,14.8,3,4.622
"5/2/2011",1.2,14.5,3,4.072
"5/3/2011",5.5,14.7,3,3.487
"5/4/2011",5.1,14,2.9,4.679
"5/5/2011",4.7,13.8,2.9,5.263
"5/6/2011",0.2,14.9,3.1,4.774
"5/7/2011",9.8,15.2,3.2,4.64
"5/8/2011",0.3,11.9,2.6,6.441
"5/9/2011",0,13.9,3,4.481
"5/10/2011",1,15.8,3.3,4.133
"5/11/2011",3.7,16.6,3.4,3.986
"5/12/2011",4.6,16,3.4,4.632
"5/13/2011",4.4,15.4,3.3,4.756
"5/14/2011",5.2,11.6,2.7,5.759
"5/15/2011",0.4,12.2,2.8,4.88
"5/16/2011",1.7,12.2,2.8,4.673
"5/17/2011",33.4,9.4,2.3,5.565
"5/18/2011",1.1,13.2,3,12.998
"5/19/2011",1.8,12.2,2.8,9.132
"5/20/2011",25.6,10.6,2.6,8.253
"5/21/2011",7.1,11.1,2.7,21.961
"5/22/2011",2.5,11.8,2.8,19.855
"5/23/2011",0,12.2,2.9,18.534
"5/24/2011",0,15.1,3.4,15.83
"5/25/2011",0,15.3,3.4,13.48
"5/26/2011",0,17.5,3.8,11.134
"5/27/2011",0,19.8,4.2,9.467
"5/28/2011",0,20.1,4.2,7.979
"5/29/2011",0,21.5,4.5,6.665
"5/30/2011",0,21.6,4.5,5.851
"5/31/2011",0.1,19.4,4.2,5.339
"6/1/2011",2.6,21.1,4.5,4.555
"6/2/2011",7.2,17.2,3.8,5.176
"6/3/2011",1.5,15.7,3.5,4.828
"6/4/2011",1.8,14.2,3.3,3.876
"6/5/2011",11.3,10.2,2.6,4.487
"6/6/2011",0.4,11.9,2.9,5.047
"6/7/2011",1.3,12.6,3,3.963
"6/8/2011",0,11.3,2.8,3.327
"6/9/2011",0,12.9,3.1,2.785
"6/10/2011",0.1,14,3.3,2.226
"6/11/2011",0,14.3,3.3,2.462
"6/12/2011",0,16,3.6,2.136
"6/13/2011",0,14.9,3.5,2.659
"6/14/2011",5.7,12.2,3,1.822
"6/15/2011",0,16.5,3.7,3.173
"6/16/2011",0,17.7,4,1.836
"6/17/2011",0,18.7,4.1,1.857
"6/18/2011",0,16.1,3.7,1.515
"6/19/2011",0.1,15,3.5,1.421
"6/20/2011",4.6,15.2,3.5,1.399
"6/21/2011",0.1,11.5,2.9,1.41
"6/22/2011",0,11.7,2.9,1.664
"6/23/2011",0,14,3.3,1.521
"6/24/2011",0,17.1,3.9,1.2
"6/25/2011",0.2,21.1,4.6,1.151
"6/26/2011",7.3,18.3,4,1.09
"6/27/2011",13.6,14.7,3.4,1.426
"6/28/2011",0,14.3,3.3,2.14
"6/29/2011",0.6,16.4,3.7,1.535
"6/30/2011",0,16.9,3.8,1.281
"7/1/2011",0,19.6,4.3,1.222
"7/2/2011",0.3,22.4,4.8,1.196
"7/3/2011",0.7,22.4,4.7,1.078
"7/4/2011",2.4,23.2,4.9,0.804
"7/5/2011",12.2,16.6,3.7,0.661
"7/6/2011",5.7,15.3,3.5,1.981
"7/7/2011",2.1,16.5,3.7,1.423
"7/8/2011",0.1,17.8,3.9,1.126
"7/9/2011",0,18,3.9,0.937
"7/10/2011",5.1,17,3.8,1.106
"7/11/2011",11,17.8,3.9,1.866
"7/12/2011",1.9,19.8,4.2,2.906
"7/13/2011",15.2,20.4,4.3,1.638
"7/14/2011",1,17.5,3.8,3.359
"7/15/2011",0.1,16.1,3.6,1.692
"7/16/2011",0,18.1,3.9,1.348
"7/17/2011",0,20.4,4.3,1.161
"7/18/2011",6.5,21.5,4.4,1.235
"7/19/2011",2.1,18.6,3.9,1.564
"7/20/2011",0,21,4.3,1.56
"7/21/2011",0,18.9,4,1.312
"7/22/2011",0,14.1,3.2,1.074
"7/23/2011",0,12.5,2.9,0.915
"7/24/2011",0,15.1,3.3,0.751
"7/25/2011",0,18.3,3.8,0.884
"7/26/2011",0,20.7,4.2,0.647
"7/27/2011",0.3,21.2,4.3,0.545
"7/28/2011",0.9,19.3,3.9,0.559
"7/29/2011",0.4,20.4,4.1,0.742
"7/30/2011",0,20.9,4.2,0.806
"7/31/2011",0,20.7,4.1,0.507
"8/1/2011",0.1,21.1,4.2,0.439
"8/2/2011",14.4,20.8,4.1,0.51
"8/3/2011",0.1,19.7,3.9,1.009
"8/4/2011",11.3,21,4.1,0.981
"8/5/2011",2.8,19.7,3.9,2.297
"8/6/2011",29.4,18.7,3.7,1.781
"8/7/2011",4.9,18.7,3.7,4.723
"8/8/2011",2,19.8,3.8,1.773
"8/9/2011",0,20.6,3.9,1.645
"8/10/2011",5.3,17.3,3.4,1.012
"8/11/2011",0,15.7,3.1,1.093
"8/12/2011",2.2,14.8,3,1.442
"8/13/2011",0,15.2,3,1.028
"8/14/2011",2.7,17.3,3.3,0.851
"8/15/2011",0.3,16.3,3.1,0.948
"8/16/2011",4.6,15.3,3,0.849
"8/17/2011",0,16,3.1,0.981
"8/18/2011",2,16.6,3.1,0.974
"8/19/2011",0.9,15.3,2.9,0.916
"8/20/2011",0,15.8,3,0.791
"8/21/2011",0,15.7,2.9,0.741
"8/22/2011",0,16.6,3,0.581
"8/23/2011",0.1,18,3.2,0.53
"8/24/2011",0.5,21.6,3.7,0.536
"8/25/2011",4.9,23.4,3.9,0.486
"8/26/2011",0.6,19.8,3.4,0.442
"8/27/2011",1.9,19.6,3.3,0.777
"8/28/2011",0,18.9,3.2,0.588
"8/29/2011",0,17.5,3,0.635
"8/30/2011",0,16.5,2.9,0.632
"8/31/2011",0,17.1,2.9,0.571
"9/1/2011",0,17.7,3,0.369
"9/2/2011",0,17.6,2.9,0.318
"9/3/2011",0,15.1,2.6,0.31
"9/4/2011",0,16.6,2.8,0.306
"9/5/2011",5,18.4,3,0.286
"9/6/2011",27.1,17.1,2.8,0.687
"9/7/2011",0.3,17.1,2.8,2.075
"9/8/2011",0.1,17.1,2.7,0.973
"9/9/2011",0,18,2.8,0.601
"9/10/2011",0,18.7,2.9,0.511
"9/11/2011",0,20.2,3,0.422
"9/12/2011",0.1,19.9,3,0.541
"9/13/2011",0,19.5,2.9,0.498
"9/14/2011",11.4,16.1,2.5,0.4
"9/15/2011",0.8,12.4,2,0.801
"9/16/2011",0,13.7,2.1,0.754
"9/17/2011",2.3,12.1,1.9,0.723
"9/18/2011",0,14,2.1,0.593
"9/19/2011",22.8,14.5,2.2,0.545
"9/20/2011",0.2,13,1.9,1.764
"9/21/2011",1,14.8,2.2,1.121
"9/22/2011",0.3,18.1,2.5,0.98
"9/23/2011",2,18.3,2.5,0.862
"9/24/2011",29.7,17.5,2.4,0.911
"9/25/2011",3.5,15.7,2.2,3.886
"9/26/2011",0.2,13.9,1.9,2.322
"9/27/2011",8.6,13.8,1.9,1.391
"9/28/2011",7.5,13.2,1.8,1.586
"9/29/2011",4.8,16.5,2.1,1.705
"9/30/2011",10.2,13.8,1.8,1.862
"10/1/2011",1.3,12.7,1.7,3.143
"10/2/2011",17.8,13.8,1.8,2.731
"10/3/2011",4.9,9.7,1.4,5.306
"10/4/2011",5,7.7,1.2,5.759
"10/5/2011",0.2,5.2,0.9,4.525
"10/6/2011",0,6,1,3.887
"10/7/2011",0.1,6.1,1,3.092
"10/8/2011",0.1,8.1,1.1,2.818
"10/9/2011",0,10.3,1.3,1.673
"10/10/2011",0.1,8.6,1.2,1.667
"10/11/2011",0.2,8.1,1.1,2.069
"10/12/2011",0.2,9.7,1.2,2.561
"10/13/2011",6.3,11.1,1.3,1.943
"10/14/2011",0.1,12.8,1.5,1.586
"10/15/2011",0.1,11.1,1.3,1.476
"10/16/2011",0.1,9,1.1,1.464
"10/17/2011",0,10.4,1.2,1.432
"10/18/2011",3.3,8.5,1.1,1.416
"10/19/2011",4.8,9.2,1.1,2.099
"10/20/2011",12.2,10.7,1.2,2.647
"10/21/2011",0.2,10.7,1.2,1.937
"10/22/2011",16.1,11.1,1.2,2.963
"10/23/2011",0.4,11.4,1.2,3.014
"10/24/2011",10.4,11.4,1.2,2.124
"10/25/2011",0.8,11.1,1.1,3.288
"10/26/2011",0,10,1,4.107
"10/27/2011",0,10.2,1.1,2.712
"10/28/2011",0,14.1,1.3,2.535
"10/29/2011",0,13.6,1.2,2.269
"10/30/2011",3.3,15.7,1.3,1.993
"10/31/2011",0,9.2,0.9,1.816
"11/1/2011",1,12.4,1.1,1.878
"11/2/2011",13.5,12.1,1.1,2.013
"11/3/2011",0,6.3,0.7,3.532
"11/4/2011",0,4.2,0.6,3.432
"11/5/2011",12.3,9.2,0.9,3.102
"11/6/2011",5.3,5.9,0.7,4.045
"11/7/2011",0,4,0.5,4.576
"11/8/2011",0.4,5.1,0.6,3.794
"11/9/2011",3.1,6.8,0.7,3.711
"11/10/2011",5,4.9,0.5,3.743
"11/11/2011",4.5,3,0.4,3.847
"11/12/2011",0.9,3.2,0.5,4.269
"11/13/2011",0.2,3.4,0.4,3.572
"11/14/2011",0.5,0.8,0.3,2.82
"11/15/2011",0,2.1,0.4,3.214
"11/16/2011",3.6,-0.6,0.2,3.473
"11/17/2011",7.8,0.5,0.3,3.541
"11/18/2011",27.3,0.5,0.3,6.736
"11/19/2011",8.8,-0.4,0.2,9.785
"11/20/2011",1.2,-2.6,0.1,8.958
"11/21/2011",0,-4,0.1,6.825
"11/22/2011",0.8,-4.2,0.1,6.544
"11/23/2011",2.7,0.2,0.2,6.204
"11/24/2011",0.1,2.2,0.3,5.162
"11/25/2011",0,1.7,0.3,4.622
"11/26/2011",0,1.7,0.3,4.45
"11/27/2011",0,4,0.4,4.935
"11/28/2011",0,4.3,0.4,4.559
"11/29/2011",0,4.6,0.4,5.187
"11/30/2011",0,2.7,0.3,4.554
"12/1/2011",1.4,3.1,0.4,4.937
"12/2/2011",0.9,5.5,0.5,4.314
"12/3/2011",0,4.7,0.4,6.342
"12/4/2011",6.9,5.3,0.5,5.749
"12/5/2011",0.1,1.1,0.3,4.408
"12/6/2011",0,0.2,0.2,7.756
"12/7/2011",0.4,4.8,0.4,5.138
"12/8/2011",0.8,6.5,0.5,6.523
"12/9/2011",8.4,5.7,0.5,5.262
"12/10/2011",8.7,3.2,0.4,8.475
"12/11/2011",3.3,7.8,0.6,7.305
"12/12/2011",2.5,7,0.5,5.765
"12/13/2011",3.7,4.4,0.4,9.178
"12/14/2011",6.9,3.5,0.4,8.962
"12/15/2011",4.1,-1.3,0.2,11.239
"12/16/2011",0.2,-4.1,0.1,9.482
"12/17/2011",4.7,-2.4,0.1,9.613
"12/18/2011",11.8,6.6,0.5,9.637
"12/19/2011",3.2,5.3,0.4,13.634
"12/20/2011",0.1,-3.1,0.1,15.099
"12/21/2011",0,-3.7,0.1,13.324
"12/22/2011",0,-0.1,0.2,11.769
"12/23/2011",1.9,3.3,0.3,12.33
"12/24/2011",1.2,6.1,0.5,9.346
"12/25/2011",6.2,8.1,0.5,7.937
"12/26/2011",13.8,8.3,0.6,8.701
"12/27/2011",15.3,4,0.4,17.653
"12/28/2011",4.8,1.1,0.3,20.676
"12/29/2011",2.7,0.2,0.2,20.763
"12/30/2011",2.5,0.1,0.2,17.192
"12/31/2011",5.7,2.2,0.3,15.894
"1/1/2012",4,4.2,0.4,15.492
"1/2/2012",0,4,0.4,16.673
"1/3/2012",0.7,1.7,0.3,17.18
"1/4/2012",0.2,4.6,0.4,14.748
"1/5/2012",0,5.7,0.5,12.477
"1/6/2012",0.2,4,0.4,13.224
"1/7/2012",0.3,3.3,0.4,11.391
"1/8/2012",4.4,3.2,0.4,7.422
"1/9/2012",6.2,3.4,0.4,10.02
"1/10/2012",0.1,0.5,0.2,9.973
"1/11/2012",0,0.1,0.2,8.803
"1/12/2012",0,-0.7,0.2,8.152
"1/13/2012",0,-1,0.2,8.261
"1/14/2012",0,0.4,0.2,6.005
"1/15/2012",0,-0.6,0.2,5.708
"1/16/2012",0,-3.2,0.1,5.115
"1/17/2012",0.4,-1.3,0.2,5.009
"1/18/2012",1.2,1.4,0.3,5.085
"1/19/2012",0,0.8,0.3,5.693
"1/20/2012",0,-1,0.2,4.825
"1/21/2012",0,-0.1,0.2,4.606
"1/22/2012",6.2,0.3,0.3,4.205
"1/23/2012",4.7,-0.2,0.3,3.63
"1/24/2012",1.4,-2.9,0.1,4.674
"1/25/2012",0,-8.5,0,4.96
"1/26/2012",0,-6.1,0,4.666
"1/27/2012",0,-1.2,0.2,4.325
"1/28/2012",0,1.8,0.4,4.085
"1/29/2012",3.5,5.5,0.5,3.924
"1/30/2012",1,8,0.7,5.565
"1/31/2012",0,5,0.6,4.949
"2/1/2012",2.4,7.9,0.7,4.688
"2/2/2012",18.9,7.8,0.8,5.899
"2/3/2012",0,1.7,0.4,10.662
"2/4/2012",0,1.8,0.4,8.444
"2/5/2012",0,6.5,0.7,8.78
"2/6/2012",1.9,8.3,0.8,6.934
"2/7/2012",6.1,7.6,0.8,8.888
"2/8/2012",3.7,9.4,0.9,8.102
"2/9/2012",0.4,4.4,0.6,9.148
"2/10/2012",7.2,5.4,0.7,6.73
"2/11/2012",0.4,2.2,0.5,8.024
"2/12/2012",2.3,1.1,0.4,6.842
"2/13/2012",4.4,4.2,0.6,5.995
"2/14/2012",4.7,6.1,0.8,5.721
"2/15/2012",4.9,7.7,0.9,6.323
"2/16/2012",2.5,3.8,0.6,9.618
"2/17/2012",7.3,1.7,0.5,8.404
"2/18/2012",11.9,6,0.8,12.15
"2/19/2012",6.1,4.3,0.7,16.382
"2/20/2012",0.1,0.3,0.4,15.194
"2/21/2012",0,-0.4,0.3,15.258
"2/22/2012",0,-0.3,0.3,14.103
"2/23/2012",0,1.9,0.5,11.987
"2/24/2012",0.8,6.3,0.9,10.69
"2/25/2012",0,7.8,1,11.808
"2/26/2012",0,7.3,1,6.56
"2/27/2012",0.3,8.5,1.1,7.813
"2/28/2012",9,9.6,1.2,6.842
"2/29/2012",16.2,6.7,1,13.238
"3/1/2012",12.1,4.7,0.8,16.004
"3/2/2012",0.1,2.3,0.6,18.535
"3/3/2012",7.7,4.6,0.8,16.294
"3/4/2012",0,3.6,0.7,16.755
"3/5/2012",0,-0.2,0.4,14.385
"3/6/2012",0,1.6,0.6,12.701
"3/7/2012",0,4.9,0.9,11.774
"3/8/2012",0,6.1,1,10.251
"3/9/2012",0,8.8,1.3,9.617
"3/10/2012",0,8,1.2,9.236
"3/11/2012",0,7.9,1.2,7.334
"3/12/2012",0,6.8,1.1,7.309
"3/13/2012",0,5.5,1,6.686
"3/14/2012",0.5,8.2,1.3,6.215
"3/15/2012",0,4.8,1,5.83
"3/16/2012",0,4,0.9,5.464
"3/17/2012",0,7.2,1.3,5.307
"3/18/2012",0,5.2,1.1,4.667
"3/19/2012",0,3.9,0.9,4.838
"3/20/2012",0,4.3,1,4.125
"3/21/2012",0,6.6,1.3,4.853
"3/22/2012",0,9.1,1.5,3.98
"3/23/2012",1.9,9.7,1.6,4.059
"3/24/2012",1.1,7.9,1.4,3.534
"3/25/2012",8.1,6.4,1.3,4.04
"3/26/2012",4.3,4.6,1.1,4.835
"3/27/2012",8,2.8,0.9,4.649
"3/28/2012",4.8,2.7,0.9,4.722
"3/29/2012",7.3,1.7,0.8,6.086
"3/30/2012",0.8,3.5,1,5.367
"3/31/2012",1.8,4.4,1.1,5.562
"4/1/2012",0.5,4.9,1.2,4.465
"4/2/2012",0,7.9,1.6,4.926
"4/3/2012",11.9,9,1.7,4.481
"4/4/2012",12.6,7.4,1.5,6.582
"4/5/2012",3.3,4,1.1,9.143
"4/6/2012",0.5,2.8,1,8.512
"4/7/2012",0,4,1.1,8.22
"4/8/2012",0,7.9,1.7,7.531
"4/9/2012",0.4,7.2,1.6,6.821
"4/10/2012",1.4,8.5,1.8,7.34
"4/11/2012",6.6,8.6,1.8,6.334
"4/12/2012",1.6,5.9,1.4,7.051
"4/13/2012",0.1,7.4,1.6,6.422
"4/14/2012",4.3,10.8,2.1,5.531
"4/15/2012",0.5,7.9,1.8,5.493
"4/16/2012",13.8,7.9,1.8,5.18
"4/17/2012",0.2,7.9,1.8,7.861
"4/18/2012",1.2,9.2,2,5.78
"4/19/2012",0.1,9.1,2,5.23
"4/20/2012",0.1,11.4,2.3,4.415
"4/21/2012",0.9,13.8,2.7,4.572
"4/22/2012",3.9,15.6,2.9,4.424
"4/23/2012",14.9,8.4,1.9,3.97
"4/24/2012",0,8.7,2,8.046
"4/25/2012",0,12.9,2.6,5.988
"4/26/2012",0,13.7,2.7,4.887
"4/27/2012",4.4,11.4,2.4,4.575
"4/28/2012",1.5,8,1.9,4.733
"4/29/2012",0,9,2.1,5.313
"4/30/2012",0.2,12.7,2.7,3.926
"5/1/2012",0.3,14.6,3,4.198
"5/2/2012",6.1,15.2,3.1,3.958
"5/3/2012",3.4,14,2.9,3.796
"5/4/2012",0,16.7,3.4,4.127
"5/5/2012",10.7,15.3,3.2,3.583
"5/6/2012",2.8,13.2,2.8,4.503
"5/7/2012",4.9,14.7,3.1,3.932
"5/8/2012",2.3,15.1,3.1,4.195
"5/9/2012",17.8,14.4,3.1,4.498
"5/10/2012",2.2,14.9,3.1,8.941
"5/11/2012",0.1,15.6,3.3,5.645
"5/12/2012",0.4,15.5,3.3,4.659
"5/13/2012",2.3,14.4,3.1,4.002
"5/14/2012",0,16.1,3.4,3.751
"5/15/2012",0.6,19.1,3.9,3.046
"5/16/2012",0.7,20.7,4.2,2.875
"5/17/2012",7,13.2,3,2.809
"5/18/2012",3.9,10.4,2.5,3.253
"5/19/2012",0.6,9.2,2.3,2.776
"5/20/2012",0.1,10.5,2.6,2.423
"5/21/2012",2.2,11.2,2.7,2.101
"5/22/2012",0,9.7,2.5,2.616
"5/23/2012",0,12,2.8,2.23
"5/24/2012",0.1,16.4,3.6,2.396
"5/25/2012",1.1,15.1,3.4,2.089
"5/26/2012",14.2,16.1,3.5,1.929
"5/27/2012",0.1,12.2,2.9,1.79
"5/28/2012",4.8,12.7,3,1.969
"5/29/2012",0.5,11.4,2.8,2.644
"5/30/2012",5.2,14.3,3.3,2.19
"5/31/2012",1.5,14.2,3.3,1.88
"6/1/2012",0,18.3,4,2.26
"6/2/2012",0,21.4,4.5,2.268
"6/3/2012",13,20.2,4.3,1.604
"6/4/2012",8.4,18.7,4.1,3.693
"6/5/2012",2.2,15.2,3.5,6.404
"6/6/2012",0.1,11.7,2.9,3.307
"6/7/2012",0,13.3,3.2,3.26
"6/8/2012",0,18.7,4.1,2.745
"6/9/2012",0,21.3,4.6,2.143
"6/10/2012",58.2,14.6,3.4,2.03
"6/11/2012",4.2,10.7,2.7,21.155
"6/12/2012",0,15.5,3.6,13.904
"6/13/2012",0,17.2,3.9,8.307
"6/14/2012",0,19.3,4.2,6.545
"6/15/2012",0,19.6,4.3,6.149
"6/16/2012",0,18.1,4,4.962
"6/17/2012",0,17.6,4,4.43
"6/18/2012",0,21,4.5,4.131
"6/19/2012",0,22.5,4.8,3.456
"6/20/2012",0,22.2,4.7,3.007
"6/21/2012",0.4,21.1,4.5,2.704
"6/22/2012",2.5,15.1,3.5,2.509
"6/23/2012",0,14.1,3.3,2.668
"6/24/2012",0.2,12.7,3.1,2.3
"6/25/2012",0,12.2,3,2.138
"6/26/2012",0,14.2,3.4,2.017
"6/27/2012",0,17.1,3.9,1.948
"6/28/2012",0.6,18,4,1.871
"6/29/2012",0,17.2,3.8,1.878
"6/30/2012",0,18.6,4.1,1.702
"7/1/2012",2.5,20.7,4.5,1.641
"7/2/2012",27.6,23,4.9,1.475
"7/3/2012",16,18.3,4,4.092
"7/4/2012",1.1,16.5,3.7,3.637
"7/5/2012",0,17.2,3.8,2.64
"7/6/2012",4.1,20.4,4.4,2.103
"7/7/2012",5.2,18,4,1.854
"7/8/2012",1.6,12.8,3.1,1.892
"7/9/2012",7.4,13.7,3.2,2.026
"7/10/2012",5.2,14.3,3.3,2.602
"7/11/2012",13.4,9.7,2.5,3.084
"7/12/2012",1.4,10.6,2.7,4.299
"7/13/2012",8.6,13.3,3.1,3.632
"7/14/2012",12.6,12.8,3,6.054
"7/15/2012",3.7,11.1,2.7,7.918
"7/16/2012",0.5,10.9,2.7,5.372
"7/17/2012",0,13.4,3.1,5.73
"7/18/2012",0,15.7,3.5,4.67
"7/19/2012",0,16,3.5,3.179
"7/20/2012",0,16.5,3.6,4.151
"7/21/2012",0,17.8,3.8,3.352
"7/22/2012",0,20.3,4.2,2.983
"7/23/2012",9.6,21.3,4.3,2.716
"7/24/2012",1.1,17.8,3.7,2.649
"7/25/2012",9.2,16.4,3.5,3.367
"7/26/2012",0.2,17.3,3.6,3.159
"7/27/2012",2.6,17.6,3.7,3.256
"7/28/2012",1.5,15.9,3.4,2.198
"7/29/2012",0.3,15.6,3.3,3.136
"7/30/2012",0,16.7,3.5,2.657
"7/31/2012",0,18.8,3.8,2.336
"8/1/2012",8.5,23.4,4.5,2.429
"8/2/2012",1.5,17.1,3.5,2.676
"8/3/2012",3.4,15.4,3.2,2.423
"8/4/2012",0.6,14,3,2.355
"8/5/2012",8.2,13.8,2.9,1.896
"8/6/2012",0.1,16.1,3.3,2.751
"8/7/2012",0.1,16.8,3.4,2.078
"8/8/2012",0,17.9,3.6,1.733
"8/9/2012",0,19.7,3.8,1.602
"8/10/2012",0,21.4,4,1.494
"8/11/2012",0,22.3,4.1,1.249
"8/12/2012",8,19.7,3.7,1.263
"8/13/2012",0,20.4,3.8,2.52
"8/14/2012",0,21.4,3.9,1.655
"8/15/2012",0,20.8,3.8,1.361
"8/16/2012",0,21.1,3.8,1.364
"8/17/2012",5.3,19,3.5,1.141
"8/18/2012",0.8,19.9,3.6,1.316
"8/19/2012",0.9,23.3,4.1,1.324
"8/20/2012",9.2,22.6,3.9,1.216
"8/21/2012",18.8,14.8,2.8,1.19
"8/22/2012",0,14.2,2.7,2.836
"8/23/2012",0,19,3.4,1.6
"8/24/2012",0,21.3,3.6,1.278
"8/25/2012",0,22.6,3.8,1.197
"8/26/2012",7.5,18.8,3.3,1.024
"8/27/2012",0.6,15.5,2.8,1.067
"8/28/2012",0,14.7,2.7,1.151
"8/29/2012",0,16,2.8,1.06
"8/30/2012",30.9,15.4,2.7,0.874
"8/31/2012",0.4,14.4,2.5,4.21
"9/1/2012",0.3,15.4,2.6,1.794
"9/2/2012",8.7,14.1,2.5,1.535
"9/3/2012",5.3,12.4,2.2,2.151
"9/4/2012",0.1,11.1,2.1,2.324
"9/5/2012",0.1,11.5,2.1,1.742
"9/6/2012",2.9,13.9,2.4,1.469
"9/7/2012",1.1,15.1,2.5,1.373
"9/8/2012",0,14.7,2.4,2.01
"9/9/2012",0,16.2,2.6,1.416
"9/10/2012",0,17.7,2.8,1.029
"9/11/2012",0,18.6,2.8,1.011
"9/12/2012",8.6,18,2.7,1.121
"9/13/2012",0,17.4,2.6,1.192
"9/14/2012",0.1,17.4,2.6,1.209
"9/15/2012",0,19.7,2.8,0.724
"9/16/2012",0,14.3,2.2,0.693
"9/17/2012",0,12.1,2,0.715
"9/18/2012",0,12.9,2,0.87
"9/19/2012",11.2,13.2,2,0.993
"9/20/2012",0.2,10,1.6,1.274
"9/21/2012",0,12.3,1.9,1.284
"9/22/2012",0,14.7,2.1,1.032
"9/23/2012",0,14.5,2.1,0.897
"9/24/2012",0.1,16.6,2.2,NA
"9/25/2012",1,16,2.2,NA
"9/26/2012",9.2,17.7,2.4,NA
"9/27/2012",0.2,15.7,2.1,NA
"9/28/2012",28.4,16.9,2.2,NA
"9/29/2012",25.3,11.2,1.6,NA
"9/30/2012",0.6,10.5,1.5,NA
"10/1/2012",5.8,10.5,1.5,NA
"10/2/2012",4.3,8.9,1.3,NA
"10/3/2012",0,8.6,1.3,NA
"10/4/2012",0.3,9.9,1.4,NA
"10/5/2012",2.4,10,1.4,NA
"10/6/2012",0.1,7.2,1.1,NA
"10/7/2012",0,5.8,1,NA
"10/8/2012",8.9,8.4,1.2,NA
"10/9/2012",5.5,9.7,1.3,NA
"10/10/2012",12.7,8.9,1.2,NA
"10/11/2012",3.4,9.9,1.3,NA
"10/12/2012",4.1,8.5,1.1,NA
"10/13/2012",23,7.6,1.1,NA
"10/14/2012",2.1,8.5,1.1,NA
"10/15/2012",3.4,9.4,1.2,NA
"10/16/2012",5.1,9.9,1.2,NA
"10/17/2012",0.1,8.8,1.1,NA
"10/18/2012",1.2,9.1,1.1,NA
"10/19/2012",4,10.7,1.2,NA
"10/20/2012",0,13.3,1.4,NA
"10/21/2012",0,14.3,1.4,NA
"10/22/2012",0,11.9,1.2,NA
"10/23/2012",0.5,13.8,1.4,NA
"10/24/2012",0.1,12.9,1.3,NA
"10/25/2012",2,12.9,1.3,NA
"10/26/2012",5.7,11.4,1.1,NA
"10/27/2012",0.1,8.7,0.9,NA
"10/28/2012",2.6,11,1.1,NA
"10/29/2012",0.1,9.6,1,NA
"10/30/2012",10.3,11.4,1.1,NA
"10/31/2012",0.3,8.6,0.9,NA
"11/1/2012",0.1,8.5,0.9,NA
"11/2/2012",9.7,9.7,0.9,NA
"11/3/2012",1,7,0.7,NA
"11/4/2012",5.6,5.3,0.6,NA
"11/5/2012",11.6,6.8,0.7,NA
"11/6/2012",0.2,9.4,0.8,NA
"11/7/2012",0.2,7,0.7,NA
"11/8/2012",1.6,5.7,0.6,NA
"11/9/2012",0.9,5.4,0.6,NA
"11/10/2012",0.8,4,0.5,NA
"11/11/2012",0,5.2,0.6,NA
"11/12/2012",11.9,11.5,0.9,NA
"11/13/2012",19,8.4,0.7,NA
"11/14/2012",0.1,5.2,0.6,NA
"11/15/2012",0,4,0.5,NA
"11/16/2012",0.2,4,0.5,NA
"11/17/2012",0.6,3.5,0.5,NA
"11/18/2012",0.7,3.7,0.4,NA
"11/19/2012",6.2,6.5,0.6,NA
"11/20/2012",4.6,4.5,0.5,NA
"11/21/2012",1.5,5.5,0.5,NA
"11/22/2012",4.4,9.7,0.7,NA
"11/23/2012",17.8,8.5,0.7,NA
"11/24/2012",0,4.5,0.4,NA
"11/25/2012",15.2,6.7,0.6,NA
"11/26/2012",4.8,5.8,0.5,NA
"11/27/2012",4,7,0.6,NA
"11/28/2012",0,10,0.7,NA
"11/29/2012",0.1,11.1,0.7,NA
"11/30/2012",0,10.7,0.7,NA
"12/1/2012",0.7,11.8,0.8,9.654
"12/2/2012",4.7,9.2,0.6,7.851
"12/3/2012",0,5.5,0.4,11.066
"12/4/2012",0.9,5.2,0.4,7.156
"12/5/2012",0.6,8.4,0.6,6.652
"12/6/2012",0.2,9.7,0.6,6.625
"12/7/2012",7.8,12.8,0.8,5.638
"12/8/2012",0.7,9.7,0.6,5.856
"12/9/2012",1.4,5.9,0.4,4.591
"12/10/2012",0.7,7.8,0.5,4.239
"12/11/2012",0,7,0.5,5.01
"12/12/2012",0,10.2,0.6,4.45
"12/13/2012",1,10,0.6,4.197
"12/14/2012",4.7,7.6,0.5,3.628
"12/15/2012",1.6,3.8,0.4,5.114
"12/16/2012",1.6,3.2,0.3,3.737
"12/17/2012",1.4,3.6,0.4,2.926
"12/18/2012",0,6,0.5,3.873
"12/19/2012",0,7,0.5,3.218
"12/20/2012",0,5,0.4,3.482
"12/21/2012",0,4.2,0.4,2.955
"12/22/2012",0,2.9,0.3,3.566
"12/23/2012",0,4.8,0.4,2.884
"12/24/2012",0.5,6.7,0.5,2.415
"12/25/2012",1.9,5.5,0.4,2.393
"12/26/2012",0.6,4.6,0.4,2.538
"12/27/2012",5.1,6.3,0.5,2.442
"12/28/2012",0,1.6,0.3,2.983
"12/29/2012",0.6,0.4,0.2,2.943
"12/30/2012",0.2,-0.8,0.2,2.34
"12/31/2012",0.2,-1.5,0.1,2.27
